title,artist,low,high,source_url
Bring Me My Bride,A Funny Thing Happened on the Way to the Forum,G#2,F#4,https://singingcarrots.com/artist-range?artist=A%20Funny%20Thing%20Happened%20on%20the%20Way%20to%20the%20Forum
Bring Me My Bride [Excerpt],A Funny Thing Happened on the Way to the Forum,C#3,F#4,https://singingcarrots.com/artist-range?artist=A%20Funny%20Thing%20Happened%20on%20the%20Way%20to%20the%20Forum
Everybody Ought To Have a Maid (Encore No.1),A Funny Thing Happened on the Way to the Forum,C#3,E4,https://singingcarrots.com/artist-range?artist=A%20Funny%20Thing%20Happened%20on%20the%20Way%20to%20the%20Forum
Everybody Ought To Have a Maid (Encore No.2),A Funny Thing Happened on the Way to the Forum,C#3,E4,https://singingcarrots.com/artist-range?artist=A%20Funny%20Thing%20Happened%20on%20the%20Way%20to%20the%20Forum
Farewell,A Funny Thing Happened on the Way to the Forum,B2,D4,https://singingcarrots.com/artist-range?artist=A%20Funny%20Thing%20Happened%20on%20the%20Way%20to%20the%20Forum
Finale Ultimo (from A Funny Thing Happened On the Way to the Forum),A Funny Thing Happened on the Way to the Forum,A2,A#4,https://singingcarrots.com/artist-range?artist=A%20Funny%20Thing%20Happened%20on%20the%20Way%20to%20the%20Forum
I'm Calm,A Funny Thing Happened on the Way to the Forum,D3,F#4,https://singingcarrots.com/artist-range?artist=A%20Funny%20Thing%20Happened%20on%20the%20Way%20to%20the%20Forum
Love Is in the Air,A Funny Thing Happened on the Way to the Forum,B2,D4,https://singingcarrots.com/artist-range?artist=A%20Funny%20Thing%20Happened%20on%20the%20Way%20to%20the%20Forum
"Love, I Hear [Excerpt]",A Funny Thing Happened on the Way to the Forum,C#3,E4,https://singingcarrots.com/artist-range?artist=A%20Funny%20Thing%20Happened%20on%20the%20Way%20to%20the%20Forum
Lovely - Reprise,A Funny Thing Happened on the Way to the Forum,D3,G4,https://singingcarrots.com/artist-range?artist=A%20Funny%20Thing%20Happened%20on%20the%20Way%20to%20the%20Forum
Lovely [Excerpt],A Funny Thing Happened on the Way to the Forum,D3,F4,https://singingcarrots.com/artist-range?artist=A%20Funny%20Thing%20Happened%20on%20the%20Way%20to%20the%20Forum
That Dirty Old Man,A Funny Thing Happened on the Way to the Forum,C3,F#4,https://singingcarrots.com/artist-range?artist=A%20Funny%20Thing%20Happened%20on%20the%20Way%20to%20the%20Forum
That'll Show Him,A Funny Thing Happened on the Way to the Forum,C3,G4,https://singingcarrots.com/artist-range?artist=A%20Funny%20Thing%20Happened%20on%20the%20Way%20to%20the%20Forum
That'll Show Him [Excerpt],A Funny Thing Happened on the Way to the Forum,C3,G4,https://singingcarrots.com/artist-range?artist=A%20Funny%20Thing%20Happened%20on%20the%20Way%20to%20the%20Forum
Already Home,A Great Big World,D3,A4,https://singingcarrots.com/artist-range?artist=A%20Great%20Big%20World
Cheer Up!,A Great Big World,D#2,G#4,https://singingcarrots.com/artist-range?artist=A%20Great%20Big%20World
Everyone Is Gay,A Great Big World,E3,B4,https://singingcarrots.com/artist-range?artist=A%20Great%20Big%20World
Hold Each Other,A Great Big World,F3,A#4,https://singingcarrots.com/artist-range?artist=A%20Great%20Big%20World
I Don't Wanna Love Somebody Else,A Great Big World,C3,A#4,https://singingcarrots.com/artist-range?artist=A%20Great%20Big%20World
I Really Want It,A Great Big World,E3,G4,https://singingcarrots.com/artist-range?artist=A%20Great%20Big%20World
Land of Opportunity,A Great Big World,A#2,A#4,https://singingcarrots.com/artist-range?artist=A%20Great%20Big%20World
Rockstar,A Great Big World,F3,A#4,https://singingcarrots.com/artist-range?artist=A%20Great%20Big%20World
This Is the New Year,A Great Big World,B2,F#4,https://singingcarrots.com/artist-range?artist=A%20Great%20Big%20World
You'll Be Okay,A Great Big World,C3,A4,https://singingcarrots.com/artist-range?artist=A%20Great%20Big%20World
Cold Shoulder,Adele,E3,B4,https://singingcarrots.com/artist-range?artist=Adele
Hiding My Heart,Adele,F3,A4,https://singingcarrots.com/artist-range?artist=Adele
Love Is a Game,Adele,C#3,A#4,https://singingcarrots.com/artist-range?artist=Adele
Woman Like Me,Adele,D3,E4,https://singingcarrots.com/artist-range?artist=Adele
A Woman's Love,Alan Jackson,E2,G#3,https://singingcarrots.com/artist-range?artist=Alan%20Jackson
Country Boy,Alan Jackson,E2,B3,https://singingcarrots.com/artist-range?artist=Alan%20Jackson
Designated Drinker,Alan Jackson,A2,E4,https://singingcarrots.com/artist-range?artist=Alan%20Jackson
Drive (For Daddy Gene),Alan Jackson,D#2,D4,https://singingcarrots.com/artist-range?artist=Alan%20Jackson
Good Time,Alan Jackson,D3,E4,https://singingcarrots.com/artist-range?artist=Alan%20Jackson
How Great Thou Art,Alan Jackson,A2,C4,https://singingcarrots.com/artist-range?artist=Alan%20Jackson
I Don't Even Know Your Name,Alan Jackson,G2,B3,https://singingcarrots.com/artist-range?artist=Alan%20Jackson
I Only Want You for Christmas,Alan Jackson,C3,D4,https://singingcarrots.com/artist-range?artist=Alan%20Jackson
I Slipped and Fell In Love,Alan Jackson,F2,D4,https://singingcarrots.com/artist-range?artist=Alan%20Jackson
I Want to Stroll Over Heaven With You,Alan Jackson,A2,C4,https://singingcarrots.com/artist-range?artist=Alan%20Jackson
I'll Fly Away,Alan Jackson,C3,D4,https://singingcarrots.com/artist-range?artist=Alan%20Jackson
I'll Try,Alan Jackson,G2,G4,https://singingcarrots.com/artist-range?artist=Alan%20Jackson
It's Five O'Clock Somewhere,Alan Jackson,E2,D4,https://singingcarrots.com/artist-range?artist=Alan%20Jackson
Just As I Am,Alan Jackson,C3,C#4,https://singingcarrots.com/artist-range?artist=Alan%20Jackson
Let It Be Christmas,Alan Jackson,B2,D4,https://singingcarrots.com/artist-range?artist=Alan%20Jackson
Meat & Potato Man,Alan Jackson,G2,D#4,https://singingcarrots.com/artist-range?artist=Alan%20Jackson
Mercury Blues,Alan Jackson,D3,F4,https://singingcarrots.com/artist-range?artist=Alan%20Jackson
Midnight in Montgomery,Alan Jackson,G2,F4,https://singingcarrots.com/artist-range?artist=Alan%20Jackson
Monday Morning Church,Alan Jackson,A2,A3,https://singingcarrots.com/artist-range?artist=Alan%20Jackson
Never Loved Before,Alan Jackson,A#2,D#4,https://singingcarrots.com/artist-range?artist=Alan%20Jackson
Once In a Lifetime Love,Alan Jackson,E2,A3,https://singingcarrots.com/artist-range?artist=Alan%20Jackson
Pop a Top,Alan Jackson,G2,E4,https://singingcarrots.com/artist-range?artist=Alan%20Jackson
Precious Memories,Alan Jackson,C3,C4,https://singingcarrots.com/artist-range?artist=Alan%20Jackson
Rainy Day In June,Alan Jackson,A2,B3,https://singingcarrots.com/artist-range?artist=Alan%20Jackson
She Just Started Liking Cheatin' Songs,Alan Jackson,G2,B3,https://singingcarrots.com/artist-range?artist=Alan%20Jackson
Sissy's Song,Alan Jackson,A2,A#3,https://singingcarrots.com/artist-range?artist=Alan%20Jackson
Small Town Southern Man,Alan Jackson,G2,C4,https://singingcarrots.com/artist-range?artist=Alan%20Jackson
Sweet Hour of Prayer,Alan Jackson,E2,A3,https://singingcarrots.com/artist-range?artist=Alan%20Jackson
There Is Power In the Blood,Alan Jackson,G2,C4,https://singingcarrots.com/artist-range?artist=Alan%20Jackson
When Somebody Loves You,Alan Jackson,E2,B4,https://singingcarrots.com/artist-range?artist=Alan%20Jackson
Who's Cheatin' Who,Alan Jackson,G2,B4,https://singingcarrots.com/artist-range?artist=Alan%20Jackson
Work In Progress,Alan Jackson,E2,E4,https://singingcarrots.com/artist-range?artist=Alan%20Jackson
You Don't Have To Paint Me a Picture,Alan Jackson,A2,A3,https://singingcarrots.com/artist-range?artist=Alan%20Jackson
Wake Up,All Sons & Daughters,E3,A4,https://singingcarrots.com/artist-range?artist=All%20Sons%20%26%20Daughters
All Because of Jesus,Andraé Crouch,A2,F4,https://singingcarrots.com/artist-range?artist=Andra%C3%A9%20Crouch
Always Remember,Andraé Crouch,G2,C4,https://singingcarrots.com/artist-range?artist=Andra%C3%A9%20Crouch
Bless His Holy Name,Andraé Crouch,F2,C#4,https://singingcarrots.com/artist-range?artist=Andra%C3%A9%20Crouch
Come Closer To Me,Andraé Crouch,G2,F#4,https://singingcarrots.com/artist-range?artist=Andra%C3%A9%20Crouch
Finally,Andraé Crouch,C3,F#4,https://singingcarrots.com/artist-range?artist=Andra%C3%A9%20Crouch
Give It All Back To Me,Andraé Crouch,A#2,G4,https://singingcarrots.com/artist-range?artist=Andra%C3%A9%20Crouch
God Still Loves Me,Andraé Crouch,B2,G4,https://singingcarrots.com/artist-range?artist=Andra%C3%A9%20Crouch
Got Me Some Angels,Andraé Crouch,A2,F4,https://singingcarrots.com/artist-range?artist=Andra%C3%A9%20Crouch
Holy,Andraé Crouch,G#2,E4,https://singingcarrots.com/artist-range?artist=Andra%C3%A9%20Crouch
It's Just a Matter of Time,Andraé Crouch,F#2,E4,https://singingcarrots.com/artist-range?artist=Andra%C3%A9%20Crouch
Jesus Is Lord,Andraé Crouch,E3,G4,https://singingcarrots.com/artist-range?artist=Andra%C3%A9%20Crouch
Let the Church Say Amen,Andraé Crouch,G#2,G#4,https://singingcarrots.com/artist-range?artist=Andra%C3%A9%20Crouch
Let's Worship Him,Andraé Crouch,E2,D4,https://singingcarrots.com/artist-range?artist=Andra%C3%A9%20Crouch
Livin' This Kind of Life,Andraé Crouch,F2,F4,https://singingcarrots.com/artist-range?artist=Andra%C3%A9%20Crouch
Mercy,Andraé Crouch,G2,G4,https://singingcarrots.com/artist-range?artist=Andra%C3%A9%20Crouch
Mighty Wind,Andraé Crouch,G2,D4,https://singingcarrots.com/artist-range?artist=Andra%C3%A9%20Crouch
My Tribute,Andraé Crouch,C3,G#4,https://singingcarrots.com/artist-range?artist=Andra%C3%A9%20Crouch
Nobody Else Like You,Andraé Crouch,A#2,F4,https://singingcarrots.com/artist-range?artist=Andra%C3%A9%20Crouch
"Oh, It Is Jesus",Andraé Crouch,F2,D#4,https://singingcarrots.com/artist-range?artist=Andra%C3%A9%20Crouch
Perfect Peace,Andraé Crouch,D3,G4,https://singingcarrots.com/artist-range?artist=Andra%C3%A9%20Crouch
Quiet Times,Andraé Crouch,A#2,F4,https://singingcarrots.com/artist-range?artist=Andra%C3%A9%20Crouch
That's Why I Needed You,Andraé Crouch,D#3,F4,https://singingcarrots.com/artist-range?artist=Andra%C3%A9%20Crouch
The Blood Will Never Lose Its Power,Andraé Crouch,D3,C#4,https://singingcarrots.com/artist-range?artist=Andra%C3%A9%20Crouch
The Lord Is My Light,Andraé Crouch,A2,F#4,https://singingcarrots.com/artist-range?artist=Andra%C3%A9%20Crouch
This Is Another Day,Andraé Crouch,G2,A4,https://singingcarrots.com/artist-range?artist=Andra%C3%A9%20Crouch
To Be Used of God,Andraé Crouch,C#3,D4,https://singingcarrots.com/artist-range?artist=Andra%C3%A9%20Crouch
Until Jesus Comes,Andraé Crouch,A2,A4,https://singingcarrots.com/artist-range?artist=Andra%C3%A9%20Crouch
We Give You Glory,Andraé Crouch,A2,D#4,https://singingcarrots.com/artist-range?artist=Andra%C3%A9%20Crouch
"Yes, Lord",Andraé Crouch,A2,D4,https://singingcarrots.com/artist-range?artist=Andra%C3%A9%20Crouch
You Can Depend on Me,Andraé Crouch,A2,B3,https://singingcarrots.com/artist-range?artist=Andra%C3%A9%20Crouch
Alice's Restaurant,Arlo Guthrie,D3,E4,https://singingcarrots.com/artist-range?artist=Arlo%20Guthrie
Alice's Restaurant,Arlo Guthrie,D3,E4,https://singingcarrots.com/artist-range?artist=Arlo%20Guthrie
Addicted to You,Avicii,G#2,F#4,https://singingcarrots.com/artist-range?artist=Avicii
Broken Arrows,Avicii,D3,G4,https://singingcarrots.com/artist-range?artist=Avicii
I Could Be the One,Avicii,A2,C#4,https://singingcarrots.com/artist-range?artist=Avicii
Levels,Avicii,E2,C#4,https://singingcarrots.com/artist-range?artist=Avicii
Pure Grinding,Avicii,B2,B4,https://singingcarrots.com/artist-range?artist=Avicii
Waiting for Love,Avicii,D3,G4,https://singingcarrots.com/artist-range?artist=Avicii
You Make Me,Avicii,E3,E4,https://singingcarrots.com/artist-range?artist=Avicii
Down Home,Ben E. King,B2,E4,https://singingcarrots.com/artist-range?artist=Ben%20E.%20King
I (Who Have Nothing),Ben E. King,D#3,D#4,https://singingcarrots.com/artist-range?artist=Ben%20E.%20King
So Much Love,Ben E. King,F2,A#3,https://singingcarrots.com/artist-range?artist=Ben%20E.%20King
Because He Lives,Bill Gaither,C#3,E4,https://singingcarrots.com/artist-range?artist=Bill%20Gaither
"Come On, Ring Those Bells",Bill Gaither,A2,A3,https://singingcarrots.com/artist-range?artist=Bill%20Gaither
Gone,Bill Gaither,C3,D4,https://singingcarrots.com/artist-range?artist=Bill%20Gaither
It Will Be Worth It All,Bill Gaither,D3,D4,https://singingcarrots.com/artist-range?artist=Bill%20Gaither
Master of the Wind,Bill Gaither,B2,C4,https://singingcarrots.com/artist-range?artist=Bill%20Gaither
"Sweet, Sweet Spirit",Bill Gaither,B2,E4,https://singingcarrots.com/artist-range?artist=Bill%20Gaither
The Eastern Gate,Bill Gaither,B2,D4,https://singingcarrots.com/artist-range?artist=Bill%20Gaither
The Sweetest Words He Ever Said,Bill Gaither,D3,D4,https://singingcarrots.com/artist-range?artist=Bill%20Gaither
"We Have This Moment, Today",Bill Gaither,G2,C#4,https://singingcarrots.com/artist-range?artist=Bill%20Gaither
What a Savior,Bill Gaither,C#3,F#4,https://singingcarrots.com/artist-range?artist=Bill%20Gaither
Your First Day In Heaven,Bill Gaither,G2,D4,https://singingcarrots.com/artist-range?artist=Bill%20Gaither
Just the Two of Us,Bill Withers,C#3,F4,https://singingcarrots.com/artist-range?artist=Bill%20Withers
Ain't No Sunshine,Bill Withers & Grover Washington Jr.,E3,G4,https://singingcarrots.com/artist-range?artist=Bill%20Withers
Grandma's Hands,Bill Withers & Grover Washington Jr.,B2,D4,https://singingcarrots.com/artist-range?artist=Bill%20Withers
Lean on Me,Bill Withers & Grover Washington Jr.,B2,E4,https://singingcarrots.com/artist-range?artist=Bill%20Withers
Lovely Day,Bill Withers & Grover Washington Jr.,B2,E4,https://singingcarrots.com/artist-range?artist=Bill%20Withers
Use Me,Bill Withers & Grover Washington Jr.,C#3,G4,https://singingcarrots.com/artist-range?artist=Bill%20Withers
(The) Ballad of Billy the Kid,Billy Joel,D3,F4,https://singingcarrots.com/artist-range?artist=Billy%20Joel
(The) Great Suburban Showdown,Billy Joel,E3,F#4,https://singingcarrots.com/artist-range?artist=Billy%20Joel
52nd Street,Billy Joel,D3,D4,https://singingcarrots.com/artist-range?artist=Billy%20Joel
A Matter of Trust,Billy Joel,A2,G4,https://singingcarrots.com/artist-range?artist=Billy%20Joel
All About Soul,Billy Joel,F3,A#4,https://singingcarrots.com/artist-range?artist=Billy%20Joel
All You Wanna Do Is Dance,Billy Joel,D3,G4,https://singingcarrots.com/artist-range?artist=Billy%20Joel
Allentown,Billy Joel,D3,G4,https://singingcarrots.com/artist-range?artist=Billy%20Joel
And So It Goes,Billy Joel,C3,C4,https://singingcarrots.com/artist-range?artist=Billy%20Joel
Baby Grand,Billy Joel,C3,G4,https://singingcarrots.com/artist-range?artist=Billy%20Joel
Big Shot,Billy Joel,D3,G4,https://singingcarrots.com/artist-range?artist=Billy%20Joel
Blonde Over Blue,Billy Joel,F3,G4,https://singingcarrots.com/artist-range?artist=Billy%20Joel
C'etait Toi (You Were the One),Billy Joel,D3,A4,https://singingcarrots.com/artist-range?artist=Billy%20Joel
Captain Jack,Billy Joel,C3,G4,https://singingcarrots.com/artist-range?artist=Billy%20Joel
Careless Talk,Billy Joel,E3,A4,https://singingcarrots.com/artist-range?artist=Billy%20Joel
Close to the Borderline,Billy Joel,D3,B4,https://singingcarrots.com/artist-range?artist=Billy%20Joel
Cross To Bear,Billy Joel,D3,G4,https://singingcarrots.com/artist-range?artist=Billy%20Joel
Don't Ask Me Why,Billy Joel,A2,F4,https://singingcarrots.com/artist-range?artist=Billy%20Joel
Elvis Presley Boulevard,Billy Joel,D3,A4,https://singingcarrots.com/artist-range?artist=Billy%20Joel
Everybody Has a Dream,Billy Joel,B2,F#4,https://singingcarrots.com/artist-range?artist=Billy%20Joel
Famous Last Words,Billy Joel,C3,G4,https://singingcarrots.com/artist-range?artist=Billy%20Joel
Get It Right the First Time,Billy Joel,D3,A4,https://singingcarrots.com/artist-range?artist=Billy%20Joel
House of Blue Light,Billy Joel,F3,A#4,https://singingcarrots.com/artist-range?artist=Billy%20Joel
I Don't Want to Be Alone,Billy Joel,C3,G4,https://singingcarrots.com/artist-range?artist=Billy%20Joel
I Go To Extremes,Billy Joel,E3,A4,https://singingcarrots.com/artist-range?artist=Billy%20Joel
I've Loved These Days,Billy Joel,C3,F4,https://singingcarrots.com/artist-range?artist=Billy%20Joel
If I Only Had the Words,Billy Joel,D3,A#4,https://singingcarrots.com/artist-range?artist=Billy%20Joel
It's Still Rock and Roll to Me,Billy Joel,C3,E4,https://singingcarrots.com/artist-range?artist=Billy%20Joel
James,Billy Joel,D3,F4,https://singingcarrots.com/artist-range?artist=Billy%20Joel
Keeping the Faith,Billy Joel,D3,G4,https://singingcarrots.com/artist-range?artist=Billy%20Joel
Leningrad,Billy Joel,A2,D4,https://singingcarrots.com/artist-range?artist=Billy%20Joel
Los Angelenos,Billy Joel,F3,A4,https://singingcarrots.com/artist-range?artist=Billy%20Joel
"Lullabye (Goodnight, My Angel)",Billy Joel,D3,D4,https://singingcarrots.com/artist-range?artist=Billy%20Joel
Miami 2017,Billy Joel,D3,F#4,https://singingcarrots.com/artist-range?artist=Billy%20Joel
Movin' Out,Billy Joel,D3,A4,https://singingcarrots.com/artist-range?artist=Billy%20Joel
No Man's Land,Billy Joel,C#3,B4,https://singingcarrots.com/artist-range?artist=Billy%20Joel
Prelude / Angry Young Man,Billy Joel,F3,G4,https://singingcarrots.com/artist-range?artist=Billy%20Joel
Pressure,Billy Joel,F3,F4,https://singingcarrots.com/artist-range?artist=Billy%20Joel
Roberta,Billy Joel,F3,G4,https://singingcarrots.com/artist-range?artist=Billy%20Joel
Rosalinda's Eyes,Billy Joel,D3,E4,https://singingcarrots.com/artist-range?artist=Billy%20Joel
Say Goodbye to Hollywood,Billy Joel,G2,G3,https://singingcarrots.com/artist-range?artist=Billy%20Joel
Scenes from an Italian Restaurant,Billy Joel,A2,B4,https://singingcarrots.com/artist-range?artist=Billy%20Joel
Shades of Grey,Billy Joel,D3,A4,https://singingcarrots.com/artist-range?artist=Billy%20Joel
Shameless,Billy Joel,C3,A4,https://singingcarrots.com/artist-range?artist=Billy%20Joel
She's Got a Way,Billy Joel,D3,G4,https://singingcarrots.com/artist-range?artist=Billy%20Joel
Sleeping With the Television On,Billy Joel,D3,F#4,https://singingcarrots.com/artist-range?artist=Billy%20Joel
Sometimes a Fantasy,Billy Joel,D3,B4,https://singingcarrots.com/artist-range?artist=Billy%20Joel
Somewhere Along the Line,Billy Joel,D3,A#4,https://singingcarrots.com/artist-range?artist=Billy%20Joel
Souvenir,Billy Joel,D3,D#4,https://singingcarrots.com/artist-range?artist=Billy%20Joel
State of Grace,Billy Joel,E3,A4,https://singingcarrots.com/artist-range?artist=Billy%20Joel
Stiletto,Billy Joel,D#3,G#4,https://singingcarrots.com/artist-range?artist=Billy%20Joel
Stop In Nevada,Billy Joel,D3,D4,https://singingcarrots.com/artist-range?artist=Billy%20Joel
Streetlife Serenader,Billy Joel,C3,A4,https://singingcarrots.com/artist-range?artist=Billy%20Joel
"Summer, Highland Falls",Billy Joel,F3,G4,https://singingcarrots.com/artist-range?artist=Billy%20Joel
"The Downeaster ""Alexa""",Billy Joel,F3,A#4,https://singingcarrots.com/artist-range?artist=Billy%20Joel
The Entertainer,Billy Joel,D3,F#4,https://singingcarrots.com/artist-range?artist=Billy%20Joel
The Great Wall of China,Billy Joel,F3,A#4,https://singingcarrots.com/artist-range?artist=Billy%20Joel
Through the Long Night,Billy Joel,D3,E4,https://singingcarrots.com/artist-range?artist=Billy%20Joel
Travelin' Prayer,Billy Joel,D3,D4,https://singingcarrots.com/artist-range?artist=Billy%20Joel
Two Thousand Years,Billy Joel,F3,A4,https://singingcarrots.com/artist-range?artist=Billy%20Joel
Until the Night,Billy Joel,C3,G4,https://singingcarrots.com/artist-range?artist=Billy%20Joel
Weekend Song,Billy Joel,F3,A4,https://singingcarrots.com/artist-range?artist=Billy%20Joel
When In Rome,Billy Joel,D3,A#4,https://singingcarrots.com/artist-range?artist=Billy%20Joel
You May Be Right,Billy Joel,C3,E4,https://singingcarrots.com/artist-range?artist=Billy%20Joel
You're My Home,Billy Joel,C3,D4,https://singingcarrots.com/artist-range?artist=Billy%20Joel
You're Only Human,Billy Joel,D3,A#4,https://singingcarrots.com/artist-range?artist=Billy%20Joel
Zanzibar,Billy Joel,D3,A4,https://singingcarrots.com/artist-range?artist=Billy%20Joel
Some Gave All,Billy Ray Cyrus,B2,A4,https://singingcarrots.com/artist-range?artist=Billy%20Ray%20Cyrus
You Won't Be Lonely Now,Billy Ray Cyrus,A2,A4,https://singingcarrots.com/artist-range?artist=Billy%20Ray%20Cyrus
'Cross the Green Mountain,Bob Dylan,G#2,G#3,https://singingcarrots.com/artist-range?artist=Bob%20Dylan
'Til I Fell In Love With You,Bob Dylan,A#2,C#4,https://singingcarrots.com/artist-range?artist=Bob%20Dylan
A Hard Rain's A-Gonna Fall,Bob Dylan,E3,E4,https://singingcarrots.com/artist-range?artist=Bob%20Dylan
All I Really Want To Do,Bob Dylan,A2,A4,https://singingcarrots.com/artist-range?artist=Bob%20Dylan
Autumn Leaves,Bob Dylan,A2,C4,https://singingcarrots.com/artist-range?artist=Bob%20Dylan
Baby Let Me Follow You Down,Bob Dylan,A2,E4,https://singingcarrots.com/artist-range?artist=Bob%20Dylan
Ballad of Hollis Brown,Bob Dylan,C#3,C#4,https://singingcarrots.com/artist-range?artist=Bob%20Dylan
Blind Willie McTell,Bob Dylan,E2,B4,https://singingcarrots.com/artist-range?artist=Bob%20Dylan
Born in Time,Bob Dylan,B2,E4,https://singingcarrots.com/artist-range?artist=Bob%20Dylan
Buckets of Rain,Bob Dylan,A2,C#4,https://singingcarrots.com/artist-range?artist=Bob%20Dylan
Christmas Island,Bob Dylan,A2,C#4,https://singingcarrots.com/artist-range?artist=Bob%20Dylan
Dark Eyes,Bob Dylan,D3,E4,https://singingcarrots.com/artist-range?artist=Bob%20Dylan
Dignity,Bob Dylan,D#3,D#4,https://singingcarrots.com/artist-range?artist=Bob%20Dylan
Do You Hear What I Hear?,Bob Dylan,A#2,B3,https://singingcarrots.com/artist-range?artist=Bob%20Dylan
"Don't Think Twice, It's Alright",Bob Dylan,G#2,B3,https://singingcarrots.com/artist-range?artist=Bob%20Dylan
Duquesne Whistle,Bob Dylan,D3,C4,https://singingcarrots.com/artist-range?artist=Bob%20Dylan
Every Grain of Sand,Bob Dylan,D3,C4,https://singingcarrots.com/artist-range?artist=Bob%20Dylan
Everything Is Broken,Bob Dylan,B2,E4,https://singingcarrots.com/artist-range?artist=Bob%20Dylan
Fourth Time Around,Bob Dylan,B2,E4,https://singingcarrots.com/artist-range?artist=Bob%20Dylan
Gotta Serve Somebody,Bob Dylan,C3,E4,https://singingcarrots.com/artist-range?artist=Bob%20Dylan
Have Yourself a Merry Little Christmas,Bob Dylan,G2,C4,https://singingcarrots.com/artist-range?artist=Bob%20Dylan
Here Comes Santa Claus,Bob Dylan,G2,C4,https://singingcarrots.com/artist-range?artist=Bob%20Dylan
I Believe In You,Bob Dylan,C#3,E4,https://singingcarrots.com/artist-range?artist=Bob%20Dylan
I Contain Multitudes,Bob Dylan,E2,E3,https://singingcarrots.com/artist-range?artist=Bob%20Dylan
I Don't Believe You,Bob Dylan,B2,E4,https://singingcarrots.com/artist-range?artist=Bob%20Dylan
I Shall Be Released,Bob Dylan,A2,F#4,https://singingcarrots.com/artist-range?artist=Bob%20Dylan
I Threw It All Away,Bob Dylan,G2,E4,https://singingcarrots.com/artist-range?artist=Bob%20Dylan
I Want You,Bob Dylan,D3,D4,https://singingcarrots.com/artist-range?artist=Bob%20Dylan
I'll Be Your Baby Tonight,Bob Dylan,C3,G4,https://singingcarrots.com/artist-range?artist=Bob%20Dylan
If Not for You,Bob Dylan,C3,F4,https://singingcarrots.com/artist-range?artist=Bob%20Dylan
"If You Gotta Go, Go Now",Bob Dylan,E3,F4,https://singingcarrots.com/artist-range?artist=Bob%20Dylan
"If You See Her, Say Hello",Bob Dylan,A2,E4,https://singingcarrots.com/artist-range?artist=Bob%20Dylan
It Ain't Me Babe,Bob Dylan,C3,C4,https://singingcarrots.com/artist-range?artist=Bob%20Dylan
"It's All Over Now, Baby Blue",Bob Dylan,B2,F#4,https://singingcarrots.com/artist-range?artist=Bob%20Dylan
Jokerman,Bob Dylan,F3,F4,https://singingcarrots.com/artist-range?artist=Bob%20Dylan
Just Like a Woman,Bob Dylan,C3,G4,https://singingcarrots.com/artist-range?artist=Bob%20Dylan
Just Like a Woman (Live Version),Bob Dylan,A#2,A4,https://singingcarrots.com/artist-range?artist=Bob%20Dylan
Lay Lady Lay,Bob Dylan,F#2,C#4,https://singingcarrots.com/artist-range?artist=Bob%20Dylan
Like a Rolling Stone,Bob Dylan,D3,G4,https://singingcarrots.com/artist-range?artist=Bob%20Dylan
Love Minus Zero / No Limit,Bob Dylan,D#3,C#4,https://singingcarrots.com/artist-range?artist=Bob%20Dylan
Love Sick,Bob Dylan,B2,B3,https://singingcarrots.com/artist-range?artist=Bob%20Dylan
Maggie's Farm,Bob Dylan,D3,B3,https://singingcarrots.com/artist-range?artist=Bob%20Dylan
Make You Feel My Love,Bob Dylan,G2,A#3,https://singingcarrots.com/artist-range?artist=Bob%20Dylan
Man Gave Names To All the Animals,Bob Dylan,B2,E4,https://singingcarrots.com/artist-range?artist=Bob%20Dylan
Man In the Long Black Coat,Bob Dylan,G2,E4,https://singingcarrots.com/artist-range?artist=Bob%20Dylan
Masters of War,Bob Dylan,D#3,F4,https://singingcarrots.com/artist-range?artist=Bob%20Dylan
Melancholy Mood,Bob Dylan,B2,C4,https://singingcarrots.com/artist-range?artist=Bob%20Dylan
Million Miles,Bob Dylan,G#2,B3,https://singingcarrots.com/artist-range?artist=Bob%20Dylan
Most Likely You Go Your Way (and I'll Go Mine),Bob Dylan,E3,E4,https://singingcarrots.com/artist-range?artist=Bob%20Dylan
Mother of Muses,Bob Dylan,E2,B3,https://singingcarrots.com/artist-range?artist=Bob%20Dylan
Mr. Tambourine Man,Bob Dylan,D3,D4,https://singingcarrots.com/artist-range?artist=Bob%20Dylan
My Back Pages,Bob Dylan,D#3,D#4,https://singingcarrots.com/artist-range?artist=Bob%20Dylan
Not Dark Yet,Bob Dylan,A2,C#4,https://singingcarrots.com/artist-range?artist=Bob%20Dylan
One Too Many Mornings,Bob Dylan,A2,G3,https://singingcarrots.com/artist-range?artist=Bob%20Dylan
Polka Dots and Moonbeams,Bob Dylan,A#2,D4,https://singingcarrots.com/artist-range?artist=Bob%20Dylan
Positively 4th Street,Bob Dylan,D3,E4,https://singingcarrots.com/artist-range?artist=Bob%20Dylan
Ring Them Bells,Bob Dylan,G#2,A#3,https://singingcarrots.com/artist-range?artist=Bob%20Dylan
Sad Eyed Lady of the Lowlands,Bob Dylan,A2,D4,https://singingcarrots.com/artist-range?artist=Bob%20Dylan
Sara,Bob Dylan,D3,E4,https://singingcarrots.com/artist-range?artist=Bob%20Dylan
Silver Bells,Bob Dylan,C3,C4,https://singingcarrots.com/artist-range?artist=Bob%20Dylan
Song to Woody,Bob Dylan,A2,D4,https://singingcarrots.com/artist-range?artist=Bob%20Dylan
Standing In the Doorway,Bob Dylan,B2,G#3,https://singingcarrots.com/artist-range?artist=Bob%20Dylan
Stuck Inside of Mobile With the Memphis Blues Again,Bob Dylan,D3,F4,https://singingcarrots.com/artist-range?artist=Bob%20Dylan
Summer Days,Bob Dylan,D#3,C#4,https://singingcarrots.com/artist-range?artist=Bob%20Dylan
Sweetheart Like You,Bob Dylan,C#3,G#4,https://singingcarrots.com/artist-range?artist=Bob%20Dylan
That Old Black Magic,Bob Dylan,C3,C4,https://singingcarrots.com/artist-range?artist=Bob%20Dylan
The Christmas Blues,Bob Dylan,A2,C4,https://singingcarrots.com/artist-range?artist=Bob%20Dylan
The Christmas Song (Chestnuts Roasting on an Open Fire),Bob Dylan,G#2,C#4,https://singingcarrots.com/artist-range?artist=Bob%20Dylan
The Little Drummer Boy,Bob Dylan,G2,A3,https://singingcarrots.com/artist-range?artist=Bob%20Dylan
The Man In Me,Bob Dylan,D#3,F4,https://singingcarrots.com/artist-range?artist=Bob%20Dylan
The Mighty Quinn (Quinn the Eskimo),Bob Dylan,A2,F#4,https://singingcarrots.com/artist-range?artist=Bob%20Dylan
Things Have Changed,Bob Dylan,G2,A#3,https://singingcarrots.com/artist-range?artist=Bob%20Dylan
Time Passes Slowly,Bob Dylan,F2,G4,https://singingcarrots.com/artist-range?artist=Bob%20Dylan
Tryin' To Get To Heaven,Bob Dylan,C3,C4,https://singingcarrots.com/artist-range?artist=Bob%20Dylan
Visions of Johanna,Bob Dylan,A2,E4,https://singingcarrots.com/artist-range?artist=Bob%20Dylan
When He Returns,Bob Dylan,D#3,G#4,https://singingcarrots.com/artist-range?artist=Bob%20Dylan
Winter Wonderland,Bob Dylan,B2,E4,https://singingcarrots.com/artist-range?artist=Bob%20Dylan
You Ain't Goin' Nowhere,Bob Dylan,G2,B3,https://singingcarrots.com/artist-range?artist=Bob%20Dylan
You're a Big Girl Now,Bob Dylan,D3,G4,https://singingcarrots.com/artist-range?artist=Bob%20Dylan
Young at Heart,Bob Dylan,A#2,C#4,https://singingcarrots.com/artist-range?artist=Bob%20Dylan
Africa Unite,Bob Marley,E3,G4,https://singingcarrots.com/artist-range?artist=Bob%20Marley
Concrete Jungle,Bob Marley,D3,A4,https://singingcarrots.com/artist-range?artist=Bob%20Marley
Easy Skanking,Bob Marley,D3,G4,https://singingcarrots.com/artist-range?artist=Bob%20Marley
I Know a Place,Bob Marley,D3,G4,https://singingcarrots.com/artist-range?artist=Bob%20Marley
I'm Hurting Inside,Bob Marley,D3,F#4,https://singingcarrots.com/artist-range?artist=Bob%20Marley
Natural Mystic,Bob Marley,E3,G4,https://singingcarrots.com/artist-range?artist=Bob%20Marley
No Woman No Cry,Bob Marley,A2,A4,https://singingcarrots.com/artist-range?artist=Bob%20Marley
One Love,Bob Marley,D3,A#4,https://singingcarrots.com/artist-range?artist=Bob%20Marley
One Love / People Get Ready,Bob Marley,D3,A4,https://singingcarrots.com/artist-range?artist=Bob%20Marley
Please Don't Rock My Boat,Bob Marley,E3,A4,https://singingcarrots.com/artist-range?artist=Bob%20Marley
Satisfy My Soul,Bob Marley,D3,A4,https://singingcarrots.com/artist-range?artist=Bob%20Marley
Sun Is Shining,Bob Marley,F3,A4,https://singingcarrots.com/artist-range?artist=Bob%20Marley
Waiting In Vain,Bob Marley,F3,G#4,https://singingcarrots.com/artist-range?artist=Bob%20Marley
All of the Roads,Bob Seger,F3,F4,https://singingcarrots.com/artist-range?artist=Bob%20Seger
Detroit Made,Bob Seger,E3,F#4,https://singingcarrots.com/artist-range?artist=Bob%20Seger
Gates of Eden,Bob Seger,A2,G4,https://singingcarrots.com/artist-range?artist=Bob%20Seger
Let the Rivers Run,Bob Seger,E3,E4,https://singingcarrots.com/artist-range?artist=Bob%20Seger
Listen,Bob Seger,C3,D4,https://singingcarrots.com/artist-range?artist=Bob%20Seger
Ride Out,Bob Seger,D3,F4,https://singingcarrots.com/artist-range?artist=Bob%20Seger
Shakedown,Bob Seger,B2,G4,https://singingcarrots.com/artist-range?artist=Bob%20Seger
The Fireman's Talkin',Bob Seger,E3,E4,https://singingcarrots.com/artist-range?artist=Bob%20Seger
As Long as I'm Singin',Bobby Darin,D3,D4,https://singingcarrots.com/artist-range?artist=Bobby%20Darin
Clementine,Bobby Darin,A#2,G#4,https://singingcarrots.com/artist-range?artist=Bobby%20Darin
Dream Lover,Bobby Darin,D3,C4,https://singingcarrots.com/artist-range?artist=Bobby%20Darin
Eighteen Yellow Roses,Bobby Darin,B2,D4,https://singingcarrots.com/artist-range?artist=Bobby%20Darin
If I Were a Carpenter,Bobby Darin,A2,D4,https://singingcarrots.com/artist-range?artist=Bobby%20Darin
In Love In Vain,Bobby Darin,A#2,D#4,https://singingcarrots.com/artist-range?artist=Bobby%20Darin
Lovin' You,Bobby Darin,B2,C#4,https://singingcarrots.com/artist-range?artist=Bobby%20Darin
More,Bobby Darin,G2,D4,https://singingcarrots.com/artist-range?artist=Bobby%20Darin
Multiplication,Bobby Darin,C3,E4,https://singingcarrots.com/artist-range?artist=Bobby%20Darin
Simple Song of Freedom,Bobby Darin,C3,B3,https://singingcarrots.com/artist-range?artist=Bobby%20Darin
That's All,Bobby Darin,C3,E4,https://singingcarrots.com/artist-range?artist=Bobby%20Darin
Things,Bobby Darin,C3,G4,https://singingcarrots.com/artist-range?artist=Bobby%20Darin
You're the Reason I'm Living,Bobby Darin,A2,F#4,https://singingcarrots.com/artist-range?artist=Bobby%20Darin
00000 Million,Bon Iver,C3,F4,https://singingcarrots.com/artist-range?artist=Bon%20Iver
10 dEAThbREasT,Bon Iver,A#2,A#4,https://singingcarrots.com/artist-range?artist=Bon%20Iver
21 Moon Water,Bon Iver,C3,E4,https://singingcarrots.com/artist-range?artist=Bon%20Iver
22 (Over Soon),Bon Iver,G2,A4,https://singingcarrots.com/artist-range?artist=Bon%20Iver
"33 ""God""",Bon Iver,B2,B4,https://singingcarrots.com/artist-range?artist=Bon%20Iver
715 - Creeks,Bon Iver,D#3,G4,https://singingcarrots.com/artist-range?artist=Bon%20Iver
AUATC,Bon Iver,D3,G4,https://singingcarrots.com/artist-range?artist=Bon%20Iver
Michicant,Bon Iver,F3,G#4,https://singingcarrots.com/artist-range?artist=Bon%20Iver
Re: Stacks,Bon Iver,C#3,A4,https://singingcarrots.com/artist-range?artist=Bon%20Iver
Roslyn,Bon Iver,A#2,G4,https://singingcarrots.com/artist-range?artist=Bon%20Iver
Towers,Bon Iver,B2,C#4,https://singingcarrots.com/artist-range?artist=Bon%20Iver
U (Man Like),Bon Iver,A#2,A#4,https://singingcarrots.com/artist-range?artist=Bon%20Iver
__45__,Bon Iver,F#2,G4,https://singingcarrots.com/artist-range?artist=Bon%20Iver
(You Want To) Make a Memory,Bon Jovi,A1,B4,https://singingcarrots.com/artist-range?artist=Bon%20Jovi
All About Lovin' You,Bon Jovi,D3,B4,https://singingcarrots.com/artist-range?artist=Bon%20Jovi
All I Want Is Everything,Bon Jovi,D3,A4,https://singingcarrots.com/artist-range?artist=Bon%20Jovi
Any Other Day,Bon Jovi,A1,B3,https://singingcarrots.com/artist-range?artist=Bon%20Jovi
Bad Medicine,Bon Jovi,E2,B4,https://singingcarrots.com/artist-range?artist=Bon%20Jovi
Because We Can,Bon Jovi,F3,F4,https://singingcarrots.com/artist-range?artist=Bon%20Jovi
Bells of Freedom,Bon Jovi,B2,A4,https://singingcarrots.com/artist-range?artist=Bon%20Jovi
Bitter Wine,Bon Jovi,C3,G4,https://singingcarrots.com/artist-range?artist=Bon%20Jovi
Born To Be My Baby,Bon Jovi,F3,A4,https://singingcarrots.com/artist-range?artist=Bon%20Jovi
Breakout,Bon Jovi,G#2,D#4,https://singingcarrots.com/artist-range?artist=Bon%20Jovi
Burning for Love,Bon Jovi,A2,A3,https://singingcarrots.com/artist-range?artist=Bon%20Jovi
Come Back,Bon Jovi,G2,F3,https://singingcarrots.com/artist-range?artist=Bon%20Jovi
Hearts Breaking Even,Bon Jovi,F3,B4,https://singingcarrots.com/artist-range?artist=Bon%20Jovi
Hey God,Bon Jovi,C3,D4,https://singingcarrots.com/artist-range?artist=Bon%20Jovi
I Am,Bon Jovi,D3,A4,https://singingcarrots.com/artist-range?artist=Bon%20Jovi
I Love This Town,Bon Jovi,D2,G3,https://singingcarrots.com/artist-range?artist=Bon%20Jovi
Last Man Standing,Bon Jovi,B2,A4,https://singingcarrots.com/artist-range?artist=Bon%20Jovi
Learn To Love,Bon Jovi,C3,F4,https://singingcarrots.com/artist-range?artist=Bon%20Jovi
Lie to Me,Bon Jovi,B1,B3,https://singingcarrots.com/artist-range?artist=Bon%20Jovi
Lost Highway,Bon Jovi,D3,G4,https://singingcarrots.com/artist-range?artist=Bon%20Jovi
Love Lies,Bon Jovi,E3,B4,https://singingcarrots.com/artist-range?artist=Bon%20Jovi
My Guitar Lies Bleeding in My Arms,Bon Jovi,C3,C4,https://singingcarrots.com/artist-range?artist=Bon%20Jovi
No Apologies,Bon Jovi,A#2,G#4,https://singingcarrots.com/artist-range?artist=Bon%20Jovi
Only Lonely,Bon Jovi,G2,A#3,https://singingcarrots.com/artist-range?artist=Bon%20Jovi
Seat Next To You,Bon Jovi,F3,G4,https://singingcarrots.com/artist-range?artist=Bon%20Jovi
Story of My Life,Bon Jovi,E3,F#4,https://singingcarrots.com/artist-range?artist=Bon%20Jovi
Summertime,Bon Jovi,D3,E4,https://singingcarrots.com/artist-range?artist=Bon%20Jovi
Superman Tonight,Bon Jovi,D3,A4,https://singingcarrots.com/artist-range?artist=Bon%20Jovi
Thank You for Loving Me,Bon Jovi,G2,B4,https://singingcarrots.com/artist-range?artist=Bon%20Jovi
This Ain't a Love Song,Bon Jovi,B2,B4,https://singingcarrots.com/artist-range?artist=Bon%20Jovi
Till We Ain't Strangers Anymore,Bon Jovi,D3,B4,https://singingcarrots.com/artist-range?artist=Bon%20Jovi
Welcome To Wherever You Are,Bon Jovi,B2,A4,https://singingcarrots.com/artist-range?artist=Bon%20Jovi
What Do You Got?,Bon Jovi,E3,A4,https://singingcarrots.com/artist-range?artist=Bon%20Jovi
When We Were Beautiful,Bon Jovi,D3,E4,https://singingcarrots.com/artist-range?artist=Bon%20Jovi
Who Says You Can't Go Home,Bon Jovi,D3,G4,https://singingcarrots.com/artist-range?artist=Bon%20Jovi
You Give Love a Bad Name,Bon Jovi,G2,A#4,https://singingcarrots.com/artist-range?artist=Bon%20Jovi
(Goin') Wild for You Baby,Bonnie Raitt,F3,A#4,https://singingcarrots.com/artist-range?artist=Bonnie%20Raitt
Dimming of the Day,Bonnie Raitt,D3,B4,https://singingcarrots.com/artist-range?artist=Bonnie%20Raitt
Just Like That,Bonnie Raitt,C#3,G4,https://singingcarrots.com/artist-range?artist=Bonnie%20Raitt
One Belief Away,Bonnie Raitt,F3,A#4,https://singingcarrots.com/artist-range?artist=Bonnie%20Raitt
A Man This Lonely,Brooks & Dunn,E3,G#4,https://singingcarrots.com/artist-range?artist=Brooks%20%26%20Dunn
Ain't Nothing 'bout You,Brooks & Dunn,F3,G4,https://singingcarrots.com/artist-range?artist=Brooks%20%26%20Dunn
Building Bridges,Brooks & Dunn,E3,A4,https://singingcarrots.com/artist-range?artist=Brooks%20%26%20Dunn
Cowgirls Don't Cry,Brooks & Dunn,C#3,E4,https://singingcarrots.com/artist-range?artist=Brooks%20%26%20Dunn
God Must Be Busy,Brooks & Dunn,C#3,F#4,https://singingcarrots.com/artist-range?artist=Brooks%20%26%20Dunn
He's Got You,Brooks & Dunn,A2,F#4,https://singingcarrots.com/artist-range?artist=Brooks%20%26%20Dunn
Hillbilly Deluxe,Brooks & Dunn,D3,A4,https://singingcarrots.com/artist-range?artist=Brooks%20%26%20Dunn
How Long Gone,Brooks & Dunn,D3,A4,https://singingcarrots.com/artist-range?artist=Brooks%20%26%20Dunn
Husbands and Wives,Brooks & Dunn,F2,G4,https://singingcarrots.com/artist-range?artist=Brooks%20%26%20Dunn
It's Getting Better All the Time,Brooks & Dunn,B2,E4,https://singingcarrots.com/artist-range?artist=Brooks%20%26%20Dunn
Little Miss Honky Tonk,Brooks & Dunn,F3,A#4,https://singingcarrots.com/artist-range?artist=Brooks%20%26%20Dunn
My Next Broken Heart,Brooks & Dunn,B2,G4,https://singingcarrots.com/artist-range?artist=Brooks%20%26%20Dunn
Play Something Country,Brooks & Dunn,D3,A#4,https://singingcarrots.com/artist-range?artist=Brooks%20%26%20Dunn
Proud of the House We Built,Brooks & Dunn,D#3,F#4,https://singingcarrots.com/artist-range?artist=Brooks%20%26%20Dunn
Rock My World (Little Country Girl),Brooks & Dunn,E2,G#4,https://singingcarrots.com/artist-range?artist=Brooks%20%26%20Dunn
That Ain't No Way To Go,Brooks & Dunn,D3,F#4,https://singingcarrots.com/artist-range?artist=Brooks%20%26%20Dunn
That's What It's All About,Brooks & Dunn,A2,F#4,https://singingcarrots.com/artist-range?artist=Brooks%20%26%20Dunn
That's What She Gets for Loving Me,Brooks & Dunn,E3,F#4,https://singingcarrots.com/artist-range?artist=Brooks%20%26%20Dunn
We'll Burn That Bridge,Brooks & Dunn,B2,G#4,https://singingcarrots.com/artist-range?artist=Brooks%20%26%20Dunn
A Night With the Jersey Devil,Bruce Springsteen,E2,G#4,https://singingcarrots.com/artist-range?artist=Bruce%20Springsteen
Across the Border,Bruce Springsteen,D2,E3,https://singingcarrots.com/artist-range?artist=Bruce%20Springsteen
Adam Raised a Cain,Bruce Springsteen,E3,A4,https://singingcarrots.com/artist-range?artist=Bruce%20Springsteen
All I'm Thinkin' About,Bruce Springsteen,C3,G4,https://singingcarrots.com/artist-range?artist=Bruce%20Springsteen
All The Way Home,Bruce Springsteen,D3,F#4,https://singingcarrots.com/artist-range?artist=Bruce%20Springsteen
American Skin (41 Shots),Bruce Springsteen,E3,F#4,https://singingcarrots.com/artist-range?artist=Bruce%20Springsteen
Backstreets,Bruce Springsteen,D3,G4,https://singingcarrots.com/artist-range?artist=Bruce%20Springsteen
Badlands,Bruce Springsteen,E3,F#4,https://singingcarrots.com/artist-range?artist=Bruce%20Springsteen
Balboa Park,Bruce Springsteen,E2,E3,https://singingcarrots.com/artist-range?artist=Bruce%20Springsteen
Be True,Bruce Springsteen,A2,F#4,https://singingcarrots.com/artist-range?artist=Bruce%20Springsteen
Because the Night,Bruce Springsteen,C3,G4,https://singingcarrots.com/artist-range?artist=Bruce%20Springsteen
Black Cowboys,Bruce Springsteen,E2,G3,https://singingcarrots.com/artist-range?artist=Bruce%20Springsteen
Blinded By the Light,Bruce Springsteen,E3,G#4,https://singingcarrots.com/artist-range?artist=Bruce%20Springsteen
Blood Brothers,Bruce Springsteen,F#2,B3,https://singingcarrots.com/artist-range?artist=Bruce%20Springsteen
Brilliant Disguise,Bruce Springsteen,C3,A4,https://singingcarrots.com/artist-range?artist=Bruce%20Springsteen
Darkness on the Edge of Town,Bruce Springsteen,D3,G4,https://singingcarrots.com/artist-range?artist=Bruce%20Springsteen
Darlington County,Bruce Springsteen,A2,A4,https://singingcarrots.com/artist-range?artist=Bruce%20Springsteen
Dead Man Walkin',Bruce Springsteen,A2,B3,https://singingcarrots.com/artist-range?artist=Bruce%20Springsteen
Death To My Hometown,Bruce Springsteen,C3,C4,https://singingcarrots.com/artist-range?artist=Bruce%20Springsteen
Devil's Arcade,Bruce Springsteen,B2,A3,https://singingcarrots.com/artist-range?artist=Bruce%20Springsteen
Devils & Dust,Bruce Springsteen,G2,B3,https://singingcarrots.com/artist-range?artist=Bruce%20Springsteen
Down In the Hole,Bruce Springsteen,C3,A3,https://singingcarrots.com/artist-range?artist=Bruce%20Springsteen
Downbound Train,Bruce Springsteen,D3,B3,https://singingcarrots.com/artist-range?artist=Bruce%20Springsteen
Drive All Night,Bruce Springsteen,C3,G4,https://singingcarrots.com/artist-range?artist=Bruce%20Springsteen
Dry Lightning,Bruce Springsteen,C3,C4,https://singingcarrots.com/artist-range?artist=Bruce%20Springsteen
Easy Money,Bruce Springsteen,D3,E4,https://singingcarrots.com/artist-range?artist=Bruce%20Springsteen
Factory,Bruce Springsteen,C3,C4,https://singingcarrots.com/artist-range?artist=Bruce%20Springsteen
Fade Away,Bruce Springsteen,D3,B4,https://singingcarrots.com/artist-range?artist=Bruce%20Springsteen
Fire,Bruce Springsteen,A2,A3,https://singingcarrots.com/artist-range?artist=Bruce%20Springsteen
For You,Bruce Springsteen,C3,G4,https://singingcarrots.com/artist-range?artist=Bruce%20Springsteen
Frankie Fell In Love,Bruce Springsteen,E3,G4,https://singingcarrots.com/artist-range?artist=Bruce%20Springsteen
From Small Things,Bruce Springsteen,E2,G#4,https://singingcarrots.com/artist-range?artist=Bruce%20Springsteen
Galveston Bay,Bruce Springsteen,G2,B3,https://singingcarrots.com/artist-range?artist=Bruce%20Springsteen
Girls In Their Summer Clothes,Bruce Springsteen,D3,F4,https://singingcarrots.com/artist-range?artist=Bruce%20Springsteen
Growin' Up,Bruce Springsteen,E3,F4,https://singingcarrots.com/artist-range?artist=Bruce%20Springsteen
Gypsy Biker,Bruce Springsteen,D3,A#4,https://singingcarrots.com/artist-range?artist=Bruce%20Springsteen
Harry's Place,Bruce Springsteen,D#2,D#4,https://singingcarrots.com/artist-range?artist=Bruce%20Springsteen
Highway 29,Bruce Springsteen,G2,C4,https://singingcarrots.com/artist-range?artist=Bruce%20Springsteen
Highway Patrolman,Bruce Springsteen,D3,F#4,https://singingcarrots.com/artist-range?artist=Bruce%20Springsteen
Human Touch,Bruce Springsteen,C3,A4,https://singingcarrots.com/artist-range?artist=Bruce%20Springsteen
Hunter of Invisible Game,Bruce Springsteen,E2,A3,https://singingcarrots.com/artist-range?artist=Bruce%20Springsteen
I Wanna Marry You,Bruce Springsteen,D3,E4,https://singingcarrots.com/artist-range?artist=Bruce%20Springsteen
I'll Work for Your Love,Bruce Springsteen,F3,F4,https://singingcarrots.com/artist-range?artist=Bruce%20Springsteen
I'm Goin' Down,Bruce Springsteen,E3,C#4,https://singingcarrots.com/artist-range?artist=Bruce%20Springsteen
I'm on Fire,Bruce Springsteen,C#3,C#4,https://singingcarrots.com/artist-range?artist=Bruce%20Springsteen
Incident on 57th Street,Bruce Springsteen,A#2,G4,https://singingcarrots.com/artist-range?artist=Bruce%20Springsteen
It's Hard To Be a Saint In the City,Bruce Springsteen,C#3,F#4,https://singingcarrots.com/artist-range?artist=Bruce%20Springsteen
Jack of All Trades,Bruce Springsteen,F#2,C#4,https://singingcarrots.com/artist-range?artist=Bruce%20Springsteen
Jackson Cage,Bruce Springsteen,C#3,G#4,https://singingcarrots.com/artist-range?artist=Bruce%20Springsteen
"Janey, Don't You Lose Heart",Bruce Springsteen,C#3,C#4,https://singingcarrots.com/artist-range?artist=Bruce%20Springsteen
Jesus Was An Only Son,Bruce Springsteen,A2,B3,https://singingcarrots.com/artist-range?artist=Bruce%20Springsteen
Johnny Bye Bye,Bruce Springsteen,E2,E4,https://singingcarrots.com/artist-range?artist=Bruce%20Springsteen
Jungleland,Bruce Springsteen,E2,G4,https://singingcarrots.com/artist-range?artist=Bruce%20Springsteen
Just Like Fire Would,Bruce Springsteen,G2,C4,https://singingcarrots.com/artist-range?artist=Bruce%20Springsteen
Kingdom of Days,Bruce Springsteen,C#3,D4,https://singingcarrots.com/artist-range?artist=Bruce%20Springsteen
Land of Hope and Dreams,Bruce Springsteen,C3,E4,https://singingcarrots.com/artist-range?artist=Bruce%20Springsteen
Last To Die,Bruce Springsteen,E3,B4,https://singingcarrots.com/artist-range?artist=Bruce%20Springsteen
Leah,Bruce Springsteen,A2,C4,https://singingcarrots.com/artist-range?artist=Bruce%20Springsteen
Life Itself,Bruce Springsteen,F#2,C#4,https://singingcarrots.com/artist-range?artist=Bruce%20Springsteen
Long Time Comin',Bruce Springsteen,B2,B3,https://singingcarrots.com/artist-range?artist=Bruce%20Springsteen
Long Walk Home,Bruce Springsteen,F3,A4,https://singingcarrots.com/artist-range?artist=Bruce%20Springsteen
Lost In the Flood,Bruce Springsteen,E2,G4,https://singingcarrots.com/artist-range?artist=Bruce%20Springsteen
Magic,Bruce Springsteen,B2,C#4,https://singingcarrots.com/artist-range?artist=Bruce%20Springsteen
Mansion on the Hill,Bruce Springsteen,G2,G4,https://singingcarrots.com/artist-range?artist=Bruce%20Springsteen
Maria's Bed,Bruce Springsteen,B2,D4,https://singingcarrots.com/artist-range?artist=Bruce%20Springsteen
Mary Queen of Arkansas,Bruce Springsteen,D3,D4,https://singingcarrots.com/artist-range?artist=Bruce%20Springsteen
Matamoros Banks,Bruce Springsteen,A2,B3,https://singingcarrots.com/artist-range?artist=Bruce%20Springsteen
Meeting Across the River,Bruce Springsteen,A2,A4,https://singingcarrots.com/artist-range?artist=Bruce%20Springsteen
My Best Was Never Good Enough,Bruce Springsteen,G2,A3,https://singingcarrots.com/artist-range?artist=Bruce%20Springsteen
My City of Ruins,Bruce Springsteen,E3,G#4,https://singingcarrots.com/artist-range?artist=Bruce%20Springsteen
My Father's House,Bruce Springsteen,A2,F#4,https://singingcarrots.com/artist-range?artist=Bruce%20Springsteen
My Lucky Day,Bruce Springsteen,E3,G4,https://singingcarrots.com/artist-range?artist=Bruce%20Springsteen
Nebraska,Bruce Springsteen,G2,G4,https://singingcarrots.com/artist-range?artist=Bruce%20Springsteen
New York City Serenade,Bruce Springsteen,G#2,F#4,https://singingcarrots.com/artist-range?artist=Bruce%20Springsteen
Night,Bruce Springsteen,F#2,G4,https://singingcarrots.com/artist-range?artist=Bruce%20Springsteen
No Surrender,Bruce Springsteen,D3,F4,https://singingcarrots.com/artist-range?artist=Bruce%20Springsteen
Open All Night,Bruce Springsteen,G2,E4,https://singingcarrots.com/artist-range?artist=Bruce%20Springsteen
Pink Cadillac,Bruce Springsteen,G#2,D#4,https://singingcarrots.com/artist-range?artist=Bruce%20Springsteen
Point Blank,Bruce Springsteen,B2,A4,https://singingcarrots.com/artist-range?artist=Bruce%20Springsteen
Prove It All Night,Bruce Springsteen,E3,D4,https://singingcarrots.com/artist-range?artist=Bruce%20Springsteen
Racing In the Street,Bruce Springsteen,F2,F4,https://singingcarrots.com/artist-range?artist=Bruce%20Springsteen
Reno,Bruce Springsteen,D2,G3,https://singingcarrots.com/artist-range?artist=Bruce%20Springsteen
Rocky Ground,Bruce Springsteen,C3,G4,https://singingcarrots.com/artist-range?artist=Bruce%20Springsteen
Rosalita,Bruce Springsteen,E3,F4,https://singingcarrots.com/artist-range?artist=Bruce%20Springsteen
Santa Claus Is Comin' to Town,Bruce Springsteen,D3,G4,https://singingcarrots.com/artist-range?artist=Bruce%20Springsteen
Secret Garden,Bruce Springsteen,B2,A3,https://singingcarrots.com/artist-range?artist=Bruce%20Springsteen
Shackled and Drawn,Bruce Springsteen,E3,D4,https://singingcarrots.com/artist-range?artist=Bruce%20Springsteen
She's the One,Bruce Springsteen,E3,G#4,https://singingcarrots.com/artist-range?artist=Bruce%20Springsteen
Sherry Darling,Bruce Springsteen,F3,G4,https://singingcarrots.com/artist-range?artist=Bruce%20Springsteen
Shut Out the Light,Bruce Springsteen,E2,B3,https://singingcarrots.com/artist-range?artist=Bruce%20Springsteen
Sinaloa Cowboys,Bruce Springsteen,G2,G3,https://singingcarrots.com/artist-range?artist=Bruce%20Springsteen
Something in the Night,Bruce Springsteen,G2,A4,https://singingcarrots.com/artist-range?artist=Bruce%20Springsteen
Spirit in the Night,Bruce Springsteen,E3,B4,https://singingcarrots.com/artist-range?artist=Bruce%20Springsteen
State Trooper,Bruce Springsteen,A2,C4,https://singingcarrots.com/artist-range?artist=Bruce%20Springsteen
Stolen Car,Bruce Springsteen,C3,E4,https://singingcarrots.com/artist-range?artist=Bruce%20Springsteen
Straight Time,Bruce Springsteen,B2,B3,https://singingcarrots.com/artist-range?artist=Bruce%20Springsteen
Streets of Fire,Bruce Springsteen,C#3,C#4,https://singingcarrots.com/artist-range?artist=Bruce%20Springsteen
Tenth Avenue Freeze Out,Bruce Springsteen,F3,A4,https://singingcarrots.com/artist-range?artist=Bruce%20Springsteen
Terry's Song,Bruce Springsteen,B2,E4,https://singingcarrots.com/artist-range?artist=Bruce%20Springsteen
The Angel,Bruce Springsteen,B2,G4,https://singingcarrots.com/artist-range?artist=Bruce%20Springsteen
The Fever,Bruce Springsteen,E2,B4,https://singingcarrots.com/artist-range?artist=Bruce%20Springsteen
The Ghost of Tom Joad,Bruce Springsteen,D3,E4,https://singingcarrots.com/artist-range?artist=Bruce%20Springsteen
The Hitter,Bruce Springsteen,G2,G4,https://singingcarrots.com/artist-range?artist=Bruce%20Springsteen
The Last Carnival,Bruce Springsteen,A2,D4,https://singingcarrots.com/artist-range?artist=Bruce%20Springsteen
The Line,Bruce Springsteen,D2,E3,https://singingcarrots.com/artist-range?artist=Bruce%20Springsteen
The New Timer,Bruce Springsteen,G2,C4,https://singingcarrots.com/artist-range?artist=Bruce%20Springsteen
The Price You Pay,Bruce Springsteen,D3,G4,https://singingcarrots.com/artist-range?artist=Bruce%20Springsteen
The Promise,Bruce Springsteen,D3,G4,https://singingcarrots.com/artist-range?artist=Bruce%20Springsteen
The Promised Land,Bruce Springsteen,D3,F4,https://singingcarrots.com/artist-range?artist=Bruce%20Springsteen
The Rising,Bruce Springsteen,B2,D#4,https://singingcarrots.com/artist-range?artist=Bruce%20Springsteen
The Wall,Bruce Springsteen,G2,C4,https://singingcarrots.com/artist-range?artist=Bruce%20Springsteen
This Depression,Bruce Springsteen,G2,C4,https://singingcarrots.com/artist-range?artist=Bruce%20Springsteen
This Is Your Sword,Bruce Springsteen,C#3,D4,https://singingcarrots.com/artist-range?artist=Bruce%20Springsteen
This Little Girl,Bruce Springsteen,A2,A4,https://singingcarrots.com/artist-range?artist=Bruce%20Springsteen
Tomorrow Never Knows,Bruce Springsteen,F2,F3,https://singingcarrots.com/artist-range?artist=Bruce%20Springsteen
Tunnel of Love,Bruce Springsteen,D3,G4,https://singingcarrots.com/artist-range?artist=Bruce%20Springsteen
Used Cars,Bruce Springsteen,G2,G4,https://singingcarrots.com/artist-range?artist=Bruce%20Springsteen
Waitin' on a Sunny Day,Bruce Springsteen,D3,G#4,https://singingcarrots.com/artist-range?artist=Bruce%20Springsteen
We Are Alive,Bruce Springsteen,G2,E4,https://singingcarrots.com/artist-range?artist=Bruce%20Springsteen
We Take Care of Our Own,Bruce Springsteen,C3,A#3,https://singingcarrots.com/artist-range?artist=Bruce%20Springsteen
What Love Can Do,Bruce Springsteen,B2,G4,https://singingcarrots.com/artist-range?artist=Bruce%20Springsteen
Wild Billy's Circus Story,Bruce Springsteen,F#2,G4,https://singingcarrots.com/artist-range?artist=Bruce%20Springsteen
Working on a Dream,Bruce Springsteen,C3,F4,https://singingcarrots.com/artist-range?artist=Bruce%20Springsteen
Working on the Highway,Bruce Springsteen,G2,G3,https://singingcarrots.com/artist-range?artist=Bruce%20Springsteen
Wreck on the Highway,Bruce Springsteen,E3,C#4,https://singingcarrots.com/artist-range?artist=Bruce%20Springsteen
Wrecking Ball,Bruce Springsteen,A2,D4,https://singingcarrots.com/artist-range?artist=Bruce%20Springsteen
You Can Look (But You Better Not Touch),Bruce Springsteen,G2,A4,https://singingcarrots.com/artist-range?artist=Bruce%20Springsteen
You'll Be Comin' Down,Bruce Springsteen,D#3,A#4,https://singingcarrots.com/artist-range?artist=Bruce%20Springsteen
Youngstown,Bruce Springsteen,C3,C4,https://singingcarrots.com/artist-range?artist=Bruce%20Springsteen
Your Own Worst Enemy,Bruce Springsteen,B2,G#4,https://singingcarrots.com/artist-range?artist=Bruce%20Springsteen
Don't Give Up,Bruno Mars,E3,B4,https://singingcarrots.com/artist-range?artist=Bruno%20Mars
Today My Life Begins,Bruno Mars,C3,D#4,https://singingcarrots.com/artist-range?artist=Bruno%20Mars
(I Wanna Be) Your Underwear,Bryan Adams,D3,G4,https://singingcarrots.com/artist-range?artist=Bryan%20Adams
18 Til I Die,Bryan Adams,A2,B4,https://singingcarrots.com/artist-range?artist=Bryan%20Adams
Broken Wings,Bryan Adams,E3,G#4,https://singingcarrots.com/artist-range?artist=Bryan%20Adams
Brothers Under the Sun,Bryan Adams,E2,A3,https://singingcarrots.com/artist-range?artist=Bryan%20Adams
Cloud Number Nine,Bryan Adams,B2,G4,https://singingcarrots.com/artist-range?artist=Bryan%20Adams
Get Off My Back,Bryan Adams,G#2,G3,https://singingcarrots.com/artist-range?artist=Bryan%20Adams
Here I Am,Bryan Adams,D#2,C4,https://singingcarrots.com/artist-range?artist=Bryan%20Adams
I Will Always Return,Bryan Adams,F2,A#3,https://singingcarrots.com/artist-range?artist=Bryan%20Adams
I Will Always Return (Finale),Bryan Adams,F2,A#3,https://singingcarrots.com/artist-range?artist=Bryan%20Adams
I'll Always Be Right There,Bryan Adams,E3,F#4,https://singingcarrots.com/artist-range?artist=Bryan%20Adams
I'm Ready,Bryan Adams,F3,G4,https://singingcarrots.com/artist-range?artist=Bryan%20Adams
It Ain't a Party…If You Can't Come Around,Bryan Adams,D3,A4,https://singingcarrots.com/artist-range?artist=Bryan%20Adams
Nothing I've Ever Known,Bryan Adams,D2,G3,https://singingcarrots.com/artist-range?artist=Bryan%20Adams
She's Got a Way,Bryan Adams,D3,B4,https://singingcarrots.com/artist-range?artist=Bryan%20Adams
Sound the Bugle,Bryan Adams,D2,G3,https://singingcarrots.com/artist-range?artist=Bryan%20Adams
Star,Bryan Adams,D3,G4,https://singingcarrots.com/artist-range?artist=Bryan%20Adams
This Is Where I Belong,Bryan Adams,D2,G3,https://singingcarrots.com/artist-range?artist=Bryan%20Adams
Walk On By,Bryan Adams,D3,G4,https://singingcarrots.com/artist-range?artist=Bryan%20Adams
We're Gonna Win,Bryan Adams,D#3,A#4,https://singingcarrots.com/artist-range?artist=Bryan%20Adams
You Can't Take Me,Bryan Adams,E2,G3,https://singingcarrots.com/artist-range?artist=Bryan%20Adams
You're Still Beautiful To Me,Bryan Adams,D3,B4,https://singingcarrots.com/artist-range?artist=Bryan%20Adams
Before I Gaze At You Again [Excerpt],Camelot,C3,D#4,https://singingcarrots.com/artist-range?artist=Camelot
C'est Moi [Excerpt],Camelot,C3,D4,https://singingcarrots.com/artist-range?artist=Camelot
Follow Me,Camelot,A#2,D#4,https://singingcarrots.com/artist-range?artist=Camelot
How to Handle a Woman,Camelot,A2,D4,https://singingcarrots.com/artist-range?artist=Camelot
I Loved You Once in Silence,Camelot,C3,D4,https://singingcarrots.com/artist-range?artist=Camelot
I Wonder What the King Is Doing Tonight,Camelot,A#2,C4,https://singingcarrots.com/artist-range?artist=Camelot
If Ever I Would Leave You [Excerpt],Camelot,A2,D4,https://singingcarrots.com/artist-range?artist=Camelot
Simple Joys of Maidenhood [Excerpt],Camelot,C#3,D#4,https://singingcarrots.com/artist-range?artist=Camelot
The Lusty Month of May,Camelot,D3,A4,https://singingcarrots.com/artist-range?artist=Camelot
The Seven Deadly Virtues,Camelot,C3,D4,https://singingcarrots.com/artist-range?artist=Camelot
The Simple Joys of Maidenhood,Camelot,B2,D#4,https://singingcarrots.com/artist-range?artist=Camelot
Then You May Take Me To the Fair,Camelot,C3,G4,https://singingcarrots.com/artist-range?artist=Camelot
A Very Special Love Song,Charlie Rich,C3,A4,https://singingcarrots.com/artist-range?artist=Charlie%20Rich
My Elusive Dreams,Charlie Rich,D3,E4,https://singingcarrots.com/artist-range?artist=Charlie%20Rich
Rollin' With the Flow,Charlie Rich,G2,E4,https://singingcarrots.com/artist-range?artist=Charlie%20Rich
Arkansas,Chris Stapleton,E3,B4,https://singingcarrots.com/artist-range?artist=Chris%20Stapleton
Cold,Chris Stapleton,C#3,B4,https://singingcarrots.com/artist-range?artist=Chris%20Stapleton
Daddy Doesn't Pray Anymore,Chris Stapleton,B2,D#4,https://singingcarrots.com/artist-range?artist=Chris%20Stapleton
Drunkard's Prayer,Chris Stapleton,B2,G#4,https://singingcarrots.com/artist-range?artist=Chris%20Stapleton
Either Way,Chris Stapleton,B2,G#4,https://singingcarrots.com/artist-range?artist=Chris%20Stapleton
Maggie's Song,Chris Stapleton,D3,G4,https://singingcarrots.com/artist-range?artist=Chris%20Stapleton
Might As Well Get Stoned,Chris Stapleton,E3,E4,https://singingcarrots.com/artist-range?artist=Chris%20Stapleton
Millionaire,Chris Stapleton,F3,G4,https://singingcarrots.com/artist-range?artist=Chris%20Stapleton
More of You,Chris Stapleton,B2,E4,https://singingcarrots.com/artist-range?artist=Chris%20Stapleton
Nobody to Blame,Chris Stapleton,B2,B4,https://singingcarrots.com/artist-range?artist=Chris%20Stapleton
Parachute,Chris Stapleton,F3,A4,https://singingcarrots.com/artist-range?artist=Chris%20Stapleton
Scarecrow in the Garden,Chris Stapleton,C#3,G#4,https://singingcarrots.com/artist-range?artist=Chris%20Stapleton
Starting Over,Chris Stapleton,A#2,G4,https://singingcarrots.com/artist-range?artist=Chris%20Stapleton
Tryin' to Untangle My Mind,Chris Stapleton,C3,A#4,https://singingcarrots.com/artist-range?artist=Chris%20Stapleton
Up to No Good Livin',Chris Stapleton,C3,G4,https://singingcarrots.com/artist-range?artist=Chris%20Stapleton
Was It 26,Chris Stapleton,A2,A4,https://singingcarrots.com/artist-range?artist=Chris%20Stapleton
When the Stars Come Out,Chris Stapleton,D3,E4,https://singingcarrots.com/artist-range?artist=Chris%20Stapleton
Without Your Love,Chris Stapleton,C3,A#4,https://singingcarrots.com/artist-range?artist=Chris%20Stapleton
A Christmas Alleluia,Chris Tomlin,C3,G#4,https://singingcarrots.com/artist-range?artist=Chris%20Tomlin
A King Like This,Chris Tomlin,E3,F#4,https://singingcarrots.com/artist-range?artist=Chris%20Tomlin
Adore,Chris Tomlin,E3,F4,https://singingcarrots.com/artist-range?artist=Chris%20Tomlin
All Bow Down,Chris Tomlin,B2,F#4,https://singingcarrots.com/artist-range?artist=Chris%20Tomlin
All To Us,Chris Tomlin,C3,A4,https://singingcarrots.com/artist-range?artist=Chris%20Tomlin
All the Way My Savior Leads Me,Chris Tomlin,D#3,F4,https://singingcarrots.com/artist-range?artist=Chris%20Tomlin
Amazing Grace,Chris Tomlin,D3,G4,https://singingcarrots.com/artist-range?artist=Chris%20Tomlin
Angels We Have Heard on High,Chris Tomlin,B2,E4,https://singingcarrots.com/artist-range?artist=Chris%20Tomlin
At the Cross,Chris Tomlin,D#3,G#4,https://singingcarrots.com/artist-range?artist=Chris%20Tomlin
Awakening,Chris Tomlin,D#3,G4,https://singingcarrots.com/artist-range?artist=Chris%20Tomlin
Bethlehem,Chris Tomlin,F3,G4,https://singingcarrots.com/artist-range?artist=Chris%20Tomlin
Born That We May Have Life,Chris Tomlin,E3,A4,https://singingcarrots.com/artist-range?artist=Chris%20Tomlin
Boundary Lines,Chris Tomlin,D3,G4,https://singingcarrots.com/artist-range?artist=Chris%20Tomlin
Chosen Generation,Chris Tomlin,C#3,B4,https://singingcarrots.com/artist-range?artist=Chris%20Tomlin
Come Home Running,Chris Tomlin,E2,E4,https://singingcarrots.com/artist-range?artist=Chris%20Tomlin
Come Thou Fount (I Will Sing),Chris Tomlin,D3,F#4,https://singingcarrots.com/artist-range?artist=Chris%20Tomlin
"Come, Let Us Worship and Bow Down",Chris Tomlin,G2,D4,https://singingcarrots.com/artist-range?artist=Chris%20Tomlin
Countless Wonders,Chris Tomlin,D#3,F4,https://singingcarrots.com/artist-range?artist=Chris%20Tomlin
Crown Him (Majesty),Chris Tomlin,C#3,G4,https://singingcarrots.com/artist-range?artist=Chris%20Tomlin
Emmanuel (Hallowed Manger Ground),Chris Tomlin,C3,G4,https://singingcarrots.com/artist-range?artist=Chris%20Tomlin
Enough,Chris Tomlin,A2,E4,https://singingcarrots.com/artist-range?artist=Chris%20Tomlin
Everlasting God,Chris Tomlin,C3,F4,https://singingcarrots.com/artist-range?artist=Chris%20Tomlin
Everything,Chris Tomlin,F2,F#4,https://singingcarrots.com/artist-range?artist=Chris%20Tomlin
Exalted (Yahweh),Chris Tomlin,A#2,G4,https://singingcarrots.com/artist-range?artist=Chris%20Tomlin
Faithful,Chris Tomlin,C#3,F#4,https://singingcarrots.com/artist-range?artist=Chris%20Tomlin
Famous One,Chris Tomlin,G2,E4,https://singingcarrots.com/artist-range?artist=Chris%20Tomlin
First Love,Chris Tomlin,A#2,F4,https://singingcarrots.com/artist-range?artist=Chris%20Tomlin
Forever,Chris Tomlin,D3,D4,https://singingcarrots.com/artist-range?artist=Chris%20Tomlin
Give Us Clean Hands,Chris Tomlin,D3,E4,https://singingcarrots.com/artist-range?artist=Chris%20Tomlin
Glorious,Chris Tomlin,D3,F#4,https://singingcarrots.com/artist-range?artist=Chris%20Tomlin
Glory Be,Chris Tomlin,D3,G4,https://singingcarrots.com/artist-range?artist=Chris%20Tomlin
Glory in the Highest,Chris Tomlin,C3,G4,https://singingcarrots.com/artist-range?artist=Chris%20Tomlin
God Almighty,Chris Tomlin,E3,F#4,https://singingcarrots.com/artist-range?artist=Chris%20Tomlin
God of Calvary,Chris Tomlin,D3,G4,https://singingcarrots.com/artist-range?artist=Chris%20Tomlin
God of This City,Chris Tomlin,D3,A4,https://singingcarrots.com/artist-range?artist=Chris%20Tomlin
"Good, Good Father",Chris Tomlin,E3,E4,https://singingcarrots.com/artist-range?artist=Chris%20Tomlin
"Goodness, Love and Mercy",Chris Tomlin,C3,A4,https://singingcarrots.com/artist-range?artist=Chris%20Tomlin
Greensleeves,Chris Tomlin,C3,F4,https://singingcarrots.com/artist-range?artist=Chris%20Tomlin
Hark! The Herald Angels Sing,Chris Tomlin,C3,D#4,https://singingcarrots.com/artist-range?artist=Chris%20Tomlin
He Lives,Chris Tomlin,C#3,F#4,https://singingcarrots.com/artist-range?artist=Chris%20Tomlin
He Shall Reign Forevermore,Chris Tomlin,F3,G4,https://singingcarrots.com/artist-range?artist=Chris%20Tomlin
Holy Is the Lord,Chris Tomlin,F3,G4,https://singingcarrots.com/artist-range?artist=Chris%20Tomlin
Holy Roar,Chris Tomlin,F3,G4,https://singingcarrots.com/artist-range?artist=Chris%20Tomlin
Home,Chris Tomlin,E3,G#4,https://singingcarrots.com/artist-range?artist=Chris%20Tomlin
Hope of Israel,Chris Tomlin,C#3,D#4,https://singingcarrots.com/artist-range?artist=Chris%20Tomlin
How Can I Keep from Singing,Chris Tomlin,D#3,F4,https://singingcarrots.com/artist-range?artist=Chris%20Tomlin
Hymn of Joy,Chris Tomlin,D#3,F4,https://singingcarrots.com/artist-range?artist=Chris%20Tomlin
I Lift My Hands,Chris Tomlin,B2,F#4,https://singingcarrots.com/artist-range?artist=Chris%20Tomlin
I Will Boast,Chris Tomlin,D#3,D#4,https://singingcarrots.com/artist-range?artist=Chris%20Tomlin
I Will Follow,Chris Tomlin,F3,A#4,https://singingcarrots.com/artist-range?artist=Chris%20Tomlin
Impossible Things,Chris Tomlin,E3,F#4,https://singingcarrots.com/artist-range?artist=Chris%20Tomlin
Is He Worthy?,Chris Tomlin,E3,F#4,https://singingcarrots.com/artist-range?artist=Chris%20Tomlin
It's Christmas,Chris Tomlin,E3,F#4,https://singingcarrots.com/artist-range?artist=Chris%20Tomlin
Jesus Loves Me,Chris Tomlin,C3,G4,https://singingcarrots.com/artist-range?artist=Chris%20Tomlin
"Jesus, Son of God",Chris Tomlin,B2,F#4,https://singingcarrots.com/artist-range?artist=Chris%20Tomlin
"Jesus, This Is You",Chris Tomlin,C3,G4,https://singingcarrots.com/artist-range?artist=Chris%20Tomlin
Joy to the World (Unspeakable Joy),Chris Tomlin,D3,A4,https://singingcarrots.com/artist-range?artist=Chris%20Tomlin
Kindness,Chris Tomlin,C3,A#3,https://singingcarrots.com/artist-range?artist=Chris%20Tomlin
King of Glory,Chris Tomlin,D3,G4,https://singingcarrots.com/artist-range?artist=Chris%20Tomlin
Let God Arise,Chris Tomlin,E3,F#4,https://singingcarrots.com/artist-range?artist=Chris%20Tomlin
Let Your Mercy Rain,Chris Tomlin,D3,G4,https://singingcarrots.com/artist-range?artist=Chris%20Tomlin
Light of the World,Chris Tomlin,D#3,D#4,https://singingcarrots.com/artist-range?artist=Chris%20Tomlin
Love,Chris Tomlin,C#3,G#4,https://singingcarrots.com/artist-range?artist=Chris%20Tomlin
Lovely,Chris Tomlin,E3,E4,https://singingcarrots.com/artist-range?artist=Chris%20Tomlin
Made To Worship,Chris Tomlin,D#3,F#4,https://singingcarrots.com/artist-range?artist=Chris%20Tomlin
Majesty of Heaven,Chris Tomlin,F3,F4,https://singingcarrots.com/artist-range?artist=Chris%20Tomlin
Midnight Clear (Love Song),Chris Tomlin,F3,F4,https://singingcarrots.com/artist-range?artist=Chris%20Tomlin
My Deliverer,Chris Tomlin,D3,E4,https://singingcarrots.com/artist-range?artist=Chris%20Tomlin
My Soul Magnifies the Lord,Chris Tomlin,E3,A4,https://singingcarrots.com/artist-range?artist=Chris%20Tomlin
No Chains on Me,Chris Tomlin,C#3,A4,https://singingcarrots.com/artist-range?artist=Chris%20Tomlin
"O Come, All Ye Faithful",Chris Tomlin,E3,F#4,https://singingcarrots.com/artist-range?artist=Chris%20Tomlin
O Holy Night,Chris Tomlin,C3,G4,https://singingcarrots.com/artist-range?artist=Chris%20Tomlin
On Our Side,Chris Tomlin,D#2,A#4,https://singingcarrots.com/artist-range?artist=Chris%20Tomlin
Over Me,Chris Tomlin,D3,D#4,https://singingcarrots.com/artist-range?artist=Chris%20Tomlin
Overflow,Chris Tomlin,A#2,D#4,https://singingcarrots.com/artist-range?artist=Chris%20Tomlin
Praise Him Forever,Chris Tomlin,E3,A4,https://singingcarrots.com/artist-range?artist=Chris%20Tomlin
"Praise the Father, Praise the Son",Chris Tomlin,F3,G4,https://singingcarrots.com/artist-range?artist=Chris%20Tomlin
Psalm 100,Chris Tomlin,E3,G4,https://singingcarrots.com/artist-range?artist=Chris%20Tomlin
Raise Up the Crown,Chris Tomlin,F#2,D#4,https://singingcarrots.com/artist-range?artist=Chris%20Tomlin
Rejoice,Chris Tomlin,A2,F#4,https://singingcarrots.com/artist-range?artist=Chris%20Tomlin
Resurrection Power,Chris Tomlin,C#3,G#4,https://singingcarrots.com/artist-range?artist=Chris%20Tomlin
Shepherd Boy,Chris Tomlin,B2,G4,https://singingcarrots.com/artist-range?artist=Chris%20Tomlin
Silent Night,Chris Tomlin,G2,C4,https://singingcarrots.com/artist-range?artist=Chris%20Tomlin
"Sing, Sing, Sing",Chris Tomlin,A#2,D4,https://singingcarrots.com/artist-range?artist=Chris%20Tomlin
Take My Life,Chris Tomlin,C3,C4,https://singingcarrots.com/artist-range?artist=Chris%20Tomlin
Thank You God for Saving Me,Chris Tomlin,C3,A4,https://singingcarrots.com/artist-range?artist=Chris%20Tomlin
The Lion Became the Lamb,Chris Tomlin,D#3,F4,https://singingcarrots.com/artist-range?artist=Chris%20Tomlin
The Name of Jesus,Chris Tomlin,D#3,G#4,https://singingcarrots.com/artist-range?artist=Chris%20Tomlin
The River,Chris Tomlin,G2,F4,https://singingcarrots.com/artist-range?artist=Chris%20Tomlin
The Table,Chris Tomlin,D#3,G4,https://singingcarrots.com/artist-range?artist=Chris%20Tomlin
To the Only God,Chris Tomlin,G#2,C4,https://singingcarrots.com/artist-range?artist=Chris%20Tomlin
Uncreated One,Chris Tomlin,A2,G#4,https://singingcarrots.com/artist-range?artist=Chris%20Tomlin
Unfailing Love,Chris Tomlin,E3,E4,https://singingcarrots.com/artist-range?artist=Chris%20Tomlin
Waterfall,Chris Tomlin,F3,F4,https://singingcarrots.com/artist-range?artist=Chris%20Tomlin
We Fall Down,Chris Tomlin,D#3,B3,https://singingcarrots.com/artist-range?artist=Chris%20Tomlin
Whom Shall I Fear (God of Angel Armies),Chris Tomlin,C3,G4,https://singingcarrots.com/artist-range?artist=Chris%20Tomlin
With Me,Chris Tomlin,C3,G4,https://singingcarrots.com/artist-range?artist=Chris%20Tomlin
Wonderful Maker,Chris Tomlin,E2,C4,https://singingcarrots.com/artist-range?artist=Chris%20Tomlin
Yes and Amen,Chris Tomlin,A2,F#4,https://singingcarrots.com/artist-range?artist=Chris%20Tomlin
You Lifted Me Out,Chris Tomlin,C#3,G#4,https://singingcarrots.com/artist-range?artist=Chris%20Tomlin
You're the One,Chris Tomlin,C3,G#4,https://singingcarrots.com/artist-range?artist=Chris%20Tomlin
Your Grace Is Enough,Chris Tomlin,D#3,F4,https://singingcarrots.com/artist-range?artist=Chris%20Tomlin
Your Heart,Chris Tomlin,A2,E4,https://singingcarrots.com/artist-range?artist=Chris%20Tomlin
Bang Bang Bang,Christina Perri,E3,B4,https://singingcarrots.com/artist-range?artist=Christina%20Perri
Lonely Child,Christina Perri,F3,A#4,https://singingcarrots.com/artist-range?artist=Christina%20Perri
Mine,Christina Perri,F3,A#4,https://singingcarrots.com/artist-range?artist=Christina%20Perri
Penguin,Christina Perri,E3,B4,https://singingcarrots.com/artist-range?artist=Christina%20Perri
Sad Song,Christina Perri,E3,B4,https://singingcarrots.com/artist-range?artist=Christina%20Perri
The Lonely,Christina Perri,F3,A#4,https://singingcarrots.com/artist-range?artist=Christina%20Perri
roses in the rain,Christina Perri,F3,A4,https://singingcarrots.com/artist-range?artist=Christina%20Perri
Don't Know What You Got,Cinderella,C#3,E4,https://singingcarrots.com/artist-range?artist=Cinderella
Don't Know What You Got (Till It's Gone),Cinderella,C#3,E4,https://singingcarrots.com/artist-range?artist=Cinderella
All My Delight,Cody Carnes,B2,F#4,https://singingcarrots.com/artist-range?artist=Cody%20Carnes
Death of Death,Cody Carnes,B2,F#4,https://singingcarrots.com/artist-range?artist=Cody%20Carnes
Heaven Fall,Cody Carnes,E3,F#4,https://singingcarrots.com/artist-range?artist=Cody%20Carnes
Hold It All,Cody Carnes,C#3,F#4,https://singingcarrots.com/artist-range?artist=Cody%20Carnes
Let the Light In,Cody Carnes,G2,F4,https://singingcarrots.com/artist-range?artist=Cody%20Carnes
Nothing Else,Cody Carnes,G2,F3,https://singingcarrots.com/artist-range?artist=Cody%20Carnes
Run to the Father,Cody Carnes,C3,G4,https://singingcarrots.com/artist-range?artist=Cody%20Carnes
The Cross Has the Final Word,Cody Carnes,G2,F4,https://singingcarrots.com/artist-range?artist=Cody%20Carnes
'Til Kingdom Come,Coldplay,B2,C4,https://singingcarrots.com/artist-range?artist=Coldplay
1.36,Coldplay,F3,F4,https://singingcarrots.com/artist-range?artist=Coldplay
42,Coldplay,F3,A#4,https://singingcarrots.com/artist-range?artist=Coldplay
A Head Full of Dreams,Coldplay,B2,B4,https://singingcarrots.com/artist-range?artist=Coldplay
A L I E N S,Coldplay,G2,G4,https://singingcarrots.com/artist-range?artist=Coldplay
A Rush of Blood to the Head,Coldplay,G2,F4,https://singingcarrots.com/artist-range?artist=Coldplay
A Spell a Rebel Yell,Coldplay,G2,E4,https://singingcarrots.com/artist-range?artist=Coldplay
A Whisper,Coldplay,E3,A4,https://singingcarrots.com/artist-range?artist=Coldplay
All I Can Think About Is You,Coldplay,G2,G4,https://singingcarrots.com/artist-range?artist=Coldplay
Amsterdam,Coldplay,A#2,G4,https://singingcarrots.com/artist-range?artist=Coldplay
Animals,Coldplay,F2,A3,https://singingcarrots.com/artist-range?artist=Coldplay
Arabesque,Coldplay,A2,F#4,https://singingcarrots.com/artist-range?artist=Coldplay
Atlas,Coldplay,G#2,G#4,https://singingcarrots.com/artist-range?artist=Coldplay
Bani Adam,Coldplay,A2,D4,https://singingcarrots.com/artist-range?artist=Coldplay
Bigger Stronger,Coldplay,C3,G4,https://singingcarrots.com/artist-range?artist=Coldplay
Birds,Coldplay,C3,A4,https://singingcarrots.com/artist-range?artist=Coldplay
Brothers and Sisters,Coldplay,A2,A4,https://singingcarrots.com/artist-range?artist=Coldplay
Careful Where You Stand,Coldplay,E3,B4,https://singingcarrots.com/artist-range?artist=Coldplay
Cemeteries of London,Coldplay,D3,G4,https://singingcarrots.com/artist-range?artist=Coldplay
Champion of the World,Coldplay,G2,E4,https://singingcarrots.com/artist-range?artist=Coldplay
Charlie Brown,Coldplay,F3,A#4,https://singingcarrots.com/artist-range?artist=Coldplay
Christmas Lights,Coldplay,E2,G4,https://singingcarrots.com/artist-range?artist=Coldplay
Clocks,Coldplay,A#2,G#4,https://singingcarrots.com/artist-range?artist=Coldplay
Crests of Waves,Coldplay,B2,B4,https://singingcarrots.com/artist-range?artist=Coldplay
Daddy,Coldplay,C3,G4,https://singingcarrots.com/artist-range?artist=Coldplay
Daylight,Coldplay,A#2,G#4,https://singingcarrots.com/artist-range?artist=Coldplay
Death Will Never Conquer,Coldplay,D#3,D#4,https://singingcarrots.com/artist-range?artist=Coldplay
Death and All His Friends,Coldplay,C3,G4,https://singingcarrots.com/artist-range?artist=Coldplay
Don't Let It Break Your Heart,Coldplay,G#2,G#4,https://singingcarrots.com/artist-range?artist=Coldplay
Don't Panic,Coldplay,A2,G4,https://singingcarrots.com/artist-range?artist=Coldplay
Easy To Please,Coldplay,C#3,B4,https://singingcarrots.com/artist-range?artist=Coldplay
Everglow,Coldplay,A2,B4,https://singingcarrots.com/artist-range?artist=Coldplay
Every Teardrop Is a Waterfall,Coldplay,D3,G4,https://singingcarrots.com/artist-range?artist=Coldplay
Everyday Life,Coldplay,A2,G4,https://singingcarrots.com/artist-range?artist=Coldplay
Flags,Coldplay,D3,B4,https://singingcarrots.com/artist-range?artist=Coldplay
For You,Coldplay,B2,B4,https://singingcarrots.com/artist-range?artist=Coldplay
Glass of Water,Coldplay,A2,G4,https://singingcarrots.com/artist-range?artist=Coldplay
God Put a Smile Upon Your Face,Coldplay,A2,C4,https://singingcarrots.com/artist-range?artist=Coldplay
Gravity,Coldplay,A#2,C4,https://singingcarrots.com/artist-range?artist=Coldplay
Green Eyes,Coldplay,A2,C#4,https://singingcarrots.com/artist-range?artist=Coldplay
Have Yourself a Merry Little Christmas,Coldplay,G#2,C#4,https://singingcarrots.com/artist-range?artist=Coldplay
Help Is Round the Corner,Coldplay,G#2,D#4,https://singingcarrots.com/artist-range?artist=Coldplay
Hurts Like Heaven,Coldplay,F3,A#4,https://singingcarrots.com/artist-range?artist=Coldplay
Hymn for the Weekend,Coldplay,A#2,A#4,https://singingcarrots.com/artist-range?artist=Coldplay
Hypnotised,Coldplay,A2,A4,https://singingcarrots.com/artist-range?artist=Coldplay
I Bloom Blaum,Coldplay,D3,C#4,https://singingcarrots.com/artist-range?artist=Coldplay
I Ran Away,Coldplay,C#3,B4,https://singingcarrots.com/artist-range?artist=Coldplay
Ink,Coldplay,G#2,A#4,https://singingcarrots.com/artist-range?artist=Coldplay
Life In Technicolor II,Coldplay,F3,F4,https://singingcarrots.com/artist-range?artist=Coldplay
Life Is for Living,Coldplay,F3,G4,https://singingcarrots.com/artist-range?artist=Coldplay
Lost+,Coldplay,B2,E4,https://singingcarrots.com/artist-range?artist=Coldplay
Lost? (Acoustic),Coldplay,B2,E4,https://singingcarrots.com/artist-range?artist=Coldplay
Lovers In Japan,Coldplay,D3,G4,https://singingcarrots.com/artist-range?artist=Coldplay
Lovers In Japan / Reign of Love,Coldplay,A2,G4,https://singingcarrots.com/artist-range?artist=Coldplay
Lovers in Japan (Osaka Sun Mix),Coldplay,D3,G4,https://singingcarrots.com/artist-range?artist=Coldplay
Major Minus,Coldplay,D3,B4,https://singingcarrots.com/artist-range?artist=Coldplay
Moses,Coldplay,C#3,B4,https://singingcarrots.com/artist-range?artist=Coldplay
Moving To Mars,Coldplay,F2,G#4,https://singingcarrots.com/artist-range?artist=Coldplay
Murder,Coldplay,F#2,G#4,https://singingcarrots.com/artist-range?artist=Coldplay
Now My Feet Won't Touch the Ground,Coldplay,G2,C4,https://singingcarrots.com/artist-range?artist=Coldplay
O (Fly On),Coldplay,A#2,A4,https://singingcarrots.com/artist-range?artist=Coldplay
Oceans,Coldplay,E3,A#4,https://singingcarrots.com/artist-range?artist=Coldplay
One I Love,Coldplay,A2,F#4,https://singingcarrots.com/artist-range?artist=Coldplay
Only Superstition,Coldplay,E3,A4,https://singingcarrots.com/artist-range?artist=Coldplay
Parachutes,Coldplay,E3,C#4,https://singingcarrots.com/artist-range?artist=Coldplay
Paradise,Coldplay,A2,A4,https://singingcarrots.com/artist-range?artist=Coldplay
Politik,Coldplay,C3,D#4,https://singingcarrots.com/artist-range?artist=Coldplay
Poor Me,Coldplay,A2,F#4,https://singingcarrots.com/artist-range?artist=Coldplay
Proof,Coldplay,F#2,B4,https://singingcarrots.com/artist-range?artist=Coldplay
Prospekt's March / Poppyfields,Coldplay,A2,A4,https://singingcarrots.com/artist-range?artist=Coldplay
Reign of Love,Coldplay,A2,D4,https://singingcarrots.com/artist-range?artist=Coldplay
See You Soon,Coldplay,G#2,B4,https://singingcarrots.com/artist-range?artist=Coldplay
Sleeping Sun,Coldplay,A#2,G#4,https://singingcarrots.com/artist-range?artist=Coldplay
Sparks,Coldplay,A#2,G#4,https://singingcarrots.com/artist-range?artist=Coldplay
Speed of Sound,Coldplay,F#2,A4,https://singingcarrots.com/artist-range?artist=Coldplay
Spies,Coldplay,C#3,G#4,https://singingcarrots.com/artist-range?artist=Coldplay
Such a Rush,Coldplay,C3,A4,https://singingcarrots.com/artist-range?artist=Coldplay
Swallowed In the Sea,Coldplay,A2,A4,https://singingcarrots.com/artist-range?artist=Coldplay
The Escapist,Coldplay,B2,G#4,https://singingcarrots.com/artist-range?artist=Coldplay
The Goldrush,Coldplay,C3,D4,https://singingcarrots.com/artist-range?artist=Coldplay
The Hardest Part,Coldplay,G2,A#4,https://singingcarrots.com/artist-range?artist=Coldplay
The World Turned Upside Down,Coldplay,B2,A4,https://singingcarrots.com/artist-range?artist=Coldplay
Things I Don't Understand,Coldplay,C2,A3,https://singingcarrots.com/artist-range?artist=Coldplay
Twisted Logic,Coldplay,F#2,A#4,https://singingcarrots.com/artist-range?artist=Coldplay
U.F.O.,Coldplay,B2,G4,https://singingcarrots.com/artist-range?artist=Coldplay
Up In Flames,Coldplay,A#2,A#4,https://singingcarrots.com/artist-range?artist=Coldplay
Up With the Birds,Coldplay,G2,B4,https://singingcarrots.com/artist-range?artist=Coldplay
Us Against the World,Coldplay,G2,D4,https://singingcarrots.com/artist-range?artist=Coldplay
Violet Hill,Coldplay,B2,D#4,https://singingcarrots.com/artist-range?artist=Coldplay
Warning Sign,Coldplay,D3,A#4,https://singingcarrots.com/artist-range?artist=Coldplay
We All Fall in Love Sometimes,Coldplay,C3,G4,https://singingcarrots.com/artist-range?artist=Coldplay
We Never Change,Coldplay,C#3,B4,https://singingcarrots.com/artist-range?artist=Coldplay
What If?,Coldplay,G#2,B4,https://singingcarrots.com/artist-range?artist=Coldplay
When I Need a Friend,Coldplay,C#3,A#4,https://singingcarrots.com/artist-range?artist=Coldplay
Wish I Was Here,Coldplay,E2,D3,https://singingcarrots.com/artist-range?artist=Coldplay
World Turned Upside Down,Coldplay,B1,F#4,https://singingcarrots.com/artist-range?artist=Coldplay
X Marks the Spot,Coldplay,A2,D4,https://singingcarrots.com/artist-range?artist=Coldplay
X&Y,Coldplay,G2,B4,https://singingcarrots.com/artist-range?artist=Coldplay
Yellow (Piano Version),Coldplay,F#2,G#4,https://singingcarrots.com/artist-range?artist=Coldplay
Yes,Coldplay,F2,B4,https://singingcarrots.com/artist-range?artist=Coldplay
Still,Commodores,C3,D#4,https://singingcarrots.com/artist-range?artist=Commodores
Sweet Love,Commodores,C#3,G4,https://singingcarrots.com/artist-range?artist=Commodores
Another Hundred People,Company,C3,D#4,https://singingcarrots.com/artist-range?artist=Company
Being Alive [Excerpt],Company,F3,G4,https://singingcarrots.com/artist-range?artist=Company
Have I Got a Girl for You,Company,C3,G4,https://singingcarrots.com/artist-range?artist=Company
Multitudes of Amys,Company,A#2,F4,https://singingcarrots.com/artist-range?artist=Company
Someone Is Waiting,Company,D3,G4,https://singingcarrots.com/artist-range?artist=Company
Sorry - Grateful,Company,C3,F4,https://singingcarrots.com/artist-range?artist=Company
The Ladies Who Lunch,Company,A2,D#4,https://singingcarrots.com/artist-range?artist=Company
Endless Alleluia,Cory Asbury,A2,B4,https://singingcarrots.com/artist-range?artist=Cory%20Asbury
Endless Alleluia,Cory Asbury,A2,B4,https://singingcarrots.com/artist-range?artist=Cory%20Asbury
Sparrows,Cory Asbury,D#3,D#4,https://singingcarrots.com/artist-range?artist=Cory%20Asbury
The Father's House,Cory Asbury,D3,G4,https://singingcarrots.com/artist-range?artist=Cory%20Asbury
Change Partners,"Crosby, Stills & Nash",E3,A4,https://singingcarrots.com/artist-range?artist=Crosby%20Stills%20%26%20Nash
Dark Star,"Crosby, Stills & Nash",C3,F4,https://singingcarrots.com/artist-range?artist=Crosby%20Stills%20%26%20Nash
Fair Game,"Crosby, Stills & Nash",F3,D4,https://singingcarrots.com/artist-range?artist=Crosby%20Stills%20%26%20Nash
He Played Real Good for Free,"Crosby, Stills & Nash",G2,C4,https://singingcarrots.com/artist-range?artist=Crosby%20Stills%20%26%20Nash
Just a Song Before I Go,"Crosby, Stills & Nash",E3,F#4,https://singingcarrots.com/artist-range?artist=Crosby%20Stills%20%26%20Nash
Shadow Captain,"Crosby, Stills & Nash",A2,B4,https://singingcarrots.com/artist-range?artist=Crosby%20Stills%20%26%20Nash
Teach Your Children,"Crosby, Stills & Nash",D3,D4,https://singingcarrots.com/artist-range?artist=Crosby%20Stills%20%26%20Nash
Carry On,"Crosby, Stills, Nash & Young",D3,B4,https://singingcarrots.com/artist-range?artist=Crosby%20Stills%20Nash%20%26%20Young
Chicago,"Crosby, Stills, Nash & Young",A2,A4,https://singingcarrots.com/artist-range?artist=Crosby%20Stills%20Nash%20%26%20Young
Got It Made,"Crosby, Stills, Nash & Young",E3,G4,https://singingcarrots.com/artist-range?artist=Crosby%20Stills%20Nash%20%26%20Young
Wasted on the Way,"Crosby, Stills, Nash & Young",D3,F#4,https://singingcarrots.com/artist-range?artist=Crosby%20Stills%20Nash%20%26%20Young
Wooden Ships,"Crosby, Stills, Nash & Young",B2,F#4,https://singingcarrots.com/artist-range?artist=Crosby%20Stills%20Nash%20%26%20Young
Along the Road,Dan Fogelberg,F#2,E4,https://singingcarrots.com/artist-range?artist=Dan%20Fogelberg
Anyway I Love You,Dan Fogelberg,D3,G4,https://singingcarrots.com/artist-range?artist=Dan%20Fogelberg
As the Raven Flies,Dan Fogelberg,E3,A4,https://singingcarrots.com/artist-range?artist=Dan%20Fogelberg
Beggar's Game,Dan Fogelberg,B2,F4,https://singingcarrots.com/artist-range?artist=Dan%20Fogelberg
Below the Surface,Dan Fogelberg,D3,A4,https://singingcarrots.com/artist-range?artist=Dan%20Fogelberg
Better Change,Dan Fogelberg,E3,A4,https://singingcarrots.com/artist-range?artist=Dan%20Fogelberg
Captured Angel,Dan Fogelberg,D3,A4,https://singingcarrots.com/artist-range?artist=Dan%20Fogelberg
Changing Horses,Dan Fogelberg,D3,A4,https://singingcarrots.com/artist-range?artist=Dan%20Fogelberg
Comes and Goes,Dan Fogelberg,D3,B4,https://singingcarrots.com/artist-range?artist=Dan%20Fogelberg
Crow,Dan Fogelberg,E3,D4,https://singingcarrots.com/artist-range?artist=Dan%20Fogelberg
Dancing Shoes,Dan Fogelberg,G2,D4,https://singingcarrots.com/artist-range?artist=Dan%20Fogelberg
Face the Fire,Dan Fogelberg,D3,E4,https://singingcarrots.com/artist-range?artist=Dan%20Fogelberg
False Faces,Dan Fogelberg,F3,A4,https://singingcarrots.com/artist-range?artist=Dan%20Fogelberg
Give Me Some Time,Dan Fogelberg,C3,G4,https://singingcarrots.com/artist-range?artist=Dan%20Fogelberg
Lessons Learned,Dan Fogelberg,E2,A3,https://singingcarrots.com/artist-range?artist=Dan%20Fogelberg
Looking for a Lady,Dan Fogelberg,A2,G4,https://singingcarrots.com/artist-range?artist=Dan%20Fogelberg
Loose Ends,Dan Fogelberg,E3,G4,https://singingcarrots.com/artist-range?artist=Dan%20Fogelberg
Love Gone By,Dan Fogelberg,G2,C4,https://singingcarrots.com/artist-range?artist=Dan%20Fogelberg
Man In the Mirror,Dan Fogelberg,E3,A4,https://singingcarrots.com/artist-range?artist=Dan%20Fogelberg
More Than Ever,Dan Fogelberg,E3,A4,https://singingcarrots.com/artist-range?artist=Dan%20Fogelberg
Nether Lands,Dan Fogelberg,G2,B3,https://singingcarrots.com/artist-range?artist=Dan%20Fogelberg
Next Time,Dan Fogelberg,F3,A4,https://singingcarrots.com/artist-range?artist=Dan%20Fogelberg
Old Tennessee,Dan Fogelberg,B2,F#4,https://singingcarrots.com/artist-range?artist=Dan%20Fogelberg
Once Upon a Time,Dan Fogelberg,G2,A3,https://singingcarrots.com/artist-range?artist=Dan%20Fogelberg
Part of the Plan,Dan Fogelberg,D3,F#4,https://singingcarrots.com/artist-range?artist=Dan%20Fogelberg
Phoenix,Dan Fogelberg,D3,B4,https://singingcarrots.com/artist-range?artist=Dan%20Fogelberg
Promises Made,Dan Fogelberg,G2,G3,https://singingcarrots.com/artist-range?artist=Dan%20Fogelberg
Rhythm of the Rain,Dan Fogelberg,D3,G4,https://singingcarrots.com/artist-range?artist=Dan%20Fogelberg
Scarecrow's Dream,Dan Fogelberg,F3,G4,https://singingcarrots.com/artist-range?artist=Dan%20Fogelberg
Sketches,Dan Fogelberg,A2,C#4,https://singingcarrots.com/artist-range?artist=Dan%20Fogelberg
Souvenirs,Dan Fogelberg,F3,A4,https://singingcarrots.com/artist-range?artist=Dan%20Fogelberg
Stars,Dan Fogelberg,C3,G4,https://singingcarrots.com/artist-range?artist=Dan%20Fogelberg
The Last Nail,Dan Fogelberg,C3,E4,https://singingcarrots.com/artist-range?artist=Dan%20Fogelberg
The Long Way,Dan Fogelberg,C3,G4,https://singingcarrots.com/artist-range?artist=Dan%20Fogelberg
The Power of Gold,Dan Fogelberg,G2,B3,https://singingcarrots.com/artist-range?artist=Dan%20Fogelberg
There's a Place In the World for a Gambler,Dan Fogelberg,E3,E4,https://singingcarrots.com/artist-range?artist=Dan%20Fogelberg
These Days,Dan Fogelberg,E3,F#4,https://singingcarrots.com/artist-range?artist=Dan%20Fogelberg
Times Like These,Dan Fogelberg,E3,F4,https://singingcarrots.com/artist-range?artist=Dan%20Fogelberg
Wishing on the Moon,Dan Fogelberg,E3,A4,https://singingcarrots.com/artist-range?artist=Dan%20Fogelberg
Wysteria,Dan Fogelberg,E3,A4,https://singingcarrots.com/artist-range?artist=Dan%20Fogelberg
Thinkin' Problem,David Ball,E3,G4,https://singingcarrots.com/artist-range?artist=David%20Ball
Thinkin' Problem,David Ball,E3,G4,https://singingcarrots.com/artist-range?artist=David%20Ball
'Tis a Pity She Was a Whore,David Bowie,D3,F4,https://singingcarrots.com/artist-range?artist=David%20Bowie
(You Will) Set the World on Fire,David Bowie,E3,G4,https://singingcarrots.com/artist-range?artist=David%20Bowie
1984,David Bowie,F3,A4,https://singingcarrots.com/artist-range?artist=David%20Bowie
Absolute Beginners,David Bowie,A2,E4,https://singingcarrots.com/artist-range?artist=David%20Bowie
All the Madmen,David Bowie,C3,G4,https://singingcarrots.com/artist-range?artist=David%20Bowie
Andy Warhol,David Bowie,D3,B4,https://singingcarrots.com/artist-range?artist=David%20Bowie
As the World Falls Down,David Bowie,E3,F#4,https://singingcarrots.com/artist-range?artist=David%20Bowie
Ashes to Ashes,David Bowie,B2,G4,https://singingcarrots.com/artist-range?artist=David%20Bowie
Beauty and the Beast,David Bowie,A2,A4,https://singingcarrots.com/artist-range?artist=David%20Bowie
Blackstar,David Bowie,A2,B4,https://singingcarrots.com/artist-range?artist=David%20Bowie
Blue Jean,David Bowie,D3,A4,https://singingcarrots.com/artist-range?artist=David%20Bowie
Boss of Me,David Bowie,C3,D#4,https://singingcarrots.com/artist-range?artist=David%20Bowie
Boys Keep Swinging,David Bowie,F3,F#4,https://singingcarrots.com/artist-range?artist=David%20Bowie
Breaking Glass,David Bowie,E3,G#4,https://singingcarrots.com/artist-range?artist=David%20Bowie
Can't Help Thinking About Me,David Bowie,C3,D#4,https://singingcarrots.com/artist-range?artist=David%20Bowie
Cat People (Putting Out Fire),David Bowie,G2,G4,https://singingcarrots.com/artist-range?artist=David%20Bowie
Changes,David Bowie,C3,A4,https://singingcarrots.com/artist-range?artist=David%20Bowie
China Girl,David Bowie,B2,G4,https://singingcarrots.com/artist-range?artist=David%20Bowie
Come and Buy My Toys,David Bowie,C3,C4,https://singingcarrots.com/artist-range?artist=David%20Bowie
Cool World,David Bowie,F#2,B4,https://singingcarrots.com/artist-range?artist=David%20Bowie
Cygnet Committee,David Bowie,A#2,A4,https://singingcarrots.com/artist-range?artist=David%20Bowie
Diamond Dogs,David Bowie,E3,G4,https://singingcarrots.com/artist-range?artist=David%20Bowie
Did You Ever Have a Dream,David Bowie,D3,E4,https://singingcarrots.com/artist-range?artist=David%20Bowie
Dirty Boys,David Bowie,E3,E4,https://singingcarrots.com/artist-range?artist=David%20Bowie
Drive-In Saturday,David Bowie,E3,G#4,https://singingcarrots.com/artist-range?artist=David%20Bowie
Eight Line Poem,David Bowie,C3,A4,https://singingcarrots.com/artist-range?artist=David%20Bowie
Fashion,David Bowie,G2,F4,https://singingcarrots.com/artist-range?artist=David%20Bowie
Five Years,David Bowie,E3,A4,https://singingcarrots.com/artist-range?artist=David%20Bowie
Golden Years,David Bowie,B2,B4,https://singingcarrots.com/artist-range?artist=David%20Bowie
Hang Onto Yourself,David Bowie,D3,A4,https://singingcarrots.com/artist-range?artist=David%20Bowie
Heroes,David Bowie,B2,G4,https://singingcarrots.com/artist-range?artist=David%20Bowie
I Can't Give Everything Away,David Bowie,C3,E4,https://singingcarrots.com/artist-range?artist=David%20Bowie
I'd Rather Be High,David Bowie,F3,E4,https://singingcarrots.com/artist-range?artist=David%20Bowie
I'll Take You There,David Bowie,D3,E4,https://singingcarrots.com/artist-range?artist=David%20Bowie
I'm Afraid of Americans,David Bowie,D#3,C4,https://singingcarrots.com/artist-range?artist=David%20Bowie
In the Heat of the Morning,David Bowie,E3,G4,https://singingcarrots.com/artist-range?artist=David%20Bowie
Join the Gang,David Bowie,B2,F#4,https://singingcarrots.com/artist-range?artist=David%20Bowie
Karma Man,David Bowie,D3,G#4,https://singingcarrots.com/artist-range?artist=David%20Bowie
Kooks,David Bowie,E3,D4,https://singingcarrots.com/artist-range?artist=David%20Bowie
Lazarus,David Bowie,C3,B3,https://singingcarrots.com/artist-range?artist=David%20Bowie
Let Me Sleep Beside You,David Bowie,A2,A4,https://singingcarrots.com/artist-range?artist=David%20Bowie
Little Wonder,David Bowie,B2,E4,https://singingcarrots.com/artist-range?artist=David%20Bowie
Love You Till Tuesday,David Bowie,A#2,F4,https://singingcarrots.com/artist-range?artist=David%20Bowie
Magic Dance,David Bowie,F2,A4,https://singingcarrots.com/artist-range?artist=David%20Bowie
Memory of a Free Festival,David Bowie,E3,A4,https://singingcarrots.com/artist-range?artist=David%20Bowie
Modern Love,David Bowie,F3,F4,https://singingcarrots.com/artist-range?artist=David%20Bowie
Nature Boy,David Bowie,C3,F4,https://singingcarrots.com/artist-range?artist=David%20Bowie
Please Mr. Gravedigger,David Bowie,C3,A3,https://singingcarrots.com/artist-range?artist=David%20Bowie
Queen Bitch,David Bowie,C3,A4,https://singingcarrots.com/artist-range?artist=David%20Bowie
Quicksand,David Bowie,D3,A4,https://singingcarrots.com/artist-range?artist=David%20Bowie
Rebel Rebel,David Bowie,E3,E4,https://singingcarrots.com/artist-range?artist=David%20Bowie
Rock & Roll Suicide,David Bowie,A2,A#4,https://singingcarrots.com/artist-range?artist=David%20Bowie
Rock 'n' Roll Suicide,David Bowie,A2,B4,https://singingcarrots.com/artist-range?artist=David%20Bowie
Scary Monsters (and Super Creeps),David Bowie,G#2,C4,https://singingcarrots.com/artist-range?artist=David%20Bowie
Sell Me a Coat,David Bowie,D3,C4,https://singingcarrots.com/artist-range?artist=David%20Bowie
So She,David Bowie,E3,D#4,https://singingcarrots.com/artist-range?artist=David%20Bowie
Song for Bob Dylan,David Bowie,E3,A4,https://singingcarrots.com/artist-range?artist=David%20Bowie
Soul Love,David Bowie,C#3,A4,https://singingcarrots.com/artist-range?artist=David%20Bowie
Sound and Vision,David Bowie,D2,G3,https://singingcarrots.com/artist-range?artist=David%20Bowie
Starman,David Bowie,G2,A4,https://singingcarrots.com/artist-range?artist=David%20Bowie
Sufragette City,David Bowie,E3,A4,https://singingcarrots.com/artist-range?artist=David%20Bowie
The Bewlay Brothers,David Bowie,A2,A4,https://singingcarrots.com/artist-range?artist=David%20Bowie
The Gospel According To Tony Day,David Bowie,A2,G4,https://singingcarrots.com/artist-range?artist=David%20Bowie
The Jean Genie,David Bowie,B2,G4,https://singingcarrots.com/artist-range?artist=David%20Bowie
The Laughing Gnome,David Bowie,C3,F4,https://singingcarrots.com/artist-range?artist=David%20Bowie
The Man Who Sold the World,David Bowie,D3,F4,https://singingcarrots.com/artist-range?artist=David%20Bowie
The Next Day,David Bowie,D3,F#4,https://singingcarrots.com/artist-range?artist=David%20Bowie
The Prettiest Star,David Bowie,E3,D4,https://singingcarrots.com/artist-range?artist=David%20Bowie
The Secret Life of Arabia,David Bowie,G2,A4,https://singingcarrots.com/artist-range?artist=David%20Bowie
The Supermen,David Bowie,A2,G4,https://singingcarrots.com/artist-range?artist=David%20Bowie
The Wild Eyed Boy From Freecloud,David Bowie,B2,G4,https://singingcarrots.com/artist-range?artist=David%20Bowie
This Is Not America,David Bowie,D3,B4,https://singingcarrots.com/artist-range?artist=David%20Bowie
Uncle Arthur,David Bowie,D3,F#4,https://singingcarrots.com/artist-range?artist=David%20Bowie
When I Live My Dream,David Bowie,C3,A4,https://singingcarrots.com/artist-range?artist=David%20Bowie
Where Are We Now?,David Bowie,D3,E4,https://singingcarrots.com/artist-range?artist=David%20Bowie
Wild Is the Wind,David Bowie,D3,B4,https://singingcarrots.com/artist-range?artist=David%20Bowie
Within You,David Bowie,E3,G4,https://singingcarrots.com/artist-range?artist=David%20Bowie
Without You,David Bowie,A2,D4,https://singingcarrots.com/artist-range?artist=David%20Bowie
You Feel So Lonely You Could Die,David Bowie,D3,F4,https://singingcarrots.com/artist-range?artist=David%20Bowie
...Neverending...,David Crowder Band,A#2,F4,https://singingcarrots.com/artist-range?artist=David%20Crowder%20Band
A Return,David Crowder Band,C3,E4,https://singingcarrots.com/artist-range?artist=David%20Crowder%20Band
After All (Holy),David Crowder Band,C#3,G#4,https://singingcarrots.com/artist-range?artist=David%20Crowder%20Band
All Around Me,David Crowder Band,E3,G4,https://singingcarrots.com/artist-range?artist=David%20Crowder%20Band
All Creatures,David Crowder Band,D3,E4,https://singingcarrots.com/artist-range?artist=David%20Crowder%20Band
All Creatures #2,David Crowder Band,F#2,E4,https://singingcarrots.com/artist-range?artist=David%20Crowder%20Band
"Alleluia, Sing",David Crowder Band,D3,F4,https://singingcarrots.com/artist-range?artist=David%20Crowder%20Band
Birmingham (We Are Safe),David Crowder Band,F3,F4,https://singingcarrots.com/artist-range?artist=David%20Crowder%20Band
Blessedness of Everlasting Light,David Crowder Band,D3,D4,https://singingcarrots.com/artist-range?artist=David%20Crowder%20Band
Can I Lie Here,David Crowder Band,E3,E4,https://singingcarrots.com/artist-range?artist=David%20Crowder%20Band
Can You Feel It?,David Crowder Band,C#3,C#4,https://singingcarrots.com/artist-range?artist=David%20Crowder%20Band
Come Thou Fount,David Crowder Band,E3,E4,https://singingcarrots.com/artist-range?artist=David%20Crowder%20Band
Deliver Me,David Crowder Band,E2,C#4,https://singingcarrots.com/artist-range?artist=David%20Crowder%20Band
Do Not Move,David Crowder Band,D3,G4,https://singingcarrots.com/artist-range?artist=David%20Crowder%20Band
Everything Glorious,David Crowder Band,G2,E4,https://singingcarrots.com/artist-range?artist=David%20Crowder%20Band
Fall on Your Knees,David Crowder Band,D3,D4,https://singingcarrots.com/artist-range?artist=David%20Crowder%20Band
Feliz Navidad,David Crowder Band,E3,E4,https://singingcarrots.com/artist-range?artist=David%20Crowder%20Band
Forever and Ever,David Crowder Band,A#2,D#4,https://singingcarrots.com/artist-range?artist=David%20Crowder%20Band
"God Almighty, None Compares",David Crowder Band,D3,A4,https://singingcarrots.com/artist-range?artist=David%20Crowder%20Band
God of Wrath,David Crowder Band,G2,D#4,https://singingcarrots.com/artist-range?artist=David%20Crowder%20Band
Here Is Our King,David Crowder Band,G2,C4,https://singingcarrots.com/artist-range?artist=David%20Crowder%20Band
How Great,David Crowder Band,D#2,F4,https://singingcarrots.com/artist-range?artist=David%20Crowder%20Band
I Am,David Crowder Band,G2,G4,https://singingcarrots.com/artist-range?artist=David%20Crowder%20Band
I Am a Seed,David Crowder Band,B2,G#4,https://singingcarrots.com/artist-range?artist=David%20Crowder%20Band
I Need Words,David Crowder Band,F#2,B3,https://singingcarrots.com/artist-range?artist=David%20Crowder%20Band
In the End (O Resplendent Light!),David Crowder Band,D3,E4,https://singingcarrots.com/artist-range?artist=David%20Crowder%20Band
Intoxicating,David Crowder Band,F2,C#4,https://singingcarrots.com/artist-range?artist=David%20Crowder%20Band
Joy to the World,David Crowder Band,D3,F#4,https://singingcarrots.com/artist-range?artist=David%20Crowder%20Band
Leaning on the Everlasting Arms /  'Tis So Sweet To Trust In Jesus,David Crowder Band,D3,D4,https://singingcarrots.com/artist-range?artist=David%20Crowder%20Band
Let Me Feel You Shine,David Crowder Band,E3,F#4,https://singingcarrots.com/artist-range?artist=David%20Crowder%20Band
Like a Lion,David Crowder Band,C#3,F#4,https://singingcarrots.com/artist-range?artist=David%20Crowder%20Band
My Hope,David Crowder Band,E2,D4,https://singingcarrots.com/artist-range?artist=David%20Crowder%20Band
Never Let Go,David Crowder Band,B2,E4,https://singingcarrots.com/artist-range?artist=David%20Crowder%20Band
No One Like You,David Crowder Band,E2,C#4,https://singingcarrots.com/artist-range?artist=David%20Crowder%20Band
"O Come, O Come, Emmanuel",David Crowder Band,B2,G#4,https://singingcarrots.com/artist-range?artist=David%20Crowder%20Band
O Praise Him,David Crowder Band,D3,D4,https://singingcarrots.com/artist-range?artist=David%20Crowder%20Band
O Praise Him (All This for a King),David Crowder Band,F3,F4,https://singingcarrots.com/artist-range?artist=David%20Crowder%20Band
O for a Thousand Tongues to Sing,David Crowder Band,D3,G4,https://singingcarrots.com/artist-range?artist=David%20Crowder%20Band
"Oh Great God, Give Us Rest",David Crowder Band,C3,G4,https://singingcarrots.com/artist-range?artist=David%20Crowder%20Band
"Oh, Great Love of God",David Crowder Band,C3,G4,https://singingcarrots.com/artist-range?artist=David%20Crowder%20Band
"Oh, Happiness",David Crowder Band,E3,E4,https://singingcarrots.com/artist-range?artist=David%20Crowder%20Band
Only You,David Crowder Band,G2,C4,https://singingcarrots.com/artist-range?artist=David%20Crowder%20Band
Open Skies,David Crowder Band,D3,D4,https://singingcarrots.com/artist-range?artist=David%20Crowder%20Band
Our Communion,David Crowder Band,C3,F4,https://singingcarrots.com/artist-range?artist=David%20Crowder%20Band
Our Love Is Loud,David Crowder Band,D3,D4,https://singingcarrots.com/artist-range?artist=David%20Crowder%20Band
Phos Hilaron,David Crowder Band,E3,C4,https://singingcarrots.com/artist-range?artist=David%20Crowder%20Band
Rain Down,David Crowder Band,D#3,C#4,https://singingcarrots.com/artist-range?artist=David%20Crowder%20Band
Remedy,David Crowder Band,D3,B4,https://singingcarrots.com/artist-range?artist=David%20Crowder%20Band
Revolutionary Love,David Crowder Band,D#3,G#4,https://singingcarrots.com/artist-range?artist=David%20Crowder%20Band
SMS (Shine),David Crowder Band,A2,E4,https://singingcarrots.com/artist-range?artist=David%20Crowder%20Band
Shadows,David Crowder Band,D#3,C#4,https://singingcarrots.com/artist-range?artist=David%20Crowder%20Band
Surely We Can Change,David Crowder Band,G#2,F4,https://singingcarrots.com/artist-range?artist=David%20Crowder%20Band
The Glory of It All,David Crowder Band,D#3,F#4,https://singingcarrots.com/artist-range?artist=David%20Crowder%20Band
The Great Amen,David Crowder Band,F3,D4,https://singingcarrots.com/artist-range?artist=David%20Crowder%20Band
This I Know,David Crowder Band,A2,F4,https://singingcarrots.com/artist-range?artist=David%20Crowder%20Band
We Are Loved,David Crowder Band,E3,G4,https://singingcarrots.com/artist-range?artist=David%20Crowder%20Band
We Won't Be Quiet,David Crowder Band,D#3,D#4,https://singingcarrots.com/artist-range?artist=David%20Crowder%20Band
What a Miracle,David Crowder Band,D3,G4,https://singingcarrots.com/artist-range?artist=David%20Crowder%20Band
Wholly Yours,David Crowder Band,A2,F#4,https://singingcarrots.com/artist-range?artist=David%20Crowder%20Band
Wonderful King,David Crowder Band,G#2,C#4,https://singingcarrots.com/artist-range?artist=David%20Crowder%20Band
You Alone,David Crowder Band,D3,D4,https://singingcarrots.com/artist-range?artist=David%20Crowder%20Band
You're Everything,David Crowder Band,F#2,C#4,https://singingcarrots.com/artist-range?artist=David%20Crowder%20Band
(Remember Me) I'm the One Who Loves You,Dean Martin,C3,D4,https://singingcarrots.com/artist-range?artist=Dean%20Martin
A Marshmallow World,Dean Martin,B2,D4,https://singingcarrots.com/artist-range?artist=Dean%20Martin
Ain't That a Kick in the Head,Dean Martin,C3,F4,https://singingcarrots.com/artist-range?artist=Dean%20Martin
"Baby, It's Cold Outside",Dean Martin,E3,F#4,https://singingcarrots.com/artist-range?artist=Dean%20Martin
Bouquet of Roses,Dean Martin,B2,C4,https://singingcarrots.com/artist-range?artist=Dean%20Martin
Do It Yourself,Dean Martin,A#2,F4,https://singingcarrots.com/artist-range?artist=Dean%20Martin
Ev'ry Street's a Boulevard (In Old New York),Dean Martin,C3,G4,https://singingcarrots.com/artist-range?artist=Dean%20Martin
Good Mornin' Life,Dean Martin,B2,D4,https://singingcarrots.com/artist-range?artist=Dean%20Martin
Goodnight Sweetheart,Dean Martin,A#2,D4,https://singingcarrots.com/artist-range?artist=Dean%20Martin
Hit the Road To Dreamland,Dean Martin,C3,E4,https://singingcarrots.com/artist-range?artist=Dean%20Martin
Houston,Dean Martin,A#2,C4,https://singingcarrots.com/artist-range?artist=Dean%20Martin
How D'ya Like Your Eggs In the Morning?,Dean Martin,C3,E4,https://singingcarrots.com/artist-range?artist=Dean%20Martin
How Do You Speak To An Angel?,Dean Martin,C3,E4,https://singingcarrots.com/artist-range?artist=Dean%20Martin
I Met a Girl,Dean Martin,A#2,D#4,https://singingcarrots.com/artist-range?artist=Dean%20Martin
I Take a Lot of Pride In What I Am,Dean Martin,B2,A3,https://singingcarrots.com/artist-range?artist=Dean%20Martin
I Will,Dean Martin,D3,C4,https://singingcarrots.com/artist-range?artist=Dean%20Martin
If,Dean Martin,B2,D4,https://singingcarrots.com/artist-range?artist=Dean%20Martin
In the Chapel in the Moonlight,Dean Martin,B2,E4,https://singingcarrots.com/artist-range?artist=Dean%20Martin
Innamorata (Sweetheart),Dean Martin,D3,D4,https://singingcarrots.com/artist-range?artist=Dean%20Martin
Just In Time,Dean Martin,A#2,D4,https://singingcarrots.com/artist-range?artist=Dean%20Martin
Lay Some Happiness on Me,Dean Martin,C3,E4,https://singingcarrots.com/artist-range?artist=Dean%20Martin
Little Old Wine Drinker Me,Dean Martin,A2,C4,https://singingcarrots.com/artist-range?artist=Dean%20Martin
Memories Are Made of This,Dean Martin,A#2,D4,https://singingcarrots.com/artist-range?artist=Dean%20Martin
My Heart Cries for You,Dean Martin,A2,D4,https://singingcarrots.com/artist-range?artist=Dean%20Martin
On an Evening in Rome,Dean Martin,B2,D4,https://singingcarrots.com/artist-range?artist=Dean%20Martin
Once in Love with Amy,Dean Martin,D3,D4,https://singingcarrots.com/artist-range?artist=Dean%20Martin
Powder Your Face With Sunshine,Dean Martin,C3,D4,https://singingcarrots.com/artist-range?artist=Dean%20Martin
Relax-Ay-Voo,Dean Martin,C3,D#4,https://singingcarrots.com/artist-range?artist=Dean%20Martin
Return To Me,Dean Martin,C3,E4,https://singingcarrots.com/artist-range?artist=Dean%20Martin
Somewhere There's a Someone,Dean Martin,B2,D4,https://singingcarrots.com/artist-range?artist=Dean%20Martin
That Certain Party,Dean Martin,C3,D#4,https://singingcarrots.com/artist-range?artist=Dean%20Martin
That's Amore (That's Love),Dean Martin,B2,D4,https://singingcarrots.com/artist-range?artist=Dean%20Martin
The Christmas Blues,Dean Martin,A2,C#4,https://singingcarrots.com/artist-range?artist=Dean%20Martin
The Night Is Young (And You're So Beautiful),Dean Martin,B2,E4,https://singingcarrots.com/artist-range?artist=Dean%20Martin
The Object of My Affection,Dean Martin,A#2,D#4,https://singingcarrots.com/artist-range?artist=Dean%20Martin
The Peanut Vendor,Dean Martin,D3,G4,https://singingcarrots.com/artist-range?artist=Dean%20Martin
Under the Bridges of Paris,Dean Martin,C3,F4,https://singingcarrots.com/artist-range?artist=Dean%20Martin
Walkin' My Baby Back Home,Dean Martin,D3,F4,https://singingcarrots.com/artist-range?artist=Dean%20Martin
Who's Got the Action?,Dean Martin,A#2,C#4,https://singingcarrots.com/artist-range?artist=Dean%20Martin
Wrap Your Troubles In Dreams,Dean Martin,E3,E4,https://singingcarrots.com/artist-range?artist=Dean%20Martin
Hiding in Your Hands,Dear Evan Hansen,G2,C4,https://singingcarrots.com/artist-range?artist=Dear%20Evan%20Hansen
Part of Me,Dear Evan Hansen,G2,D#4,https://singingcarrots.com/artist-range?artist=Dear%20Evan%20Hansen
And I Love You So,Don McLean,C3,E4,https://singingcarrots.com/artist-range?artist=Don%20McLean
Birthday Song,Don McLean,A2,E4,https://singingcarrots.com/artist-range?artist=Don%20McLean
Bronco Bill's Lament,Don McLean,D3,G4,https://singingcarrots.com/artist-range?artist=Don%20McLean
Castles In the Air,Don McLean,E2,E4,https://singingcarrots.com/artist-range?artist=Don%20McLean
Circus Song,Don McLean,A2,E4,https://singingcarrots.com/artist-range?artist=Don%20McLean
Crossroads,Don McLean,B2,D4,https://singingcarrots.com/artist-range?artist=Don%20McLean
Empty Chairs,Don McLean,D3,E4,https://singingcarrots.com/artist-range?artist=Don%20McLean
If We Try,Don McLean,B2,G4,https://singingcarrots.com/artist-range?artist=Don%20McLean
No Reasons for Your Dreams,Don McLean,D3,E4,https://singingcarrots.com/artist-range?artist=Don%20McLean
Tapestry,Don McLean,B2,D4,https://singingcarrots.com/artist-range?artist=Don%20McLean
The Mountains O'Mourne,Don McLean,A2,D4,https://singingcarrots.com/artist-range?artist=Don%20McLean
Three Flights Up,Don McLean,A2,F#4,https://singingcarrots.com/artist-range?artist=Don%20McLean
Till Tomorrow,Don McLean,A#2,D#4,https://singingcarrots.com/artist-range?artist=Don%20McLean
To Have and To Hold,Don McLean,G2,D#4,https://singingcarrots.com/artist-range?artist=Don%20McLean
Vincent (Starry Starry Night),Don McLean,D3,E4,https://singingcarrots.com/artist-range?artist=Don%20McLean
Winterwood,Don McLean,G2,E4,https://singingcarrots.com/artist-range?artist=Don%20McLean
Wonderful Baby,Don McLean,C#3,G4,https://singingcarrots.com/artist-range?artist=Don%20McLean
You Have Lived,Don McLean,G2,E4,https://singingcarrots.com/artist-range?artist=Don%20McLean
All We Like Sheep,Don Moen,D3,D4,https://singingcarrots.com/artist-range?artist=Don%20Moen
Be Magnified,Don Moen,A2,D4,https://singingcarrots.com/artist-range?artist=Don%20Moen
Blessed Be the Name of the Lord,Don Moen,E3,D4,https://singingcarrots.com/artist-range?artist=Don%20Moen
Emmanuel Has Come,Don Moen,A2,C#4,https://singingcarrots.com/artist-range?artist=Don%20Moen
God Is Good All the Time,Don Moen,D3,E4,https://singingcarrots.com/artist-range?artist=Don%20Moen
God Will Make a Way,Don Moen,C3,E4,https://singingcarrots.com/artist-range?artist=Don%20Moen
Great Is Your Mercy,Don Moen,B2,C4,https://singingcarrots.com/artist-range?artist=Don%20Moen
Hallelujah To the Lamb,Don Moen,G#2,C#4,https://singingcarrots.com/artist-range?artist=Don%20Moen
Heal Me O Lord,Don Moen,F2,D4,https://singingcarrots.com/artist-range?artist=Don%20Moen
Here We Are,Don Moen,F2,C4,https://singingcarrots.com/artist-range?artist=Don%20Moen
I Am the God That Healeth Thee,Don Moen,D#3,F4,https://singingcarrots.com/artist-range?artist=Don%20Moen
I Offer My Life,Don Moen,C3,D4,https://singingcarrots.com/artist-range?artist=Don%20Moen
I Want To Be Where You Are,Don Moen,C3,D4,https://singingcarrots.com/artist-range?artist=Don%20Moen
Sing for Joy,Don Moen,B2,B3,https://singingcarrots.com/artist-range?artist=Don%20Moen
Thank You Lord,Don Moen,D3,D4,https://singingcarrots.com/artist-range?artist=Don%20Moen
This Is Your House,Don Moen,A2,A#3,https://singingcarrots.com/artist-range?artist=Don%20Moen
When It's All Been Said and Done,Don Moen,C2,F4,https://singingcarrots.com/artist-range?artist=Don%20Moen
Wonderful Magnificent God,Don Moen,C2,E4,https://singingcarrots.com/artist-range?artist=Don%20Moen
Worthy of Praises,Don Moen,A#2,D4,https://singingcarrots.com/artist-range?artist=Don%20Moen
After the Thrill Is Gone,Eagles,D3,B4,https://singingcarrots.com/artist-range?artist=The%20Eagles
All Night Long,Eagles,A#2,A3,https://singingcarrots.com/artist-range?artist=The%20Eagles
Center of the Universe,Eagles,C3,A4,https://singingcarrots.com/artist-range?artist=The%20Eagles
Desperado Part II,Eagles,E3,B4,https://singingcarrots.com/artist-range?artist=The%20Eagles
Do Something,Eagles,E3,A4,https://singingcarrots.com/artist-range?artist=The%20Eagles
Doolin - Dalton Part II,Eagles,C#3,G#4,https://singingcarrots.com/artist-range?artist=The%20Eagles
Doolin-Dalton,Eagles,C#3,B4,https://singingcarrots.com/artist-range?artist=The%20Eagles
Fast Company,Eagles,D3,B4,https://singingcarrots.com/artist-range?artist=The%20Eagles
Frail Grasp on the Big Picture,Eagles,F3,A4,https://singingcarrots.com/artist-range?artist=The%20Eagles
Get Over It,Eagles,F2,A4,https://singingcarrots.com/artist-range?artist=The%20Eagles
Heartache Tonight,Eagles,D3,B4,https://singingcarrots.com/artist-range?artist=The%20Eagles
Hole In the World,Eagles,F#2,B4,https://singingcarrots.com/artist-range?artist=The%20Eagles
Hollywood Waltz,Eagles,E3,E4,https://singingcarrots.com/artist-range?artist=The%20Eagles
I Can't Tell You Why,Eagles,B2,B4,https://singingcarrots.com/artist-range?artist=The%20Eagles
I Wish You Peace,Eagles,E3,F#4,https://singingcarrots.com/artist-range?artist=The%20Eagles
It's Your World Now,Eagles,D3,A4,https://singingcarrots.com/artist-range?artist=The%20Eagles
Learn To Be Still,Eagles,F#2,F#4,https://singingcarrots.com/artist-range?artist=The%20Eagles
Long Road Out of Eden,Eagles,F#2,A4,https://singingcarrots.com/artist-range?artist=The%20Eagles
Most of Us Are Sad,Eagles,D3,E4,https://singingcarrots.com/artist-range?artist=The%20Eagles
My Man,Eagles,A#2,B4,https://singingcarrots.com/artist-range?artist=The%20Eagles
New York Minute,Eagles,A2,A3,https://singingcarrots.com/artist-range?artist=The%20Eagles
Nightingale,Eagles,D3,B4,https://singingcarrots.com/artist-range?artist=The%20Eagles
No More Cloudy Days,Eagles,E3,G4,https://singingcarrots.com/artist-range?artist=The%20Eagles
No More Walks In the Wood,Eagles,G2,A#4,https://singingcarrots.com/artist-range?artist=The%20Eagles
On the Border,Eagles,E3,B4,https://singingcarrots.com/artist-range?artist=The%20Eagles
Outlaw Man,Eagles,E3,B4,https://singingcarrots.com/artist-range?artist=The%20Eagles
Please Come Home for Christmas,Eagles,F3,A4,https://singingcarrots.com/artist-range?artist=The%20Eagles
Saturday Night,Eagles,D3,A4,https://singingcarrots.com/artist-range?artist=The%20Eagles
Seven Bridges Road,Eagles,D3,A4,https://singingcarrots.com/artist-range?artist=The%20Eagles
Take the Devil,Eagles,E3,A4,https://singingcarrots.com/artist-range?artist=The%20Eagles
Teenage Jail,Eagles,E2,D4,https://singingcarrots.com/artist-range?artist=The%20Eagles
The Best of My Love,Eagles,E3,A4,https://singingcarrots.com/artist-range?artist=The%20Eagles
The Girl From Yesterday,Eagles,G2,A4,https://singingcarrots.com/artist-range?artist=The%20Eagles
The Greeks Don't Want No Freaks,Eagles,A#2,G4,https://singingcarrots.com/artist-range?artist=The%20Eagles
Too Many Hands,Eagles,C3,A3,https://singingcarrots.com/artist-range?artist=The%20Eagles
Victim of Love,Eagles,F3,G4,https://singingcarrots.com/artist-range?artist=The%20Eagles
Visions,Eagles,E3,G#4,https://singingcarrots.com/artist-range?artist=The%20Eagles
Waiting In the Weeds,Eagles,A#2,A#4,https://singingcarrots.com/artist-range?artist=The%20Eagles
Witchy Woman,Eagles,F2,A#4,https://singingcarrots.com/artist-range?artist=The%20Eagles
You Are Not Alone,Eagles,D3,D4,https://singingcarrots.com/artist-range?artist=The%20Eagles
Boogie Wonderland,"Earth, Wind & Fire",F3,F4,https://singingcarrots.com/artist-range?artist=Earth%20Wind%20%26%20Fire
Can't Hide Love,"Earth, Wind & Fire",A2,A4,https://singingcarrots.com/artist-range?artist=Earth%20Wind%20%26%20Fire
Devotion,"Earth, Wind & Fire",G2,C4,https://singingcarrots.com/artist-range?artist=Earth%20Wind%20%26%20Fire
Fantasy,"Earth, Wind & Fire",G2,B3,https://singingcarrots.com/artist-range?artist=Earth%20Wind%20%26%20Fire
Got to Get You Into My Life,"Earth, Wind & Fire",F#2,A#4,https://singingcarrots.com/artist-range?artist=Earth%20Wind%20%26%20Fire
In the Stone,"Earth, Wind & Fire",C#2,A3,https://singingcarrots.com/artist-range?artist=Earth%20Wind%20%26%20Fire
Mighty Mighty,"Earth, Wind & Fire",C3,G4,https://singingcarrots.com/artist-range?artist=Earth%20Wind%20%26%20Fire
Sing a Song,"Earth, Wind & Fire",F#2,D#4,https://singingcarrots.com/artist-range?artist=Earth%20Wind%20%26%20Fire
System of Survival,"Earth, Wind & Fire",A#2,A#4,https://singingcarrots.com/artist-range?artist=Earth%20Wind%20%26%20Fire
Thinking of You,"Earth, Wind & Fire",C#3,A4,https://singingcarrots.com/artist-range?artist=Earth%20Wind%20%26%20Fire
Afire Love,Ed Sheeran,D3,F4,https://singingcarrots.com/artist-range?artist=Ed%20Sheeran
Afterglow,Ed Sheeran,C3,F4,https://singingcarrots.com/artist-range?artist=Ed%20Sheeran
All of the Stars,Ed Sheeran,F2,G4,https://singingcarrots.com/artist-range?artist=Ed%20Sheeran
Bibia Be Ye Ye,Ed Sheeran,C3,G4,https://singingcarrots.com/artist-range?artist=Ed%20Sheeran
Bloodstream,Ed Sheeran,C#3,A#4,https://singingcarrots.com/artist-range?artist=Ed%20Sheeran
Candle in the Wind (2018 Version),Ed Sheeran,B2,G#4,https://singingcarrots.com/artist-range?artist=Ed%20Sheeran
Dive,Ed Sheeran,E2,B4,https://singingcarrots.com/artist-range?artist=Ed%20Sheeran
Don't,Ed Sheeran,B2,E4,https://singingcarrots.com/artist-range?artist=Ed%20Sheeran
Drunk,Ed Sheeran,D3,B4,https://singingcarrots.com/artist-range?artist=Ed%20Sheeran
Eraser,Ed Sheeran,D3,G4,https://singingcarrots.com/artist-range?artist=Ed%20Sheeran
Even My Dad Does Sometimes,Ed Sheeran,A2,F#4,https://singingcarrots.com/artist-range?artist=Ed%20Sheeran
Galway Girl,Ed Sheeran,D3,E4,https://singingcarrots.com/artist-range?artist=Ed%20Sheeran
Grade 8,Ed Sheeran,F3,A#4,https://singingcarrots.com/artist-range?artist=Ed%20Sheeran
Hearts Don't Break Around Here,Ed Sheeran,D3,E4,https://singingcarrots.com/artist-range?artist=Ed%20Sheeran
How Would You Feel (Paean),Ed Sheeran,E3,A4,https://singingcarrots.com/artist-range?artist=Ed%20Sheeran
I Will Take You Home,Ed Sheeran,C#3,D4,https://singingcarrots.com/artist-range?artist=Ed%20Sheeran
I'm a Mess,Ed Sheeran,D#3,A#4,https://singingcarrots.com/artist-range?artist=Ed%20Sheeran
Kiss Me,Ed Sheeran,A2,A4,https://singingcarrots.com/artist-range?artist=Ed%20Sheeran
Lego House,Ed Sheeran,F2,A4,https://singingcarrots.com/artist-range?artist=Ed%20Sheeran
Little Bird,Ed Sheeran,E3,A4,https://singingcarrots.com/artist-range?artist=Ed%20Sheeran
Make It Rain,Ed Sheeran,B2,B4,https://singingcarrots.com/artist-range?artist=Ed%20Sheeran
Nancy Mulligan,Ed Sheeran,D3,E4,https://singingcarrots.com/artist-range?artist=Ed%20Sheeran
New Man,Ed Sheeran,B2,E4,https://singingcarrots.com/artist-range?artist=Ed%20Sheeran
Nina,Ed Sheeran,C#3,F#4,https://singingcarrots.com/artist-range?artist=Ed%20Sheeran
One,Ed Sheeran,A2,A4,https://singingcarrots.com/artist-range?artist=Ed%20Sheeran
Perfect (Mike Perry Remix),Ed Sheeran,D#3,G#4,https://singingcarrots.com/artist-range?artist=Ed%20Sheeran
Save Myself,Ed Sheeran,A#2,F4,https://singingcarrots.com/artist-range?artist=Ed%20Sheeran
Small Bump,Ed Sheeran,B2,E4,https://singingcarrots.com/artist-range?artist=Ed%20Sheeran
Take It Back,Ed Sheeran,D3,A4,https://singingcarrots.com/artist-range?artist=Ed%20Sheeran
Tenerife Sea,Ed Sheeran,G2,E4,https://singingcarrots.com/artist-range?artist=Ed%20Sheeran
The A Team,Ed Sheeran,E3,A4,https://singingcarrots.com/artist-range?artist=Ed%20Sheeran
The City,Ed Sheeran,E3,G4,https://singingcarrots.com/artist-range?artist=Ed%20Sheeran
The Man,Ed Sheeran,B2,F#4,https://singingcarrots.com/artist-range?artist=Ed%20Sheeran
The Parting Glass,Ed Sheeran,E3,G#4,https://singingcarrots.com/artist-range?artist=Ed%20Sheeran
Touch & Go,Ed Sheeran,F3,G4,https://singingcarrots.com/artist-range?artist=Ed%20Sheeran
U.N.I.,Ed Sheeran,C3,D4,https://singingcarrots.com/artist-range?artist=Ed%20Sheeran
Wake Me Up,Ed Sheeran,C#3,E4,https://singingcarrots.com/artist-range?artist=Ed%20Sheeran
What Do I Know?,Ed Sheeran,B2,E4,https://singingcarrots.com/artist-range?artist=Ed%20Sheeran
"You Need Me, I Don't Need You",Ed Sheeran,E3,G4,https://singingcarrots.com/artist-range?artist=Ed%20Sheeran
Man on Fire,Edward Sharpe & The Magnetic Zeros,G2,D4,https://singingcarrots.com/artist-range?artist=Edward%20Sharpe%20%26%20the%20Magnetic%20Zeros
That's What's Up,Edward Sharpe & The Magnetic Zeros,G#2,B4,https://singingcarrots.com/artist-range?artist=Edward%20Sharpe%20%26%20the%20Magnetic%20Zeros
2 Fingers of Whiskey,Elton John,D2,F#3,https://singingcarrots.com/artist-range?artist=Elton%20John
A Dream Come True,Elton John,A#1,F3,https://singingcarrots.com/artist-range?artist=Elton%20John
A Town Called Jubilee,Elton John,E2,E3,https://singingcarrots.com/artist-range?artist=Elton%20John
A Word in Spanish,Elton John,D2,F#3,https://singingcarrots.com/artist-range?artist=Elton%20John
All That I'm Allowed,Elton John,C#2,G#3,https://singingcarrots.com/artist-range?artist=Elton%20John
All the Girls Love Alice,Elton John,G#2,A#3,https://singingcarrots.com/artist-range?artist=Elton%20John
Amazes Me,Elton John,A#1,G3,https://singingcarrots.com/artist-range?artist=Elton%20John
Amoreena,Elton John,G2,G3,https://singingcarrots.com/artist-range?artist=Elton%20John
Are You Ready for Love,Elton John,D2,F#3,https://singingcarrots.com/artist-range?artist=Elton%20John
Ball and Chain,Elton John,F2,A3,https://singingcarrots.com/artist-range?artist=Elton%20John
Believe,Elton John,E2,F3,https://singingcarrots.com/artist-range?artist=Elton%20John
Bennie and the Jets,Elton John,E2,B3,https://singingcarrots.com/artist-range?artist=Elton%20John
Bite Your Lip,Elton John,C3,A3,https://singingcarrots.com/artist-range?artist=Elton%20John
Blessed,Elton John,A1,D#3,https://singingcarrots.com/artist-range?artist=Elton%20John
Blue Eyes,Elton John,C2,G3,https://singingcarrots.com/artist-range?artist=Elton%20John
Blue Wonderful,Elton John,E2,E3,https://singingcarrots.com/artist-range?artist=Elton%20John
Blues for Baby and Me,Elton John,B1,E3,https://singingcarrots.com/artist-range?artist=Elton%20John
Burn Down the Mission,Elton John,G2,B3,https://singingcarrots.com/artist-range?artist=Elton%20John
Can You Feel the Love Tonight,Elton John,G2,G3,https://singingcarrots.com/artist-range?artist=Elton%20John
Can't Stay Alone Tonight,Elton John,C#2,E3,https://singingcarrots.com/artist-range?artist=Elton%20John
Candle in the Wind 1997,Elton John,A1,A3,https://singingcarrots.com/artist-range?artist=Elton%20John
Captain Fantastic and the Brown Dirt Cowboy,Elton John,D2,G3,https://singingcarrots.com/artist-range?artist=Elton%20John
Chloe,Elton John,C2,A3,https://singingcarrots.com/artist-range?artist=Elton%20John
Circle of Life,Elton John,A1,D3,https://singingcarrots.com/artist-range?artist=Elton%20John
Claw Hammer,Elton John,C2,D3,https://singingcarrots.com/artist-range?artist=Elton%20John
Club at the End of the Street,Elton John,D2,F#3,https://singingcarrots.com/artist-range?artist=Elton%20John
Cold,Elton John,C2,A#3,https://singingcarrots.com/artist-range?artist=Elton%20John
Come Down in Time,Elton John,C2,E3,https://singingcarrots.com/artist-range?artist=Elton%20John
Country Comfort,Elton John,F2,A3,https://singingcarrots.com/artist-range?artist=Elton%20John
Crocodile Rock,Elton John,G2,C4,https://singingcarrots.com/artist-range?artist=Elton%20John
Curtains,Elton John,D#2,G3,https://singingcarrots.com/artist-range?artist=Elton%20John
Deep Into the Ground,Elton John,A#1,D#3,https://singingcarrots.com/artist-range?artist=Elton%20John
Don't Let the Sun Go Down on Me,Elton John,E2,A3,https://singingcarrots.com/artist-range?artist=Elton%20John
Duets for One,Elton John,D#2,F3,https://singingcarrots.com/artist-range?artist=Elton%20John
Easier To Walk Away,Elton John,F2,G3,https://singingcarrots.com/artist-range?artist=Elton%20John
Ego,Elton John,E2,B3,https://singingcarrots.com/artist-range?artist=Elton%20John
Eight Hundred Dollar Shoes,Elton John,A#1,D#3,https://singingcarrots.com/artist-range?artist=Elton%20John
El Dorado,Elton John,F2,G3,https://singingcarrots.com/artist-range?artist=Elton%20John
Electricity,Elton John,C2,F#3,https://singingcarrots.com/artist-range?artist=Elton%20John
Empty Garden,Elton John,F2,A#3,https://singingcarrots.com/artist-range?artist=Elton%20John
Freaks In Love,Elton John,F2,F3,https://singingcarrots.com/artist-range?artist=Elton%20John
Friends,Elton John,F2,A3,https://singingcarrots.com/artist-range?artist=Elton%20John
Friends Never Say Goodbye,Elton John,C2,F3,https://singingcarrots.com/artist-range?artist=Elton%20John
Give Peace a Chance,Elton John,G2,F3,https://singingcarrots.com/artist-range?artist=Elton%20John
Gone To Shiloh,Elton John,A1,F3,https://singingcarrots.com/artist-range?artist=Elton%20John
Goodbye Yellow Brick Road,Elton John,D#2,C#4,https://singingcarrots.com/artist-range?artist=Elton%20John
Grey Seal,Elton John,F#2,A3,https://singingcarrots.com/artist-range?artist=Elton%20John
Grow Some Funk of Your Own,Elton John,E2,G3,https://singingcarrots.com/artist-range?artist=Elton%20John
Harmony,Elton John,A1,F#3,https://singingcarrots.com/artist-range?artist=Elton%20John
Have Mercy on the Criminal,Elton John,C2,C4,https://singingcarrots.com/artist-range?artist=Elton%20John
Healing Hands,Elton John,F2,G3,https://singingcarrots.com/artist-range?artist=Elton%20John
Heartache All Over the World,Elton John,D2,G3,https://singingcarrots.com/artist-range?artist=Elton%20John
Hello Hello,Elton John,E2,B3,https://singingcarrots.com/artist-range?artist=Elton%20John
Hercules,Elton John,D2,G3,https://singingcarrots.com/artist-range?artist=Elton%20John
Hey Ahab,Elton John,D#2,G3,https://singingcarrots.com/artist-range?artist=Elton%20John
High Flying Bird,Elton John,C#2,G#3,https://singingcarrots.com/artist-range?artist=Elton%20John
Home Again,Elton John,D2,F3,https://singingcarrots.com/artist-range?artist=Elton%20John
Honky Cat,Elton John,D2,G#3,https://singingcarrots.com/artist-range?artist=Elton%20John
I Can't Keep This From You,Elton John,D2,A#3,https://singingcarrots.com/artist-range?artist=Elton%20John
I Don't Wanna Go on With You Like That,Elton John,E2,E3,https://singingcarrots.com/artist-range?artist=Elton%20John
I Feel Like a Bullet,Elton John,E2,C4,https://singingcarrots.com/artist-range?artist=Elton%20John
I Guess That's Why They Call It the Blues,Elton John,D2,F3,https://singingcarrots.com/artist-range?artist=Elton%20John
I Just Can't Wait To Be King,Elton John,D2,G3,https://singingcarrots.com/artist-range?artist=Elton%20John
I Need You to Turn To,Elton John,B1,D3,https://singingcarrots.com/artist-range?artist=Elton%20John
I Saw Her Standing There,Elton John,A#1,F3,https://singingcarrots.com/artist-range?artist=Elton%20John
I Should Have Sent Roses,Elton John,C2,D3,https://singingcarrots.com/artist-range?artist=Elton%20John
I Stop and I Breathe,Elton John,C2,G3,https://singingcarrots.com/artist-range?artist=Elton%20John
I Swear I Heard the Night Talkin',Elton John,C2,G3,https://singingcarrots.com/artist-range?artist=Elton%20John
I Want Love,Elton John,F#2,E3,https://singingcarrots.com/artist-range?artist=Elton%20John
I've Been Loving You,Elton John,D2,A3,https://singingcarrots.com/artist-range?artist=Elton%20John
In Neon,Elton John,D#2,F3,https://singingcarrots.com/artist-range?artist=Elton%20John
In the Name of You,Elton John,D#2,D#3,https://singingcarrots.com/artist-range?artist=Elton%20John
Indian Sunset,Elton John,D2,G3,https://singingcarrots.com/artist-range?artist=Elton%20John
Island Girl,Elton John,E2,A3,https://singingcarrots.com/artist-range?artist=Elton%20John
It's Getting Dark In Here,Elton John,D#2,F3,https://singingcarrots.com/artist-range?artist=Elton%20John
It's Me That You Need,Elton John,C2,F3,https://singingcarrots.com/artist-range?artist=Elton%20John
It's Tough To Be a God,Elton John,D2,G3,https://singingcarrots.com/artist-range?artist=Elton%20John
Jack Rabbit,Elton John,C2,G3,https://singingcarrots.com/artist-range?artist=Elton%20John
Kiss the Bride,Elton John,G2,C4,https://singingcarrots.com/artist-range?artist=Elton%20John
Lady Samantha,Elton John,F2,G3,https://singingcarrots.com/artist-range?artist=Elton%20John
Legal Boys,Elton John,F2,A#3,https://singingcarrots.com/artist-range?artist=Elton%20John
Lies,Elton John,D2,F3,https://singingcarrots.com/artist-range?artist=Elton%20John
Little Jeannie,Elton John,A2,A#3,https://singingcarrots.com/artist-range?artist=Elton%20John
Live Like Horses,Elton John,D2,G3,https://singingcarrots.com/artist-range?artist=Elton%20John
Looking Up,Elton John,E2,F#3,https://singingcarrots.com/artist-range?artist=Elton%20John
Love Builds a Garden,Elton John,C2,G3,https://singingcarrots.com/artist-range?artist=Elton%20John
Love Lies Bleeding,Elton John,E2,A3,https://singingcarrots.com/artist-range?artist=Elton%20John
Love Song,Elton John,E2,D3,https://singingcarrots.com/artist-range?artist=Elton%20John
Made In England,Elton John,F2,G3,https://singingcarrots.com/artist-range?artist=Elton%20John
Made for Me,Elton John,A#1,F3,https://singingcarrots.com/artist-range?artist=Elton%20John
Madman Across the Water,Elton John,G2,A3,https://singingcarrots.com/artist-range?artist=Elton%20John
Madness,Elton John,D2,D4,https://singingcarrots.com/artist-range?artist=Elton%20John
Mama Can't Buy You Love,Elton John,D2,E3,https://singingcarrots.com/artist-range?artist=Elton%20John
Mellow,Elton John,D2,A3,https://singingcarrots.com/artist-range?artist=Elton%20John
Memory of Love,Elton John,D2,G3,https://singingcarrots.com/artist-range?artist=Elton%20John
Mexican Vacation,Elton John,G2,F3,https://singingcarrots.com/artist-range?artist=Elton%20John
Michelle's Song,Elton John,D2,A3,https://singingcarrots.com/artist-range?artist=Elton%20John
Mona Lisas and Mad Hatters,Elton John,A1,F3,https://singingcarrots.com/artist-range?artist=Elton%20John
Monkey Suit,Elton John,D2,F#3,https://singingcarrots.com/artist-range?artist=Elton%20John
My Elusive Drug,Elton John,D#2,G#3,https://singingcarrots.com/artist-range?artist=Elton%20John
My Father's Gun,Elton John,A#1,C4,https://singingcarrots.com/artist-range?artist=Elton%20John
My Quicksand,Elton John,C2,D#3,https://singingcarrots.com/artist-range?artist=Elton%20John
Never Too Late,Elton John,D2,F3,https://singingcarrots.com/artist-range?artist=Elton%20John
Never Too Old (To Hold Somebody),Elton John,D2,E3,https://singingcarrots.com/artist-range?artist=Elton%20John
No Valentines,Elton John,G2,F3,https://singingcarrots.com/artist-range?artist=Elton%20John
Oceans Away,Elton John,A#1,D#3,https://singingcarrots.com/artist-range?artist=Elton%20John
Once We Were Kings,Elton John,C2,G#3,https://singingcarrots.com/artist-range?artist=Elton%20John
One Horse Town,Elton John,F#2,C4,https://singingcarrots.com/artist-range?artist=Elton%20John
Oscar Wilde Gets Out,Elton John,A1,E3,https://singingcarrots.com/artist-range?artist=Elton%20John
Pain,Elton John,G2,G3,https://singingcarrots.com/artist-range?artist=Elton%20John
Philadelphia Freedom,Elton John,C2,A3,https://singingcarrots.com/artist-range?artist=Elton%20John
Pinball Wizard,Elton John,F2,C4,https://singingcarrots.com/artist-range?artist=Elton%20John
Please,Elton John,B1,E3,https://singingcarrots.com/artist-range?artist=Elton%20John
Porch Swing In Tupelo,Elton John,C2,G#3,https://singingcarrots.com/artist-range?artist=Elton%20John
Postcards from Richard Nixon,Elton John,C2,D3,https://singingcarrots.com/artist-range?artist=Elton%20John
Princess,Elton John,C2,A3,https://singingcarrots.com/artist-range?artist=Elton%20John
Recover Your Soul,Elton John,D2,G3,https://singingcarrots.com/artist-range?artist=Elton%20John
Rock and Roll Madonna,Elton John,G2,G3,https://singingcarrots.com/artist-range?artist=Elton%20John
Roy Rogers,Elton John,C2,A#3,https://singingcarrots.com/artist-range?artist=Elton%20John
Sad,Elton John,D#2,A3,https://singingcarrots.com/artist-range?artist=Elton%20John
Sad Songs (Say So Much),Elton John,F2,G3,https://singingcarrots.com/artist-range?artist=Elton%20John
Sartorial Eloquence,Elton John,A#1,G#3,https://singingcarrots.com/artist-range?artist=Elton%20John
Saturday Night's Alright for Fighting,Elton John,G2,C4,https://singingcarrots.com/artist-range?artist=Elton%20John
Shoot Down the Moon,Elton John,C2,G3,https://singingcarrots.com/artist-range?artist=Elton%20John
Simple Life,Elton John,C2,D#3,https://singingcarrots.com/artist-range?artist=Elton%20John
Sixty Years On,Elton John,F#2,G3,https://singingcarrots.com/artist-range?artist=Elton%20John
Skyline Pigeon,Elton John,C2,F3,https://singingcarrots.com/artist-range?artist=Elton%20John
Sleeping With the Past,Elton John,C2,A3,https://singingcarrots.com/artist-range?artist=Elton%20John
Someday Out of the Blue,Elton John,F2,G3,https://singingcarrots.com/artist-range?artist=Elton%20John
Someone Saved My Life Tonight,Elton John,E2,C4,https://singingcarrots.com/artist-range?artist=Elton%20John
Something About the Way You Look Tonight,Elton John,C2,F3,https://singingcarrots.com/artist-range?artist=Elton%20John
Step into Christmas,Elton John,F#2,B3,https://singingcarrots.com/artist-range?artist=Elton%20John
Sweet Painted Lady,Elton John,D2,G3,https://singingcarrots.com/artist-range?artist=Elton%20John
Take Me to the Pilot,Elton John,A2,A3,https://singingcarrots.com/artist-range?artist=Elton%20John
Take This Dirty Water,Elton John,D2,E3,https://singingcarrots.com/artist-range?artist=Elton%20John
Talking Old Soldiers,Elton John,A#1,G3,https://singingcarrots.com/artist-range?artist=Elton%20John
Tambourine,Elton John,D2,E3,https://singingcarrots.com/artist-range?artist=Elton%20John
Teacher I Need You,Elton John,D2,A3,https://singingcarrots.com/artist-range?artist=Elton%20John
Thank You for All Your Loving,Elton John,G2,A3,https://singingcarrots.com/artist-range?artist=Elton%20John
The Ballad of Blind Tom,Elton John,F#2,F3,https://singingcarrots.com/artist-range?artist=Elton%20John
The Best Part of the Day,Elton John,D2,F3,https://singingcarrots.com/artist-range?artist=Elton%20John
The Bitch Is Back,Elton John,D#2,F#3,https://singingcarrots.com/artist-range?artist=Elton%20John
The Bridge,Elton John,D#2,F4,https://singingcarrots.com/artist-range?artist=Elton%20John
The Diving Board,Elton John,A#1,D3,https://singingcarrots.com/artist-range?artist=Elton%20John
The New Fever Waltz,Elton John,C2,D3,https://singingcarrots.com/artist-range?artist=Elton%20John
The One,Elton John,B1,G3,https://singingcarrots.com/artist-range?artist=Elton%20John
The Open Chord,Elton John,C2,F3,https://singingcarrots.com/artist-range?artist=Elton%20John
There's No Tomorrow,Elton John,A#1,D#3,https://singingcarrots.com/artist-range?artist=Elton%20John
They Call Her the Cat,Elton John,G2,E3,https://singingcarrots.com/artist-range?artist=Elton%20John
This Song Has No Title,Elton John,A#1,G3,https://singingcarrots.com/artist-range?artist=Elton%20John
This Train Don't Stop There Anymore,Elton John,D#2,F3,https://singingcarrots.com/artist-range?artist=Elton%20John
Tonight,Elton John,G2,C4,https://singingcarrots.com/artist-range?artist=Elton%20John
Too Many Tears,Elton John,E2,E3,https://singingcarrots.com/artist-range?artist=Elton%20John
Tower of Babel,Elton John,A2,C4,https://singingcarrots.com/artist-range?artist=Elton%20John
Turn the Lights Out When You Leave,Elton John,E2,E3,https://singingcarrots.com/artist-range?artist=Elton%20John
Voyeur,Elton John,D#2,D#3,https://singingcarrots.com/artist-range?artist=Elton%20John
We All Fall in Love Sometimes,Elton John,D2,C4,https://singingcarrots.com/artist-range?artist=Elton%20John
Weight of the World,Elton John,D2,D#3,https://singingcarrots.com/artist-range?artist=Elton%20John
When Love Is Dying,Elton John,C2,F3,https://singingcarrots.com/artist-range?artist=Elton%20John
Whenever You're Ready,Elton John,A2,G3,https://singingcarrots.com/artist-range?artist=Elton%20John
Whipping Boy,Elton John,G#2,G#3,https://singingcarrots.com/artist-range?artist=Elton%20John
Whispers,Elton John,D#2,D#3,https://singingcarrots.com/artist-range?artist=Elton%20John
Who Wears These Shoes?,Elton John,C2,E3,https://singingcarrots.com/artist-range?artist=Elton%20John
Without Question,Elton John,D2,F3,https://singingcarrots.com/artist-range?artist=Elton%20John
Wrap Her Up,Elton John,F#2,A3,https://singingcarrots.com/artist-range?artist=Elton%20John
You Gotta Love Someone,Elton John,D#2,D#3,https://singingcarrots.com/artist-range?artist=Elton%20John
You're So Static,Elton John,G2,A3,https://singingcarrots.com/artist-range?artist=Elton%20John
Young Man's Blues,Elton John,C2,E3,https://singingcarrots.com/artist-range?artist=Elton%20John
Your Sister Can't Twist,Elton John,B1,G#3,https://singingcarrots.com/artist-range?artist=Elton%20John
A Little Bit of Christmas Love,Eric Clapton,F3,G4,https://singingcarrots.com/artist-range?artist=Eric%20Clapton
Alberta,Eric Clapton,E3,E4,https://singingcarrots.com/artist-range?artist=Eric%20Clapton
Autumn Leaves,Eric Clapton,F#2,A3,https://singingcarrots.com/artist-range?artist=Eric%20Clapton
Away in a Manger,Eric Clapton,D3,F#4,https://singingcarrots.com/artist-range?artist=Eric%20Clapton
Bad Love,Eric Clapton,F3,A4,https://singingcarrots.com/artist-range?artist=Eric%20Clapton
Believe In Life,Eric Clapton,A#2,G#4,https://singingcarrots.com/artist-range?artist=Eric%20Clapton
Christmas in My Home Town,Eric Clapton,B2,D#4,https://singingcarrots.com/artist-range?artist=Eric%20Clapton
Cocaine,Eric Clapton,D3,E4,https://singingcarrots.com/artist-range?artist=Eric%20Clapton
Come on In My Kitchen,Eric Clapton,E3,G4,https://singingcarrots.com/artist-range?artist=Eric%20Clapton
Crossroads,Eric Clapton,A2,A#3,https://singingcarrots.com/artist-range?artist=Eric%20Clapton
Diamonds Made From Rain,Eric Clapton,F3,G4,https://singingcarrots.com/artist-range?artist=Eric%20Clapton
Double Trouble,Eric Clapton,A#2,G4,https://singingcarrots.com/artist-range?artist=Eric%20Clapton
Everything Will Be Alright,Eric Clapton,D#3,C4,https://singingcarrots.com/artist-range?artist=Eric%20Clapton
For Love on Christmas Day,Eric Clapton,E3,F4,https://singingcarrots.com/artist-range?artist=Eric%20Clapton
Further on Up the Road,Eric Clapton,A#2,G4,https://singingcarrots.com/artist-range?artist=Eric%20Clapton
Groaning the Blues,Eric Clapton,A2,A4,https://singingcarrots.com/artist-range?artist=Eric%20Clapton
Have Yourself a Merry Little Christmas,Eric Clapton,A2,D4,https://singingcarrots.com/artist-range?artist=Eric%20Clapton
Hello Old Friend,Eric Clapton,D3,D4,https://singingcarrots.com/artist-range?artist=Eric%20Clapton
How Deep Is the Ocean,Eric Clapton,G2,C4,https://singingcarrots.com/artist-range?artist=Eric%20Clapton
I've Got a Rock 'n' Roll Heart,Eric Clapton,A2,G4,https://singingcarrots.com/artist-range?artist=Eric%20Clapton
If I Don't Be There By Morning,Eric Clapton,D#3,G#4,https://singingcarrots.com/artist-range?artist=Eric%20Clapton
It's Christmas,Eric Clapton,A2,G#4,https://singingcarrots.com/artist-range?artist=Eric%20Clapton
It's In the Way That You Use It,Eric Clapton,G2,C4,https://singingcarrots.com/artist-range?artist=Eric%20Clapton
Judgement Day,Eric Clapton,B2,G4,https://singingcarrots.com/artist-range?artist=Eric%20Clapton
Key To the Highway,Eric Clapton,C#3,F#4,https://singingcarrots.com/artist-range?artist=Eric%20Clapton
Knockin' On Heaven's Door,Eric Clapton,B2,F#4,https://singingcarrots.com/artist-range?artist=Eric%20Clapton
Lay Down Sally,Eric Clapton,D3,D4,https://singingcarrots.com/artist-range?artist=Eric%20Clapton
Layla,Eric Clapton,D3,C4,https://singingcarrots.com/artist-range?artist=Eric%20Clapton
Let It Grow,Eric Clapton,A2,G4,https://singingcarrots.com/artist-range?artist=Eric%20Clapton
Lonesome Christmas,Eric Clapton,E3,E4,https://singingcarrots.com/artist-range?artist=Eric%20Clapton
Love Comes to Everyone,Eric Clapton,D3,F#4,https://singingcarrots.com/artist-range?artist=Eric%20Clapton
Love In Vain Blues,Eric Clapton,E3,F#4,https://singingcarrots.com/artist-range?artist=Eric%20Clapton
"Lovin' You, Lovin' Me",Eric Clapton,B2,A4,https://singingcarrots.com/artist-range?artist=Eric%20Clapton
May You Never,Eric Clapton,B2,E4,https://singingcarrots.com/artist-range?artist=Eric%20Clapton
Me and the Devil Blues,Eric Clapton,E2,B4,https://singingcarrots.com/artist-range?artist=Eric%20Clapton
"Merry Christmas, Baby",Eric Clapton,E3,D4,https://singingcarrots.com/artist-range?artist=Eric%20Clapton
Motherless Child,Eric Clapton,C3,E4,https://singingcarrots.com/artist-range?artist=Eric%20Clapton
"My Very Good Friend, the Milkman",Eric Clapton,A#2,F4,https://singingcarrots.com/artist-range?artist=Eric%20Clapton
Old Love,Eric Clapton,E3,G4,https://singingcarrots.com/artist-range?artist=Eric%20Clapton
Old Love (Unplugged),Eric Clapton,D3,G4,https://singingcarrots.com/artist-range?artist=Eric%20Clapton
Pretending,Eric Clapton,E3,F#4,https://singingcarrots.com/artist-range?artist=Eric%20Clapton
Promises,Eric Clapton,B2,B3,https://singingcarrots.com/artist-range?artist=Eric%20Clapton
Ramblin' on My Mind,Eric Clapton,A2,A#4,https://singingcarrots.com/artist-range?artist=Eric%20Clapton
Ride the River,Eric Clapton,B2,C4,https://singingcarrots.com/artist-range?artist=Eric%20Clapton
Rockin' Chair,Eric Clapton,B2,D#4,https://singingcarrots.com/artist-range?artist=Eric%20Clapton
Run Home To Me,Eric Clapton,E3,G#4,https://singingcarrots.com/artist-range?artist=Eric%20Clapton
Running on Faith,Eric Clapton,E3,G4,https://singingcarrots.com/artist-range?artist=Eric%20Clapton
San Francisco Bay Blues,Eric Clapton,D3,D4,https://singingcarrots.com/artist-range?artist=Eric%20Clapton
Sentimental Moments,Eric Clapton,D3,F4,https://singingcarrots.com/artist-range?artist=Eric%20Clapton
Setting Me Up,Eric Clapton,C3,A4,https://singingcarrots.com/artist-range?artist=Eric%20Clapton
Silent Night,Eric Clapton,G2,C4,https://singingcarrots.com/artist-range?artist=Eric%20Clapton
Standing Around Crying,Eric Clapton,F3,F4,https://singingcarrots.com/artist-range?artist=Eric%20Clapton
Sweet Home Chicago,Eric Clapton,E3,B4,https://singingcarrots.com/artist-range?artist=Eric%20Clapton
The Core,Eric Clapton,B2,C#4,https://singingcarrots.com/artist-range?artist=Eric%20Clapton
Third Degree,Eric Clapton,A2,G4,https://singingcarrots.com/artist-range?artist=Eric%20Clapton
White Christmas,Eric Clapton,B2,E4,https://singingcarrots.com/artist-range?artist=Eric%20Clapton
Willie and the Hand Jive,Eric Clapton,A2,G#4,https://singingcarrots.com/artist-range?artist=Eric%20Clapton
Wonderful Tonight (Live Version),Eric Clapton,D3,E4,https://singingcarrots.com/artist-range?artist=Eric%20Clapton
Worried Life Blues,Eric Clapton,A2,G4,https://singingcarrots.com/artist-range?artist=Eric%20Clapton
You Always Hurt the One You Love,Eric Clapton,C#3,E4,https://singingcarrots.com/artist-range?artist=Eric%20Clapton
Hole Hearted,Extreme,F#2,G#4,https://singingcarrots.com/artist-range?artist=Extreme
How Are Things In Glocca Morra [Excerpt],Finian's Rainbow,A#2,C#4,https://singingcarrots.com/artist-range?artist=Finian%27s%20Rainbow
How Are Things in Glocca Morra,Finian's Rainbow,G2,C4,https://singingcarrots.com/artist-range?artist=Finian%27s%20Rainbow
If This Isn't Love,Finian's Rainbow,B2,E4,https://singingcarrots.com/artist-range?artist=Finian%27s%20Rainbow
Look To the Raindow,Finian's Rainbow,A#2,D#4,https://singingcarrots.com/artist-range?artist=Finian%27s%20Rainbow
Look to the Rainbow,Finian's Rainbow,A#2,D#4,https://singingcarrots.com/artist-range?artist=Finian%27s%20Rainbow
Look to the Rainbow [Excerpt],Finian's Rainbow,D3,D#4,https://singingcarrots.com/artist-range?artist=Finian%27s%20Rainbow
Old Devil Moon [Excerpt],Finian's Rainbow,D3,F4,https://singingcarrots.com/artist-range?artist=Finian%27s%20Rainbow
Something Sort of Grandish,Finian's Rainbow,A2,E4,https://singingcarrots.com/artist-range?artist=Finian%27s%20Rainbow
That Great Come-and-Get-It Day,Finian's Rainbow,A#2,F4,https://singingcarrots.com/artist-range?artist=Finian%27s%20Rainbow
When I'm Not Near the Girl I Love,Finian's Rainbow,B2,D4,https://singingcarrots.com/artist-range?artist=Finian%27s%20Rainbow
Tusk,Fleetwood Mac,D3,A4,https://singingcarrots.com/artist-range?artist=Fleetwood%20Mac
A Matter of Time,Foo Fighters,A2,A4,https://singingcarrots.com/artist-range?artist=Foo%20Fighters
Ain't It the Life,Foo Fighters,C3,D4,https://singingcarrots.com/artist-range?artist=Foo%20Fighters
All My Life,Foo Fighters,F3,A#4,https://singingcarrots.com/artist-range?artist=Foo%20Fighters
Another Round,Foo Fighters,D3,E4,https://singingcarrots.com/artist-range?artist=Foo%20Fighters
Aurora,Foo Fighters,E3,G#4,https://singingcarrots.com/artist-range?artist=Foo%20Fighters
Back & Forth,Foo Fighters,A2,A#4,https://singingcarrots.com/artist-range?artist=Foo%20Fighters
Baker Street,Foo Fighters,A2,D4,https://singingcarrots.com/artist-range?artist=Foo%20Fighters
Bridge Burning,Foo Fighters,C3,B4,https://singingcarrots.com/artist-range?artist=Foo%20Fighters
Burn Away,Foo Fighters,D3,A4,https://singingcarrots.com/artist-range?artist=Foo%20Fighters
"But, Honestly",Foo Fighters,B2,A4,https://singingcarrots.com/artist-range?artist=Foo%20Fighters
Cheer Up Boys (Your Make Up Is Running),Foo Fighters,C#3,G#4,https://singingcarrots.com/artist-range?artist=Foo%20Fighters
Come Alive,Foo Fighters,A2,A#4,https://singingcarrots.com/artist-range?artist=Foo%20Fighters
Come Back,Foo Fighters,C#3,G#4,https://singingcarrots.com/artist-range?artist=Foo%20Fighters
Dear Rosemary,Foo Fighters,D3,G4,https://singingcarrots.com/artist-range?artist=Foo%20Fighters
Disenchanted Lullaby,Foo Fighters,E3,A4,https://singingcarrots.com/artist-range?artist=Foo%20Fighters
Doll,Foo Fighters,D3,E4,https://singingcarrots.com/artist-range?artist=Foo%20Fighters
End Over End,Foo Fighters,C3,G4,https://singingcarrots.com/artist-range?artist=Foo%20Fighters
Erase / Replace,Foo Fighters,A#2,G4,https://singingcarrots.com/artist-range?artist=Foo%20Fighters
Exhausted,Foo Fighters,E3,D4,https://singingcarrots.com/artist-range?artist=Foo%20Fighters
February Star,Foo Fighters,B2,G4,https://singingcarrots.com/artist-range?artist=Foo%20Fighters
Floaty,Foo Fighters,E3,G#4,https://singingcarrots.com/artist-range?artist=Foo%20Fighters
For All the Cows,Foo Fighters,B2,A4,https://singingcarrots.com/artist-range?artist=Foo%20Fighters
Free Me,Foo Fighters,E3,B4,https://singingcarrots.com/artist-range?artist=Foo%20Fighters
Generator,Foo Fighters,C#3,E4,https://singingcarrots.com/artist-range?artist=Foo%20Fighters
Gimme Stitches,Foo Fighters,D3,F#4,https://singingcarrots.com/artist-range?artist=Foo%20Fighters
Good Grief,Foo Fighters,E3,G4,https://singingcarrots.com/artist-range?artist=Foo%20Fighters
Halo,Foo Fighters,D3,B4,https://singingcarrots.com/artist-range?artist=Foo%20Fighters
Headwires,Foo Fighters,A2,F#4,https://singingcarrots.com/artist-range?artist=Foo%20Fighters
Home,Foo Fighters,D3,E4,https://singingcarrots.com/artist-range?artist=Foo%20Fighters
I Should Have Known,Foo Fighters,D3,G4,https://singingcarrots.com/artist-range?artist=Foo%20Fighters
I'll Stick Around,Foo Fighters,G2,A#4,https://singingcarrots.com/artist-range?artist=Foo%20Fighters
Learn to Fly,Foo Fighters,B2,F#4,https://singingcarrots.com/artist-range?artist=Foo%20Fighters
Let It Die,Foo Fighters,A#2,A4,https://singingcarrots.com/artist-range?artist=Foo%20Fighters
Lonely As You,Foo Fighters,C3,B4,https://singingcarrots.com/artist-range?artist=Foo%20Fighters
Long Road To Ruin,Foo Fighters,G2,G3,https://singingcarrots.com/artist-range?artist=Foo%20Fighters
Low,Foo Fighters,D3,G4,https://singingcarrots.com/artist-range?artist=Foo%20Fighters
M.I.A.,Foo Fighters,D3,A4,https://singingcarrots.com/artist-range?artist=Foo%20Fighters
Miracle,Foo Fighters,D3,F#4,https://singingcarrots.com/artist-range?artist=Foo%20Fighters
Miss the Misery,Foo Fighters,D3,B4,https://singingcarrots.com/artist-range?artist=Foo%20Fighters
New Way Home,Foo Fighters,C3,A4,https://singingcarrots.com/artist-range?artist=Foo%20Fighters
Next Year,Foo Fighters,D3,E4,https://singingcarrots.com/artist-range?artist=Foo%20Fighters
On the Mend,Foo Fighters,E3,D#4,https://singingcarrots.com/artist-range?artist=Foo%20Fighters
Over and Out,Foo Fighters,B2,F#4,https://singingcarrots.com/artist-range?artist=Foo%20Fighters
Rope,Foo Fighters,B2,B4,https://singingcarrots.com/artist-range?artist=Foo%20Fighters
See You,Foo Fighters,A2,A4,https://singingcarrots.com/artist-range?artist=Foo%20Fighters
Skin and Bones,Foo Fighters,C3,C4,https://singingcarrots.com/artist-range?artist=Foo%20Fighters
Something From Nothing,Foo Fighters,A2,B4,https://singingcarrots.com/artist-range?artist=Foo%20Fighters
Statues,Foo Fighters,A2,F4,https://singingcarrots.com/artist-range?artist=Foo%20Fighters
Still,Foo Fighters,G2,F3,https://singingcarrots.com/artist-range?artist=Foo%20Fighters
Stranger Things Have Happened,Foo Fighters,A2,F#4,https://singingcarrots.com/artist-range?artist=Foo%20Fighters
Summer's End,Foo Fighters,A2,F#4,https://singingcarrots.com/artist-range?artist=Foo%20Fighters
The Deepest Blues Are Black,Foo Fighters,C3,A#4,https://singingcarrots.com/artist-range?artist=Foo%20Fighters
These Days,Foo Fighters,E3,A4,https://singingcarrots.com/artist-range?artist=Foo%20Fighters
This Is a Call,Foo Fighters,D3,A4,https://singingcarrots.com/artist-range?artist=Foo%20Fighters
Times Like These,Foo Fighters,G2,G4,https://singingcarrots.com/artist-range?artist=Foo%20Fighters
Tired of You,Foo Fighters,C3,F4,https://singingcarrots.com/artist-range?artist=Foo%20Fighters
Up In Arms,Foo Fighters,G2,G4,https://singingcarrots.com/artist-range?artist=Foo%20Fighters
Virginia Moon,Foo Fighters,B2,F#4,https://singingcarrots.com/artist-range?artist=Foo%20Fighters
Walk,Foo Fighters,D3,B4,https://singingcarrots.com/artist-range?artist=Foo%20Fighters
Walking After You,Foo Fighters,B2,B3,https://singingcarrots.com/artist-range?artist=Foo%20Fighters
Wheels,Foo Fighters,D3,E4,https://singingcarrots.com/artist-range?artist=Foo%20Fighters
Word Forward,Foo Fighters,C3,G4,https://singingcarrots.com/artist-range?artist=Foo%20Fighters
X-Static,Foo Fighters,B2,D#4,https://singingcarrots.com/artist-range?artist=Foo%20Fighters
"Baby, I Need Your Lovin'",Four Tops,F3,A#4,https://singingcarrots.com/artist-range?artist=The%20Four%20Tops
I Believe In You and Me,Four Tops,D3,B4,https://singingcarrots.com/artist-range?artist=The%20Four%20Tops
It's the Same Old Song,Four Tops,G2,A4,https://singingcarrots.com/artist-range?artist=The%20Four%20Tops
Keeper of the Castle,Four Tops,A2,D4,https://singingcarrots.com/artist-range?artist=The%20Four%20Tops
Loving You Is Sweeter Than Ever,Four Tops,A2,B3,https://singingcarrots.com/artist-range?artist=The%20Four%20Tops
One Chain Don't Make No Prison,Four Tops,B2,B3,https://singingcarrots.com/artist-range?artist=The%20Four%20Tops
"Reach Out, I'll Be There",Four Tops,D#3,C4,https://singingcarrots.com/artist-range?artist=The%20Four%20Tops
Standing in the Shadows of Love,Four Tops,F3,A#4,https://singingcarrots.com/artist-range?artist=The%20Four%20Tops
Still Water (Love),Four Tops,A2,D4,https://singingcarrots.com/artist-range?artist=The%20Four%20Tops
When She Was My Girl,Four Tops,A2,A#4,https://singingcarrots.com/artist-range?artist=The%20Four%20Tops
You Keep Running Away,Four Tops,A#2,A#3,https://singingcarrots.com/artist-range?artist=The%20Four%20Tops
(How Little We Know) How Little It Matters,Frank Sinatra,A2,D4,https://singingcarrots.com/artist-range?artist=Frank%20Sinatra
(Love Is) The Tender Trap,Frank Sinatra,C3,F4,https://singingcarrots.com/artist-range?artist=Frank%20Sinatra
A Day in the Life of a Fool,Frank Sinatra,B2,D4,https://singingcarrots.com/artist-range?artist=Frank%20Sinatra
A Foggy Day,Frank Sinatra,A#2,E4,https://singingcarrots.com/artist-range?artist=Frank%20Sinatra
A Lovely Way to Spend an Evening,Frank Sinatra,D3,D4,https://singingcarrots.com/artist-range?artist=Frank%20Sinatra
All Through the Day,Frank Sinatra,C3,C4,https://singingcarrots.com/artist-range?artist=Frank%20Sinatra
All of Me,Frank Sinatra,A#2,D#4,https://singingcarrots.com/artist-range?artist=Frank%20Sinatra
All or Nothing At All,Frank Sinatra,B2,C#4,https://singingcarrots.com/artist-range?artist=Frank%20Sinatra
American Beauty Rose,Frank Sinatra,B2,C4,https://singingcarrots.com/artist-range?artist=Frank%20Sinatra
Among My Souvenirs,Frank Sinatra,C3,F4,https://singingcarrots.com/artist-range?artist=Frank%20Sinatra
Angel Eyes,Frank Sinatra,D3,E4,https://singingcarrots.com/artist-range?artist=Frank%20Sinatra
As Long As There's Music,Frank Sinatra,B2,E4,https://singingcarrots.com/artist-range?artist=Frank%20Sinatra
Autumn in New York,Frank Sinatra,A#2,F4,https://singingcarrots.com/artist-range?artist=Frank%20Sinatra
Azure-Te,Frank Sinatra,C#3,C#4,https://singingcarrots.com/artist-range?artist=Frank%20Sinatra
"Baubles, Bangles and Beads",Frank Sinatra,D#3,E4,https://singingcarrots.com/artist-range?artist=Frank%20Sinatra
"Be Careful, It's My Heart",Frank Sinatra,B2,D#4,https://singingcarrots.com/artist-range?artist=Frank%20Sinatra
Blue Moon,Frank Sinatra,A2,D4,https://singingcarrots.com/artist-range?artist=Frank%20Sinatra
Blue Skies,Frank Sinatra,D3,D#4,https://singingcarrots.com/artist-range?artist=Frank%20Sinatra
Bonita,Frank Sinatra,G2,B3,https://singingcarrots.com/artist-range?artist=Frank%20Sinatra
Call Me Irresponsible,Frank Sinatra,A2,C#4,https://singingcarrots.com/artist-range?artist=Frank%20Sinatra
Can't We Be Friends?,Frank Sinatra,C3,F4,https://singingcarrots.com/artist-range?artist=Frank%20Sinatra
Change Partners,Frank Sinatra,A2,C#4,https://singingcarrots.com/artist-range?artist=Frank%20Sinatra
Charmaine,Frank Sinatra,A#2,F4,https://singingcarrots.com/artist-range?artist=Frank%20Sinatra
Cheek to Cheek,Frank Sinatra,A2,D4,https://singingcarrots.com/artist-range?artist=Frank%20Sinatra
Chicago (That Toddling Town),Frank Sinatra,D3,F4,https://singingcarrots.com/artist-range?artist=Frank%20Sinatra
Christmas Dreaming,Frank Sinatra,A#2,D4,https://singingcarrots.com/artist-range?artist=Frank%20Sinatra
Clopin-Clopant,Frank Sinatra,B2,D#4,https://singingcarrots.com/artist-range?artist=Frank%20Sinatra
Come Blow Your Horn,Frank Sinatra,D3,E4,https://singingcarrots.com/artist-range?artist=Frank%20Sinatra
"Come Out, Come Out, Wherever You Are",Frank Sinatra,C3,D4,https://singingcarrots.com/artist-range?artist=Frank%20Sinatra
Come Rain or Come Shine,Frank Sinatra,D3,F4,https://singingcarrots.com/artist-range?artist=Frank%20Sinatra
Cycles,Frank Sinatra,G#2,C#4,https://singingcarrots.com/artist-range?artist=Frank%20Sinatra
Day by Day,Frank Sinatra,B2,D4,https://singingcarrots.com/artist-range?artist=Frank%20Sinatra
Dolores,Frank Sinatra,C3,E4,https://singingcarrots.com/artist-range?artist=Frank%20Sinatra
Don'cha Go 'Way Mad,Frank Sinatra,D#2,D#4,https://singingcarrots.com/artist-range?artist=Frank%20Sinatra
Don't Worry 'bout Me,Frank Sinatra,D#3,F4,https://singingcarrots.com/artist-range?artist=Frank%20Sinatra
Estrada Branca (This Happy Madness),Frank Sinatra,D2,A3,https://singingcarrots.com/artist-range?artist=Frank%20Sinatra
Everything Happens To Me,Frank Sinatra,D3,D#4,https://singingcarrots.com/artist-range?artist=Frank%20Sinatra
Five Minutes More,Frank Sinatra,B2,E4,https://singingcarrots.com/artist-range?artist=Frank%20Sinatra
For Once in My Life,Frank Sinatra,A#2,G4,https://singingcarrots.com/artist-range?artist=Frank%20Sinatra
From Here To Eternity,Frank Sinatra,B2,D4,https://singingcarrots.com/artist-range?artist=Frank%20Sinatra
Good Thing Going,Frank Sinatra,C3,F4,https://singingcarrots.com/artist-range?artist=Frank%20Sinatra
Hey! Jealous Lover,Frank Sinatra,C#3,D4,https://singingcarrots.com/artist-range?artist=Frank%20Sinatra
High Hopes,Frank Sinatra,F2,D4,https://singingcarrots.com/artist-range?artist=Frank%20Sinatra
How About You?,Frank Sinatra,D3,E4,https://singingcarrots.com/artist-range?artist=Frank%20Sinatra
How Are You Fixed for Love?,Frank Sinatra,A#2,D#4,https://singingcarrots.com/artist-range?artist=Frank%20Sinatra
How Little We Know,Frank Sinatra,A2,D4,https://singingcarrots.com/artist-range?artist=Frank%20Sinatra
I Begged Her,Frank Sinatra,A#2,D#4,https://singingcarrots.com/artist-range?artist=Frank%20Sinatra
I Believe,Frank Sinatra,G#2,C4,https://singingcarrots.com/artist-range?artist=Frank%20Sinatra
I Believe in You,Frank Sinatra,C3,D4,https://singingcarrots.com/artist-range?artist=Frank%20Sinatra
I Can't Get Started with You,Frank Sinatra,C3,F4,https://singingcarrots.com/artist-range?artist=Frank%20Sinatra
I Could Make You Care,Frank Sinatra,C3,D4,https://singingcarrots.com/artist-range?artist=Frank%20Sinatra
I Hadn't Anyone Till You,Frank Sinatra,C3,D#4,https://singingcarrots.com/artist-range?artist=Frank%20Sinatra
I Like to Lead When I Dance,Frank Sinatra,B2,E4,https://singingcarrots.com/artist-range?artist=Frank%20Sinatra
I Love My Wife,Frank Sinatra,A#2,D#4,https://singingcarrots.com/artist-range?artist=Frank%20Sinatra
I Think of You,Frank Sinatra,A#2,D#4,https://singingcarrots.com/artist-range?artist=Frank%20Sinatra
I Will Wait for You,Frank Sinatra,B2,E4,https://singingcarrots.com/artist-range?artist=Frank%20Sinatra
I'll See You Again,Frank Sinatra,C3,F4,https://singingcarrots.com/artist-range?artist=Frank%20Sinatra
I'm Gonna Live Till I Die,Frank Sinatra,A2,E4,https://singingcarrots.com/artist-range?artist=Frank%20Sinatra
I'm Walking Behind You,Frank Sinatra,G2,D4,https://singingcarrots.com/artist-range?artist=Frank%20Sinatra
I've Got My Love To Keep Me Warm,Frank Sinatra,A#2,D#4,https://singingcarrots.com/artist-range?artist=Frank%20Sinatra
If It's the Last Thing I Do,Frank Sinatra,D#3,F4,https://singingcarrots.com/artist-range?artist=Frank%20Sinatra
If You Are But a Dream,Frank Sinatra,B2,F4,https://singingcarrots.com/artist-range?artist=Frank%20Sinatra
In the Blue of Evening,Frank Sinatra,B2,E4,https://singingcarrots.com/artist-range?artist=Frank%20Sinatra
In the Still of the Night,Frank Sinatra,C3,F4,https://singingcarrots.com/artist-range?artist=Frank%20Sinatra
In the Wee Small Hours of the Morning,Frank Sinatra,B2,D4,https://singingcarrots.com/artist-range?artist=Frank%20Sinatra
Isle of Capri,Frank Sinatra,A#2,D#4,https://singingcarrots.com/artist-range?artist=Frank%20Sinatra
It All Depends on You,Frank Sinatra,E3,E4,https://singingcarrots.com/artist-range?artist=Frank%20Sinatra
It Might As Well Be Spring,Frank Sinatra,A#2,C4,https://singingcarrots.com/artist-range?artist=Frank%20Sinatra
It Started All Over Again,Frank Sinatra,A#2,D#4,https://singingcarrots.com/artist-range?artist=Frank%20Sinatra
Just as Though You Were Here,Frank Sinatra,A#2,D#4,https://singingcarrots.com/artist-range?artist=Frank%20Sinatra
L.A. Is My Lady,Frank Sinatra,C3,F4,https://singingcarrots.com/artist-range?artist=Frank%20Sinatra
Last Night When We Were Young,Frank Sinatra,A2,B3,https://singingcarrots.com/artist-range?artist=Frank%20Sinatra
Lean Baby,Frank Sinatra,G2,D4,https://singingcarrots.com/artist-range?artist=Frank%20Sinatra
Let's Get Away From It All,Frank Sinatra,D3,D#4,https://singingcarrots.com/artist-range?artist=Frank%20Sinatra
Looking At the World Through Rose Coloured Glasses,Frank Sinatra,C3,D4,https://singingcarrots.com/artist-range?artist=Frank%20Sinatra
Love's Been Good To Me,Frank Sinatra,G2,D4,https://singingcarrots.com/artist-range?artist=Frank%20Sinatra
Luck Be a Lady,Frank Sinatra,C3,D4,https://singingcarrots.com/artist-range?artist=Frank%20Sinatra
Makin' Whoopee!,Frank Sinatra,G#2,C4,https://singingcarrots.com/artist-range?artist=Frank%20Sinatra
Mister Booze,Frank Sinatra,A#2,D#4,https://singingcarrots.com/artist-range?artist=Frank%20Sinatra
Mistletoe and Holly,Frank Sinatra,C#3,F#4,https://singingcarrots.com/artist-range?artist=Frank%20Sinatra
Moonlight in Vermont,Frank Sinatra,C#3,F4,https://singingcarrots.com/artist-range?artist=Frank%20Sinatra
My Funny Valentine,Frank Sinatra,F#2,D4,https://singingcarrots.com/artist-range?artist=Frank%20Sinatra
My Heart Stood Still,Frank Sinatra,C3,D4,https://singingcarrots.com/artist-range?artist=Frank%20Sinatra
My Romance,Frank Sinatra,C3,E4,https://singingcarrots.com/artist-range?artist=Frank%20Sinatra
Nancy (with the Laughing Face),Frank Sinatra,A#2,F4,https://singingcarrots.com/artist-range?artist=Frank%20Sinatra
Nevertheless (I'm in Love with You),Frank Sinatra,C3,D4,https://singingcarrots.com/artist-range?artist=Frank%20Sinatra
Night and Day,Frank Sinatra,A2,D4,https://singingcarrots.com/artist-range?artist=Frank%20Sinatra
Nothing But the Best,Frank Sinatra,C#3,F#4,https://singingcarrots.com/artist-range?artist=Frank%20Sinatra
Oh! Look At Me Now,Frank Sinatra,C3,D#4,https://singingcarrots.com/artist-range?artist=Frank%20Sinatra
Oh! What It Seemed To Be,Frank Sinatra,C3,E4,https://singingcarrots.com/artist-range?artist=Frank%20Sinatra
Oh! You Crazy Moon,Frank Sinatra,C3,E4,https://singingcarrots.com/artist-range?artist=Frank%20Sinatra
Ol' MacDonald,Frank Sinatra,B2,E4,https://singingcarrots.com/artist-range?artist=Frank%20Sinatra
One for My Baby,Frank Sinatra,D#3,E4,https://singingcarrots.com/artist-range?artist=Frank%20Sinatra
Only the Lonely,Frank Sinatra,G#2,C#4,https://singingcarrots.com/artist-range?artist=Frank%20Sinatra
Our Love,Frank Sinatra,B2,D4,https://singingcarrots.com/artist-range?artist=Frank%20Sinatra
Our Love Affair,Frank Sinatra,C3,E4,https://singingcarrots.com/artist-range?artist=Frank%20Sinatra
Put Your Dreams Away (For Another Day),Frank Sinatra,A#2,D#4,https://singingcarrots.com/artist-range?artist=Frank%20Sinatra
Ring-a-Ding Ding,Frank Sinatra,B2,D4,https://singingcarrots.com/artist-range?artist=Frank%20Sinatra
"River, Stay 'Way From My Door",Frank Sinatra,D#3,G4,https://singingcarrots.com/artist-range?artist=Frank%20Sinatra
S'posin',Frank Sinatra,A2,D4,https://singingcarrots.com/artist-range?artist=Frank%20Sinatra
Sand and Sea,Frank Sinatra,A#2,C4,https://singingcarrots.com/artist-range?artist=Frank%20Sinatra
Saturday Night (Is the Loneliest Night of the Week),Frank Sinatra,D3,F4,https://singingcarrots.com/artist-range?artist=Frank%20Sinatra
Secret Love,Frank Sinatra,A#2,D#4,https://singingcarrots.com/artist-range?artist=Frank%20Sinatra
Send in the Clowns,Frank Sinatra,F2,C4,https://singingcarrots.com/artist-range?artist=Frank%20Sinatra
September Song,Frank Sinatra,F3,G#4,https://singingcarrots.com/artist-range?artist=Frank%20Sinatra
Someone To Light Up My Life,Frank Sinatra,A2,C4,https://singingcarrots.com/artist-range?artist=Frank%20Sinatra
Somethin' Stupid,Frank Sinatra,C#3,D#4,https://singingcarrots.com/artist-range?artist=Frank%20Sinatra
Song's Gotta Come From the Heart,Frank Sinatra,C3,E4,https://singingcarrots.com/artist-range?artist=Frank%20Sinatra
Street of Dreams,Frank Sinatra,C3,F4,https://singingcarrots.com/artist-range?artist=Frank%20Sinatra
Suddenly It's Spring,Frank Sinatra,G2,D#4,https://singingcarrots.com/artist-range?artist=Frank%20Sinatra
Swingin' Down the Lane,Frank Sinatra,A#2,D4,https://singingcarrots.com/artist-range?artist=Frank%20Sinatra
The Best of Everything,Frank Sinatra,A#1,F#3,https://singingcarrots.com/artist-range?artist=Frank%20Sinatra
The Birth of the Blues,Frank Sinatra,C3,A4,https://singingcarrots.com/artist-range?artist=Frank%20Sinatra
The Charm of You,Frank Sinatra,C3,F4,https://singingcarrots.com/artist-range?artist=Frank%20Sinatra
The Continental,Frank Sinatra,A2,E4,https://singingcarrots.com/artist-range?artist=Frank%20Sinatra
The End of a Love Affair,Frank Sinatra,A#2,D4,https://singingcarrots.com/artist-range?artist=Frank%20Sinatra
The Girl That I Marry,Frank Sinatra,G#2,C4,https://singingcarrots.com/artist-range?artist=Frank%20Sinatra
The House I Live In,Frank Sinatra,A2,E4,https://singingcarrots.com/artist-range?artist=Frank%20Sinatra
The Lamplighter's Serenade,Frank Sinatra,C3,D#4,https://singingcarrots.com/artist-range?artist=Frank%20Sinatra
The Moon Was Yellow,Frank Sinatra,C3,D#4,https://singingcarrots.com/artist-range?artist=Frank%20Sinatra
The Night We Called It a Day,Frank Sinatra,D3,E4,https://singingcarrots.com/artist-range?artist=Frank%20Sinatra
The One I Love Belongs to Somebody Else,Frank Sinatra,D3,E4,https://singingcarrots.com/artist-range?artist=Frank%20Sinatra
The Second Time Around,Frank Sinatra,C3,C4,https://singingcarrots.com/artist-range?artist=Frank%20Sinatra
The September of My Years,Frank Sinatra,B2,E4,https://singingcarrots.com/artist-range?artist=Frank%20Sinatra
The Song Is You,Frank Sinatra,C3,F4,https://singingcarrots.com/artist-range?artist=Frank%20Sinatra
The Very Thought of You,Frank Sinatra,A#2,D#4,https://singingcarrots.com/artist-range?artist=Frank%20Sinatra
The World We Knew (Over and Over),Frank Sinatra,F#2,F#4,https://singingcarrots.com/artist-range?artist=Frank%20Sinatra
"Theme from New York, New York",Frank Sinatra,A2,F#4,https://singingcarrots.com/artist-range?artist=Frank%20Sinatra
There Are Such Things,Frank Sinatra,D3,E4,https://singingcarrots.com/artist-range?artist=Frank%20Sinatra
This Love of Mine,Frank Sinatra,B2,E4,https://singingcarrots.com/artist-range?artist=Frank%20Sinatra
Three Coins in the Fountain,Frank Sinatra,C3,F4,https://singingcarrots.com/artist-range?artist=Frank%20Sinatra
Time After Time,Frank Sinatra,G#2,C#4,https://singingcarrots.com/artist-range?artist=Frank%20Sinatra
To Love and Be Loved,Frank Sinatra,C#3,F4,https://singingcarrots.com/artist-range?artist=Frank%20Sinatra
Try a Little Tenderness,Frank Sinatra,E3,A4,https://singingcarrots.com/artist-range?artist=Frank%20Sinatra
Violets for Your Furs,Frank Sinatra,C3,E4,https://singingcarrots.com/artist-range?artist=Frank%20Sinatra
"We Three (My Echo, My Shadow and Me)",Frank Sinatra,C3,D4,https://singingcarrots.com/artist-range?artist=Frank%20Sinatra
What Is This Thing Called Love?,Frank Sinatra,C3,F4,https://singingcarrots.com/artist-range?artist=Frank%20Sinatra
What Makes the Sunset?,Frank Sinatra,C3,D#4,https://singingcarrots.com/artist-range?artist=Frank%20Sinatra
Whatever Happened To Christmas,Frank Sinatra,G#2,A#4,https://singingcarrots.com/artist-range?artist=Frank%20Sinatra
When No One Cares,Frank Sinatra,C3,E4,https://singingcarrots.com/artist-range?artist=Frank%20Sinatra
When the World Was Young,Frank Sinatra,F#2,D4,https://singingcarrots.com/artist-range?artist=Frank%20Sinatra
Winners,Frank Sinatra,B2,C4,https://singingcarrots.com/artist-range?artist=Frank%20Sinatra
Yellow Days,Frank Sinatra,C#3,D#4,https://singingcarrots.com/artist-range?artist=Frank%20Sinatra
Yes Indeed,Frank Sinatra,B2,F#4,https://singingcarrots.com/artist-range?artist=Frank%20Sinatra
You Are There,Frank Sinatra,A#2,D#4,https://singingcarrots.com/artist-range?artist=Frank%20Sinatra
You Brought a New Kind of Love to Me,Frank Sinatra,A#2,A#3,https://singingcarrots.com/artist-range?artist=Frank%20Sinatra
You Make Me Feel So Young,Frank Sinatra,D#3,G4,https://singingcarrots.com/artist-range?artist=Frank%20Sinatra
You Will Be My Music,Frank Sinatra,A#2,D#4,https://singingcarrots.com/artist-range?artist=Frank%20Sinatra
You and the Night and the Music,Frank Sinatra,C3,F4,https://singingcarrots.com/artist-range?artist=Frank%20Sinatra
You're Getting To Be a Habit With Me,Frank Sinatra,A#2,D4,https://singingcarrots.com/artist-range?artist=Frank%20Sinatra
By Myself,Fred Astaire,E3,E4,https://singingcarrots.com/artist-range?artist=Fred%20Astaire
Change Partners,Fred Astaire,C3,E4,https://singingcarrots.com/artist-range?artist=Fred%20Astaire
Dancing in the Dark,Fred Astaire,A2,C4,https://singingcarrots.com/artist-range?artist=Fred%20Astaire
Dearly Beloved,Fred Astaire,C3,D4,https://singingcarrots.com/artist-range?artist=Fred%20Astaire
Easter Parade,Fred Astaire,D3,F4,https://singingcarrots.com/artist-range?artist=Fred%20Astaire
Fated To Be Mated,Fred Astaire,A#2,D4,https://singingcarrots.com/artist-range?artist=Fred%20Astaire
Funny Face,Fred Astaire,D#3,F4,https://singingcarrots.com/artist-range?artist=Fred%20Astaire
I Love Louisa,Fred Astaire,C3,F4,https://singingcarrots.com/artist-range?artist=Fred%20Astaire
Isn't This a Lovely Day (To Be Caught in the Rain?),Fred Astaire,D3,F#4,https://singingcarrots.com/artist-range?artist=Fred%20Astaire
Let Yourself Go,Fred Astaire,D3,D#4,https://singingcarrots.com/artist-range?artist=Fred%20Astaire
Let's Call the Whole Thing Off,Fred Astaire,A2,D4,https://singingcarrots.com/artist-range?artist=Fred%20Astaire
Lovely to Look At,Fred Astaire,A#2,F4,https://singingcarrots.com/artist-range?artist=Fred%20Astaire
New Sun In the Sky,Fred Astaire,C3,F4,https://singingcarrots.com/artist-range?artist=Fred%20Astaire
One for My Baby,Fred Astaire,D#3,E4,https://singingcarrots.com/artist-range?artist=Fred%20Astaire
Shall We Dance?,Fred Astaire,C3,D#4,https://singingcarrots.com/artist-range?artist=Fred%20Astaire
Stereophonic Sound,Fred Astaire,B2,C#4,https://singingcarrots.com/artist-range?artist=Fred%20Astaire
That's Entertainment,Fred Astaire,C3,D4,https://singingcarrots.com/artist-range?artist=Fred%20Astaire
The Way You Look Tonight,Fred Astaire,D3,G#4,https://singingcarrots.com/artist-range?artist=Fred%20Astaire
"Top Hat, White Tie and Tails",Fred Astaire,D3,E4,https://singingcarrots.com/artist-range?artist=Fred%20Astaire
Waltz In Swing Time,Fred Astaire,A2,D#4,https://singingcarrots.com/artist-range?artist=Fred%20Astaire
Ain't Goin' Down ('Til the Sun Comes Up),Garth Brooks,D3,G4,https://singingcarrots.com/artist-range?artist=Garth%20Brooks
Allison Miranda,Garth Brooks,A2,E4,https://singingcarrots.com/artist-range?artist=Garth%20Brooks
American Dream,Garth Brooks,A2,D4,https://singingcarrots.com/artist-range?artist=Garth%20Brooks
American Honky-Tonk Bar Association,Garth Brooks,G2,D4,https://singingcarrots.com/artist-range?artist=Garth%20Brooks
Baby Jesus Is Born,Garth Brooks,A2,A4,https://singingcarrots.com/artist-range?artist=Garth%20Brooks
Beer Run,Garth Brooks,E2,G4,https://singingcarrots.com/artist-range?artist=Garth%20Brooks
Big Money,Garth Brooks,F2,C4,https://singingcarrots.com/artist-range?artist=Garth%20Brooks
Call Me Claus,Garth Brooks,D3,G4,https://singingcarrots.com/artist-range?artist=Garth%20Brooks
Cowgirl's Saddle,Garth Brooks,C3,A4,https://singingcarrots.com/artist-range?artist=Garth%20Brooks
Don't Cross the River,Garth Brooks,C#3,B4,https://singingcarrots.com/artist-range?artist=Garth%20Brooks
For a Minute There,Garth Brooks,A2,B3,https://singingcarrots.com/artist-range?artist=Garth%20Brooks
Go Tell It on the Mountain,Garth Brooks,D3,F4,https://singingcarrots.com/artist-range?artist=Garth%20Brooks
"God Rest Ye Merry, Gentlemen",Garth Brooks,A2,D4,https://singingcarrots.com/artist-range?artist=Garth%20Brooks
Good Ride Cowboy,Garth Brooks,A2,B4,https://singingcarrots.com/artist-range?artist=Garth%20Brooks
Have Yourself a Merry Little Christmas,Garth Brooks,B2,E4,https://singingcarrots.com/artist-range?artist=Garth%20Brooks
It Don't Matter To the Sun,Garth Brooks,B2,E4,https://singingcarrots.com/artist-range?artist=Garth%20Brooks
It's the Most Wonderful Time of the Year,Garth Brooks,C#3,F4,https://singingcarrots.com/artist-range?artist=Garth%20Brooks
Leave a Light On,Garth Brooks,D3,B4,https://singingcarrots.com/artist-range?artist=Garth%20Brooks
Let It Snow! Let It Snow! Let It Snow!,Garth Brooks,B2,F4,https://singingcarrots.com/artist-range?artist=Garth%20Brooks
Longneck Bottle,Garth Brooks,A2,A4,https://singingcarrots.com/artist-range?artist=Garth%20Brooks
Mary Had a Little Lamb,Garth Brooks,B2,E4,https://singingcarrots.com/artist-range?artist=Garth%20Brooks
Meet Me In Love,Garth Brooks,D3,G4,https://singingcarrots.com/artist-range?artist=Garth%20Brooks
Midnight Sun,Garth Brooks,C3,E4,https://singingcarrots.com/artist-range?artist=Garth%20Brooks
Mom,Garth Brooks,F2,D4,https://singingcarrots.com/artist-range?artist=Garth%20Brooks
More Than a Memory,Garth Brooks,A#2,A#4,https://singingcarrots.com/artist-range?artist=Garth%20Brooks
O Little Town of Bethlehem,Garth Brooks,F#2,B3,https://singingcarrots.com/artist-range?artist=Garth%20Brooks
People Loving People,Garth Brooks,C#3,G#4,https://singingcarrots.com/artist-range?artist=Garth%20Brooks
Rodeo,Garth Brooks,E2,E4,https://singingcarrots.com/artist-range?artist=Garth%20Brooks
Shameless,Garth Brooks,D3,A4,https://singingcarrots.com/artist-range?artist=Garth%20Brooks
She's Gonna Make It,Garth Brooks,D3,E4,https://singingcarrots.com/artist-range?artist=Garth%20Brooks
Sleigh Ride,Garth Brooks,B2,F4,https://singingcarrots.com/artist-range?artist=Garth%20Brooks
Squeeze Me In,Garth Brooks,E2,A#4,https://singingcarrots.com/artist-range?artist=Garth%20Brooks
That Girl Is a Cowboy,Garth Brooks,B2,D4,https://singingcarrots.com/artist-range?artist=Garth%20Brooks
The Gift,Garth Brooks,A2,E4,https://singingcarrots.com/artist-range?artist=Garth%20Brooks
The Old Man's Back In Town,Garth Brooks,B2,E4,https://singingcarrots.com/artist-range?artist=Garth%20Brooks
The River,Garth Brooks,A2,E4,https://singingcarrots.com/artist-range?artist=Garth%20Brooks
The Storm,Garth Brooks,B2,F#4,https://singingcarrots.com/artist-range?artist=Garth%20Brooks
The Thunder Rolls,Garth Brooks,G2,E4,https://singingcarrots.com/artist-range?artist=Garth%20Brooks
Thicker Than Blood,Garth Brooks,A2,D4,https://singingcarrots.com/artist-range?artist=Garth%20Brooks
Under the Table,Garth Brooks,A2,A4,https://singingcarrots.com/artist-range?artist=Garth%20Brooks
We Shall Be Free,Garth Brooks,D3,E4,https://singingcarrots.com/artist-range?artist=Garth%20Brooks
When You Come Back To Me Again,Garth Brooks,G2,G4,https://singingcarrots.com/artist-range?artist=Garth%20Brooks
Why Ain't I Running,Garth Brooks,D3,E4,https://singingcarrots.com/artist-range?artist=Garth%20Brooks
Winter Wonderland,Garth Brooks,A#2,D#4,https://singingcarrots.com/artist-range?artist=Garth%20Brooks
Workin' for a Livin',Garth Brooks,D3,E4,https://singingcarrots.com/artist-range?artist=Garth%20Brooks
You Can't Help Who You Love,Garth Brooks,B2,E4,https://singingcarrots.com/artist-range?artist=Garth%20Brooks
All My Love,George Ezra,A2,E4,https://singingcarrots.com/artist-range?artist=George%20Ezra
Blame It On Me,George Ezra,E3,G#4,https://singingcarrots.com/artist-range?artist=George%20Ezra
Cassy O',George Ezra,C#3,F#4,https://singingcarrots.com/artist-range?artist=George%20Ezra
Don't Matter Now,George Ezra,B2,C#4,https://singingcarrots.com/artist-range?artist=George%20Ezra
Get Away,George Ezra,D3,E4,https://singingcarrots.com/artist-range?artist=George%20Ezra
Hold My Girl,George Ezra,A#2,D4,https://singingcarrots.com/artist-range?artist=George%20Ezra
Leaving It Up to You,George Ezra,D3,A4,https://singingcarrots.com/artist-range?artist=George%20Ezra
Listen to the Man,George Ezra,A2,C#4,https://singingcarrots.com/artist-range?artist=George%20Ezra
Only a Human,George Ezra,G2,F4,https://singingcarrots.com/artist-range?artist=George%20Ezra
Paradise,George Ezra,B2,B4,https://singingcarrots.com/artist-range?artist=George%20Ezra
Pretty Shining People,George Ezra,D3,F#4,https://singingcarrots.com/artist-range?artist=George%20Ezra
Shotgun,George Ezra,C3,A4,https://singingcarrots.com/artist-range?artist=George%20Ezra
Sugarcoat,George Ezra,C3,D4,https://singingcarrots.com/artist-range?artist=George%20Ezra
White Christmas,George Ezra,B2,D4,https://singingcarrots.com/artist-range?artist=George%20Ezra
Bartender's Blues,George Jones,A#2,D#4,https://singingcarrots.com/artist-range?artist=George%20Jones
Beer Run,George Jones,E2,G4,https://singingcarrots.com/artist-range?artist=George%20Jones
Choices,George Jones,A2,D4,https://singingcarrots.com/artist-range?artist=George%20Jones
I Always Get Lucky with You,George Jones,C3,E4,https://singingcarrots.com/artist-range?artist=George%20Jones
I'll Just Take It Out In Love,George Jones,A#2,D4,https://singingcarrots.com/artist-range?artist=George%20Jones
I'm Not Ready Yet,George Jones,A2,A4,https://singingcarrots.com/artist-range?artist=George%20Jones
"If Drinkin' Don't Kill Me, Her Memory Will",George Jones,A#2,C4,https://singingcarrots.com/artist-range?artist=George%20Jones
One of These Days,George Jones,C3,A4,https://singingcarrots.com/artist-range?artist=George%20Jones
Same Ole Me,George Jones,A#2,C4,https://singingcarrots.com/artist-range?artist=George%20Jones
She Thinks I Still Care,George Jones,C3,F4,https://singingcarrots.com/artist-range?artist=George%20Jones
Someday My Day Will Come,George Jones,C3,E4,https://singingcarrots.com/artist-range?artist=George%20Jones
We're Gonna Hold On,George Jones,G2,G4,https://singingcarrots.com/artist-range?artist=George%20Jones
When You're Ugly Like Us,George Jones,A2,F4,https://singingcarrots.com/artist-range?artist=George%20Jones
Where We'll Never Grow Old,George Jones,D3,D4,https://singingcarrots.com/artist-range?artist=George%20Jones
White Lightning,George Jones,A#2,G#4,https://singingcarrots.com/artist-range?artist=George%20Jones
(The Seashores of) Old Mexico,George Strait,G2,C#4,https://singingcarrots.com/artist-range?artist=George%20Strait
Adalida,George Strait,D3,D#4,https://singingcarrots.com/artist-range?artist=George%20Strait
"Am I Blue? (Yes, I Am Blue)",George Strait,B2,F4,https://singingcarrots.com/artist-range?artist=George%20Strait
Carried Away,George Strait,C3,F4,https://singingcarrots.com/artist-range?artist=George%20Strait
Carrying Your Love With Me,George Strait,F3,D#4,https://singingcarrots.com/artist-range?artist=George%20Strait
Cowboys Like Us,George Strait,G2,E4,https://singingcarrots.com/artist-range?artist=George%20Strait
Give It All We Got Tonight,George Strait,G2,D4,https://singingcarrots.com/artist-range?artist=George%20Strait
Give It Away,George Strait,F2,C4,https://singingcarrots.com/artist-range?artist=George%20Strait
Heartland,George Strait,D#3,F4,https://singingcarrots.com/artist-range?artist=George%20Strait
Here for a Good Time,George Strait,B2,D4,https://singingcarrots.com/artist-range?artist=George%20Strait
How 'Bout Them Cowgirls,George Strait,B2,C#4,https://singingcarrots.com/artist-range?artist=George%20Strait
I Gotta Get To You,George Strait,A2,D4,https://singingcarrots.com/artist-range?artist=George%20Strait
I Hate Everything,George Strait,F2,A#3,https://singingcarrots.com/artist-range?artist=George%20Strait
I Just Want To Dance With You,George Strait,G2,C4,https://singingcarrots.com/artist-range?artist=George%20Strait
I Saw God Today,George Strait,G#2,D#4,https://singingcarrots.com/artist-range?artist=George%20Strait
If You Ain't Lovin' (You Ain't Livin'),George Strait,D3,E4,https://singingcarrots.com/artist-range?artist=George%20Strait
If You're Thinking You Want a Stranger,George Strait,G2,E4,https://singingcarrots.com/artist-range?artist=George%20Strait
It Just Comes Natural,George Strait,D#3,D4,https://singingcarrots.com/artist-range?artist=George%20Strait
King of the Mountain,George Strait,A2,F#4,https://singingcarrots.com/artist-range?artist=George%20Strait
Lead On,George Strait,A#2,C#4,https://singingcarrots.com/artist-range?artist=George%20Strait
Living and Living Well,George Strait,D3,G4,https://singingcarrots.com/artist-range?artist=George%20Strait
Living for the Night,George Strait,B2,E4,https://singingcarrots.com/artist-range?artist=George%20Strait
Neon Row,George Strait,G2,F#4,https://singingcarrots.com/artist-range?artist=George%20Strait
Old Time Christmas,George Strait,F#2,C#4,https://singingcarrots.com/artist-range?artist=George%20Strait
One Night At a Time,George Strait,B2,B3,https://singingcarrots.com/artist-range?artist=George%20Strait
River of Love,George Strait,A2,F#4,https://singingcarrots.com/artist-range?artist=George%20Strait
Run,George Strait,A2,D4,https://singingcarrots.com/artist-range?artist=George%20Strait
She Let Herself Go,George Strait,G#2,C#4,https://singingcarrots.com/artist-range?artist=George%20Strait
She'll Leave You With a Smile,George Strait,B2,E4,https://singingcarrots.com/artist-range?artist=George%20Strait
Tell Me Something Bad About Tulsa,George Strait,F#2,D4,https://singingcarrots.com/artist-range?artist=George%20Strait
Texas,George Strait,F2,D4,https://singingcarrots.com/artist-range?artist=George%20Strait
That's Where I Wanna Take Our Love,George Strait,A2,D4,https://singingcarrots.com/artist-range?artist=George%20Strait
The Best Day,George Strait,A2,D4,https://singingcarrots.com/artist-range?artist=George%20Strait
The Breath You Take,George Strait,F2,A#3,https://singingcarrots.com/artist-range?artist=George%20Strait
The Cowboy Rides Away,George Strait,B2,B3,https://singingcarrots.com/artist-range?artist=George%20Strait
There's a New Kid In Town,George Strait,A2,G#4,https://singingcarrots.com/artist-range?artist=George%20Strait
Troubadour,George Strait,A2,E4,https://singingcarrots.com/artist-range?artist=George%20Strait
True,George Strait,C3,E4,https://singingcarrots.com/artist-range?artist=George%20Strait
We Really Shouldn't Be Doing This,George Strait,C3,E4,https://singingcarrots.com/artist-range?artist=George%20Strait
What a Merry Christmas This Could Be,George Strait,G2,A3,https://singingcarrots.com/artist-range?artist=George%20Strait
You Can't Make a Heart Love Somebody,George Strait,B2,E4,https://singingcarrots.com/artist-range?artist=George%20Strait
You Look So Good In Love,George Strait,A2,D4,https://singingcarrots.com/artist-range?artist=George%20Strait
You'll Be There,George Strait,G#2,C#4,https://singingcarrots.com/artist-range?artist=George%20Strait
A Better Place,Glen Campbell,C3,A4,https://singingcarrots.com/artist-range?artist=Glen%20Campbell
Bonaparte's Retreat,Glen Campbell,G2,E4,https://singingcarrots.com/artist-range?artist=Glen%20Campbell
Country Boy (You Got Your Feet in L.A.),Glen Campbell,F2,G4,https://singingcarrots.com/artist-range?artist=Glen%20Campbell
Do You Hear What I Hear?,Glen Campbell,C3,C4,https://singingcarrots.com/artist-range?artist=Glen%20Campbell
Galveston,Glen Campbell,G2,E4,https://singingcarrots.com/artist-range?artist=Glen%20Campbell
Honey Come Back,Glen Campbell,D3,D#4,https://singingcarrots.com/artist-range?artist=Glen%20Campbell
I'm Not Gonna Miss You,Glen Campbell,D3,D4,https://singingcarrots.com/artist-range?artist=Glen%20Campbell
I’m Not Gonna Miss You,Glen Campbell,A2,D4,https://singingcarrots.com/artist-range?artist=Glen%20Campbell
One Pair of Hands,Glen Campbell,A2,F4,https://singingcarrots.com/artist-range?artist=Glen%20Campbell
Reason to Believe,Glen Campbell,B2,E4,https://singingcarrots.com/artist-range?artist=Glen%20Campbell
True Grit,Glen Campbell,C3,D4,https://singingcarrots.com/artist-range?artist=Glen%20Campbell
Try a Little Kindness,Glen Campbell,B2,G#4,https://singingcarrots.com/artist-range?artist=Glen%20Campbell
Acoustic #3,Goo Goo Dolls,G2,D4,https://singingcarrots.com/artist-range?artist=Goo%20Goo%20Dolls
All Eyes on Me,Goo Goo Dolls,E3,A4,https://singingcarrots.com/artist-range?artist=Goo%20Goo%20Dolls
Before It's Too Late,Goo Goo Dolls,C3,G4,https://singingcarrots.com/artist-range?artist=Goo%20Goo%20Dolls
Better Days,Goo Goo Dolls,C#3,E4,https://singingcarrots.com/artist-range?artist=Goo%20Goo%20Dolls
Black Balloon,Goo Goo Dolls,A#2,G#4,https://singingcarrots.com/artist-range?artist=Goo%20Goo%20Dolls
Bullet Proof,Goo Goo Dolls,B2,A4,https://singingcarrots.com/artist-range?artist=Goo%20Goo%20Dolls
Come to Me,Goo Goo Dolls,B2,G4,https://singingcarrots.com/artist-range?artist=Goo%20Goo%20Dolls
Dizzy,Goo Goo Dolls,D3,A4,https://singingcarrots.com/artist-range?artist=Goo%20Goo%20Dolls
Feel the Silence,Goo Goo Dolls,E2,F#4,https://singingcarrots.com/artist-range?artist=Goo%20Goo%20Dolls
Hate This Place,Goo Goo Dolls,E3,A4,https://singingcarrots.com/artist-range?artist=Goo%20Goo%20Dolls
Here Is Gone,Goo Goo Dolls,D#3,G#4,https://singingcarrots.com/artist-range?artist=Goo%20Goo%20Dolls
Let Love In,Goo Goo Dolls,G2,F#4,https://singingcarrots.com/artist-range?artist=Goo%20Goo%20Dolls
Name,Goo Goo Dolls,A2,B4,https://singingcarrots.com/artist-range?artist=Goo%20Goo%20Dolls
Stay With You,Goo Goo Dolls,C3,G4,https://singingcarrots.com/artist-range?artist=Goo%20Goo%20Dolls
Sympathy,Goo Goo Dolls,C3,F4,https://singingcarrots.com/artist-range?artist=Goo%20Goo%20Dolls
Baby Step Back,Gordon Lightfoot,B2,B3,https://singingcarrots.com/artist-range?artist=Gordon%20Lightfoot
Beautiful,Gordon Lightfoot,C3,E4,https://singingcarrots.com/artist-range?artist=Gordon%20Lightfoot
Bend in the Water,Gordon Lightfoot,D3,D4,https://singingcarrots.com/artist-range?artist=Gordon%20Lightfoot
Canadian Railroad Trilogy,Gordon Lightfoot,C3,F4,https://singingcarrots.com/artist-range?artist=Gordon%20Lightfoot
Carefree Highway,Gordon Lightfoot,C3,D4,https://singingcarrots.com/artist-range?artist=Gordon%20Lightfoot
Christian Island (Georgian Bay),Gordon Lightfoot,C#3,D4,https://singingcarrots.com/artist-range?artist=Gordon%20Lightfoot
Circle of Steel,Gordon Lightfoot,C3,C4,https://singingcarrots.com/artist-range?artist=Gordon%20Lightfoot
Cold on the Shoulder,Gordon Lightfoot,G2,B3,https://singingcarrots.com/artist-range?artist=Gordon%20Lightfoot
Cotton Jenny,Gordon Lightfoot,A2,D4,https://singingcarrots.com/artist-range?artist=Gordon%20Lightfoot
Daylight Katy,Gordon Lightfoot,G2,C4,https://singingcarrots.com/artist-range?artist=Gordon%20Lightfoot
Did She Mention My Name,Gordon Lightfoot,B2,C4,https://singingcarrots.com/artist-range?artist=Gordon%20Lightfoot
Don Quixote,Gordon Lightfoot,G2,E4,https://singingcarrots.com/artist-range?artist=Gordon%20Lightfoot
Dream Street Rose,Gordon Lightfoot,C3,D4,https://singingcarrots.com/artist-range?artist=Gordon%20Lightfoot
Early Mornin' Rain,Gordon Lightfoot,A2,A3,https://singingcarrots.com/artist-range?artist=Gordon%20Lightfoot
Ecstasy Made Easy,Gordon Lightfoot,C#3,E4,https://singingcarrots.com/artist-range?artist=Gordon%20Lightfoot
For Lovin' Me,Gordon Lightfoot,A2,C#4,https://singingcarrots.com/artist-range?artist=Gordon%20Lightfoot
I'll Tag Along,Gordon Lightfoot,E3,D4,https://singingcarrots.com/artist-range?artist=Gordon%20Lightfoot
I'm Not Sayin',Gordon Lightfoot,A2,B3,https://singingcarrots.com/artist-range?artist=Gordon%20Lightfoot
Race Among the Ruins,Gordon Lightfoot,C3,E4,https://singingcarrots.com/artist-range?artist=Gordon%20Lightfoot
Rainy Day People,Gordon Lightfoot,A2,C4,https://singingcarrots.com/artist-range?artist=Gordon%20Lightfoot
Ribbon of Darkness,Gordon Lightfoot,D3,B3,https://singingcarrots.com/artist-range?artist=Gordon%20Lightfoot
Salute (A Lot More Livin' to Do),Gordon Lightfoot,D3,D4,https://singingcarrots.com/artist-range?artist=Gordon%20Lightfoot
Sea of Tranquility,Gordon Lightfoot,C3,D#4,https://singingcarrots.com/artist-range?artist=Gordon%20Lightfoot
Shadows,Gordon Lightfoot,B2,D4,https://singingcarrots.com/artist-range?artist=Gordon%20Lightfoot
Stay Loose,Gordon Lightfoot,C#3,D4,https://singingcarrots.com/artist-range?artist=Gordon%20Lightfoot
Steel Rail Blues,Gordon Lightfoot,C3,A4,https://singingcarrots.com/artist-range?artist=Gordon%20Lightfoot
Summer Side of Life,Gordon Lightfoot,D3,D4,https://singingcarrots.com/artist-range?artist=Gordon%20Lightfoot
Summertime Dream,Gordon Lightfoot,C3,D4,https://singingcarrots.com/artist-range?artist=Gordon%20Lightfoot
Sundown,Gordon Lightfoot,D3,C4,https://singingcarrots.com/artist-range?artist=Gordon%20Lightfoot
Sweet Guinevere,Gordon Lightfoot,C3,D4,https://singingcarrots.com/artist-range?artist=Gordon%20Lightfoot
Tattoo,Gordon Lightfoot,A2,D4,https://singingcarrots.com/artist-range?artist=Gordon%20Lightfoot
The Circle Is Small,Gordon Lightfoot,A#2,D#4,https://singingcarrots.com/artist-range?artist=Gordon%20Lightfoot
(Walk Me Out in the) Morning Dew,Grateful Dead,D3,G4,https://singingcarrots.com/artist-range?artist=Grateful%20Dead
Alabama Getaway,Grateful Dead,E3,F#4,https://singingcarrots.com/artist-range?artist=Grateful%20Dead
Althea,Grateful Dead,A2,E4,https://singingcarrots.com/artist-range?artist=Grateful%20Dead
Attics of My Life,Grateful Dead,E3,A4,https://singingcarrots.com/artist-range?artist=Grateful%20Dead
Believe It or Not,Grateful Dead,G2,F#4,https://singingcarrots.com/artist-range?artist=Grateful%20Dead
Bertha,Grateful Dead,D3,G4,https://singingcarrots.com/artist-range?artist=Grateful%20Dead
Black Muddy River,Grateful Dead,A2,E4,https://singingcarrots.com/artist-range?artist=Grateful%20Dead
Box of Rain,Grateful Dead,D3,F#4,https://singingcarrots.com/artist-range?artist=Grateful%20Dead
Brokedown Palace,Grateful Dead,D3,E4,https://singingcarrots.com/artist-range?artist=Grateful%20Dead
Candyman,Grateful Dead,F3,E4,https://singingcarrots.com/artist-range?artist=Grateful%20Dead
Casey Jones,Grateful Dead,F3,G4,https://singingcarrots.com/artist-range?artist=Grateful%20Dead
Childhood's End,Grateful Dead,A2,D4,https://singingcarrots.com/artist-range?artist=Grateful%20Dead
China Doll,Grateful Dead,E3,G4,https://singingcarrots.com/artist-range?artist=Grateful%20Dead
Corrina,Grateful Dead,E3,G4,https://singingcarrots.com/artist-range?artist=Grateful%20Dead
Crazy Fingers,Grateful Dead,F3,F#4,https://singingcarrots.com/artist-range?artist=Grateful%20Dead
Cumberland Blues,Grateful Dead,D3,G4,https://singingcarrots.com/artist-range?artist=Grateful%20Dead
Dark Hollow,Grateful Dead,C#3,E4,https://singingcarrots.com/artist-range?artist=Grateful%20Dead
Dark Star,Grateful Dead,E3,F#4,https://singingcarrots.com/artist-range?artist=Grateful%20Dead
Days Between,Grateful Dead,F3,E4,https://singingcarrots.com/artist-range?artist=Grateful%20Dead
Dire Wolf,Grateful Dead,C#3,E4,https://singingcarrots.com/artist-range?artist=Grateful%20Dead
Dupree's Diamond Blues,Grateful Dead,E3,A4,https://singingcarrots.com/artist-range?artist=Grateful%20Dead
Easy Wind,Grateful Dead,B2,G4,https://singingcarrots.com/artist-range?artist=Grateful%20Dead
Estimated Prophet,Grateful Dead,D3,B4,https://singingcarrots.com/artist-range?artist=Grateful%20Dead
Eyes of the World,Grateful Dead,F#2,G4,https://singingcarrots.com/artist-range?artist=Grateful%20Dead
Feel Like a Stranger,Grateful Dead,E3,G#4,https://singingcarrots.com/artist-range?artist=Grateful%20Dead
Franklin's Tower,Grateful Dead,E3,A4,https://singingcarrots.com/artist-range?artist=Grateful%20Dead
Going Down the Road Feelin' Bad,Grateful Dead,C#3,E4,https://singingcarrots.com/artist-range?artist=Grateful%20Dead
Hell In a Bucket,Grateful Dead,F3,A#4,https://singingcarrots.com/artist-range?artist=Grateful%20Dead
High Time,Grateful Dead,E3,F#4,https://singingcarrots.com/artist-range?artist=Grateful%20Dead
I Know You Rider,Grateful Dead,C3,D4,https://singingcarrots.com/artist-range?artist=Grateful%20Dead
Jack Straw,Grateful Dead,D3,A4,https://singingcarrots.com/artist-range?artist=Grateful%20Dead
Lazy River Road,Grateful Dead,G2,F4,https://singingcarrots.com/artist-range?artist=Grateful%20Dead
Liberty,Grateful Dead,B2,G#4,https://singingcarrots.com/artist-range?artist=Grateful%20Dead
Looks Like Rain,Grateful Dead,B2,F#4,https://singingcarrots.com/artist-range?artist=Grateful%20Dead
Lost Sailor,Grateful Dead,D#3,F#4,https://singingcarrots.com/artist-range?artist=Grateful%20Dead
Me & My Uncle,Grateful Dead,D3,G4,https://singingcarrots.com/artist-range?artist=Grateful%20Dead
Me and My Uncle,Grateful Dead,D3,G4,https://singingcarrots.com/artist-range?artist=Grateful%20Dead
Mississippi Half-Step Uptown Toodeloo,Grateful Dead,E3,G#4,https://singingcarrots.com/artist-range?artist=Grateful%20Dead
Mr. Charlie,Grateful Dead,E3,G4,https://singingcarrots.com/artist-range?artist=Grateful%20Dead
New Speedway Boogie,Grateful Dead,E3,G4,https://singingcarrots.com/artist-range?artist=Grateful%20Dead
One More Saturday Night,Grateful Dead,D3,A4,https://singingcarrots.com/artist-range?artist=Grateful%20Dead
Operator,Grateful Dead,C3,C4,https://singingcarrots.com/artist-range?artist=Grateful%20Dead
Saint of Circumstance,Grateful Dead,E3,A4,https://singingcarrots.com/artist-range?artist=Grateful%20Dead
Scarlet Begonias,Grateful Dead,E3,G#4,https://singingcarrots.com/artist-range?artist=Grateful%20Dead
Shakedown Street,Grateful Dead,D3,E4,https://singingcarrots.com/artist-range?artist=Grateful%20Dead
Ship of Fools,Grateful Dead,D#3,F4,https://singingcarrots.com/artist-range?artist=Grateful%20Dead
So Many Roads,Grateful Dead,C3,F4,https://singingcarrots.com/artist-range?artist=Grateful%20Dead
St. Stephen,Grateful Dead,C#3,F#4,https://singingcarrots.com/artist-range?artist=Grateful%20Dead
Stagger Lee,Grateful Dead,D3,F4,https://singingcarrots.com/artist-range?artist=Grateful%20Dead
Standing on the Moon,Grateful Dead,D3,E4,https://singingcarrots.com/artist-range?artist=Grateful%20Dead
Stella Blue,Grateful Dead,B2,G4,https://singingcarrots.com/artist-range?artist=Grateful%20Dead
Terrapin Station,Grateful Dead,E3,B4,https://singingcarrots.com/artist-range?artist=Grateful%20Dead
Till the Morning Comes,Grateful Dead,D3,G#4,https://singingcarrots.com/artist-range?artist=Grateful%20Dead
Touch of Grey,Grateful Dead,D3,D4,https://singingcarrots.com/artist-range?artist=Grateful%20Dead
Truckin',Grateful Dead,C#3,A#4,https://singingcarrots.com/artist-range?artist=Grateful%20Dead
Unbroken Chain,Grateful Dead,C3,E4,https://singingcarrots.com/artist-range?artist=Grateful%20Dead
Victim or the Crime,Grateful Dead,E3,F#4,https://singingcarrots.com/artist-range?artist=Grateful%20Dead
Way to Go Home,Grateful Dead,C3,A#4,https://singingcarrots.com/artist-range?artist=Grateful%20Dead
"Weather Report Suite, Part 1",Grateful Dead,B2,G#4,https://singingcarrots.com/artist-range?artist=Grateful%20Dead
West L.A. Fadeaway,Grateful Dead,E3,E4,https://singingcarrots.com/artist-range?artist=Grateful%20Dead
Wharf Rat,Grateful Dead,B2,G4,https://singingcarrots.com/artist-range?artist=Grateful%20Dead
Ain't It Fun,Guns N' Roses,F#2,F#3,https://singingcarrots.com/artist-range?artist=Guns%20N%27%20Roses
Mr. Brownstone,Guns N' Roses,E2,B4,https://singingcarrots.com/artist-range?artist=Guns%20N%27%20Roses
Yesterdays,Guns N' Roses,C#3,D#4,https://singingcarrots.com/artist-range?artist=Guns%20N%27%20Roses
You Could Be Mine,Guns N' Roses,B2,F#4,https://singingcarrots.com/artist-range?artist=Guns%20N%27%20Roses
A Home In Heaven,Hank Williams,F3,D4,https://singingcarrots.com/artist-range?artist=Hank%20Williams
A House Without Love,Hank Williams,C3,E4,https://singingcarrots.com/artist-range?artist=Hank%20Williams
A House of Gold,Hank Williams,C3,F4,https://singingcarrots.com/artist-range?artist=Hank%20Williams
A Mansion on the Hill,Hank Williams,D3,F4,https://singingcarrots.com/artist-range?artist=Hank%20Williams
A Message To My Mother,Hank Williams,B2,C4,https://singingcarrots.com/artist-range?artist=Hank%20Williams
Are You Walking & A-Talking for the Lord,Hank Williams,C3,A#3,https://singingcarrots.com/artist-range?artist=Hank%20Williams
"Baby, We're Really In Love",Hank Williams,C3,E4,https://singingcarrots.com/artist-range?artist=Hank%20Williams
Countryfied,Hank Williams,C3,C4,https://singingcarrots.com/artist-range?artist=Hank%20Williams
Dear Brother,Hank Williams,C3,A#3,https://singingcarrots.com/artist-range?artist=Hank%20Williams
Help Me Understand,Hank Williams,E3,D4,https://singingcarrots.com/artist-range?artist=Hank%20Williams
"Hey, Good Lookin'",Hank Williams,E3,D4,https://singingcarrots.com/artist-range?artist=Hank%20Williams
Honky Tonk Blues,Hank Williams,G2,C4,https://singingcarrots.com/artist-range?artist=Hank%20Williams
Honky Tonkin',Hank Williams,B2,G4,https://singingcarrots.com/artist-range?artist=Hank%20Williams
I Ain't Got Nothing But Time,Hank Williams,E3,E4,https://singingcarrots.com/artist-range?artist=Hank%20Williams
I Can't Get You Off of My Mind,Hank Williams,G2,E4,https://singingcarrots.com/artist-range?artist=Hank%20Williams
I Can't Help It,Hank Williams,C3,D4,https://singingcarrots.com/artist-range?artist=Hank%20Williams
I Saw the Light,Hank Williams,D3,E4,https://singingcarrots.com/artist-range?artist=Hank%20Williams
I Wish You Didn't Love Me So Much,Hank Williams,D3,C4,https://singingcarrots.com/artist-range?artist=Hank%20Williams
I'll Have a New Life,Hank Williams,C3,E4,https://singingcarrots.com/artist-range?artist=Hank%20Williams
I'll Never Get Out of This World Alive,Hank Williams,C3,D#4,https://singingcarrots.com/artist-range?artist=Hank%20Williams
I'm Gonna Sing,Hank Williams,D3,D4,https://singingcarrots.com/artist-range?artist=Hank%20Williams
I'm a Long Gone Daddy,Hank Williams,C#3,F4,https://singingcarrots.com/artist-range?artist=Hank%20Williams
Jesus Died for Me,Hank Williams,E3,D4,https://singingcarrots.com/artist-range?artist=Hank%20Williams
Jesus Is Calling,Hank Williams,C3,A#3,https://singingcarrots.com/artist-range?artist=Hank%20Williams
Jesus Remembered Me,Hank Williams,F3,D4,https://singingcarrots.com/artist-range?artist=Hank%20Williams
Last Night I Dreamed of Heaven,Hank Williams,B2,D4,https://singingcarrots.com/artist-range?artist=Hank%20Williams
Long Gone Lonesome Blues,Hank Williams,G2,F4,https://singingcarrots.com/artist-range?artist=Hank%20Williams
Lovesick Blues,Hank Williams,C3,G4,https://singingcarrots.com/artist-range?artist=Hank%20Williams
Mind Your Own Business,Hank Williams,F3,F4,https://singingcarrots.com/artist-range?artist=Hank%20Williams
Moanin' the Blues,Hank Williams,C3,G4,https://singingcarrots.com/artist-range?artist=Hank%20Williams
Mother Is Gone,Hank Williams,C3,C4,https://singingcarrots.com/artist-range?artist=Hank%20Williams
Move It on Over,Hank Williams,F3,F4,https://singingcarrots.com/artist-range?artist=Hank%20Williams
My Bucket's Got a Hole In It,Hank Williams,C3,D4,https://singingcarrots.com/artist-range?artist=Hank%20Williams
My Heart Would Know,Hank Williams,G2,D4,https://singingcarrots.com/artist-range?artist=Hank%20Williams
Ramblin' Man,Hank Williams,D3,A4,https://singingcarrots.com/artist-range?artist=Hank%20Williams
Ready To Go Home,Hank Williams,C3,D4,https://singingcarrots.com/artist-range?artist=Hank%20Williams
Take These Chains from My Heart,Hank Williams,B2,B3,https://singingcarrots.com/artist-range?artist=Hank%20Williams
The Alabama Waltz,Hank Williams,C3,D4,https://singingcarrots.com/artist-range?artist=Hank%20Williams
The Angel of Death,Hank Williams,C3,D4,https://singingcarrots.com/artist-range?artist=Hank%20Williams
The Little House We Built,Hank Williams,C3,D4,https://singingcarrots.com/artist-range?artist=Hank%20Williams
There'll Be No Teardrops Tonight,Hank Williams,B2,E4,https://singingcarrots.com/artist-range?artist=Hank%20Williams
There's a Tear In My Beer,Hank Williams,A2,D4,https://singingcarrots.com/artist-range?artist=Hank%20Williams
We're Getting Closer To the Grave Each Day,Hank Williams,C3,C4,https://singingcarrots.com/artist-range?artist=Hank%20Williams
Wealth Won't Save Your Soul,Hank Williams,D3,B3,https://singingcarrots.com/artist-range?artist=Hank%20Williams
When God Comes and Gathers His Jewels,Hank Williams,D3,D4,https://singingcarrots.com/artist-range?artist=Hank%20Williams
Why Don't You Love Me,Hank Williams,C3,C4,https://singingcarrots.com/artist-range?artist=Hank%20Williams
You Win Again,Hank Williams,A2,C4,https://singingcarrots.com/artist-range?artist=Hank%20Williams
Bad Luck (Part 1),Harold Melvin & the Blue Notes,E3,F#4,https://singingcarrots.com/artist-range?artist=Harold%20Melvin%20and%20the%20Blue%20Notes
A Better Place To Be,Harry Chapin,A2,G4,https://singingcarrots.com/artist-range?artist=Harry%20Chapin
Caroline,Harry Chapin,B2,D4,https://singingcarrots.com/artist-range?artist=Harry%20Chapin
Circle,Harry Chapin,D3,E4,https://singingcarrots.com/artist-range?artist=Harry%20Chapin
Corey's Coming,Harry Chapin,G2,C#4,https://singingcarrots.com/artist-range?artist=Harry%20Chapin
Flowers Are Red,Harry Chapin,A2,E4,https://singingcarrots.com/artist-range?artist=Harry%20Chapin
I Want to Learn a Love Song,Harry Chapin,E3,E4,https://singingcarrots.com/artist-range?artist=Harry%20Chapin
If My Mary Were Here,Harry Chapin,D3,E4,https://singingcarrots.com/artist-range?artist=Harry%20Chapin
Jenny,Harry Chapin,B2,B3,https://singingcarrots.com/artist-range?artist=Harry%20Chapin
Last Stand,Harry Chapin,A2,E4,https://singingcarrots.com/artist-range?artist=Harry%20Chapin
November Rains,Harry Chapin,A2,E4,https://singingcarrots.com/artist-range?artist=Harry%20Chapin
Remember When the Music,Harry Chapin,G#2,C#4,https://singingcarrots.com/artist-range?artist=Harry%20Chapin
Sandy,Harry Chapin,A2,F#4,https://singingcarrots.com/artist-range?artist=Harry%20Chapin
She Sings Songs Without Words,Harry Chapin,C3,D4,https://singingcarrots.com/artist-range?artist=Harry%20Chapin
Shooting Star,Harry Chapin,B2,B3,https://singingcarrots.com/artist-range?artist=Harry%20Chapin
Song Man,Harry Chapin,G2,D4,https://singingcarrots.com/artist-range?artist=Harry%20Chapin
Story of a Life,Harry Chapin,E2,D4,https://singingcarrots.com/artist-range?artist=Harry%20Chapin
Sunday Morning Sunshine,Harry Chapin,B2,E4,https://singingcarrots.com/artist-range?artist=Harry%20Chapin
Tangled Up Puppet,Harry Chapin,D3,G4,https://singingcarrots.com/artist-range?artist=Harry%20Chapin
Thirty Thousand Pounds of Bananas,Harry Chapin,F2,G4,https://singingcarrots.com/artist-range?artist=Harry%20Chapin
W*o*l*d,Harry Chapin,A2,B4,https://singingcarrots.com/artist-range?artist=Harry%20Chapin
Winter Song,Harry Chapin,G2,C4,https://singingcarrots.com/artist-range?artist=Harry%20Chapin
You Are the Only Song / Circle,Harry Chapin,G2,D4,https://singingcarrots.com/artist-range?artist=Harry%20Chapin
You Own the Only Light,Harry Chapin,G2,D4,https://singingcarrots.com/artist-range?artist=Harry%20Chapin
Amazing,Hezekiah Walker,F2,F#4,https://singingcarrots.com/artist-range?artist=Hezekiah%20Walker
Clean Inside,Hezekiah Walker,A#2,C4,https://singingcarrots.com/artist-range?artist=Hezekiah%20Walker
How Much We Can Bear,Hezekiah Walker,G#2,F4,https://singingcarrots.com/artist-range?artist=Hezekiah%20Walker
I Feel Your Spirit,Hezekiah Walker,F2,F4,https://singingcarrots.com/artist-range?artist=Hezekiah%20Walker
I'll Fly Away,Hezekiah Walker,A#2,C4,https://singingcarrots.com/artist-range?artist=Hezekiah%20Walker
I'll Make It,Hezekiah Walker,G#2,C4,https://singingcarrots.com/artist-range?artist=Hezekiah%20Walker
It Shall Come To Pass,Hezekiah Walker,G#2,F4,https://singingcarrots.com/artist-range?artist=Hezekiah%20Walker
Second Chance,Hezekiah Walker,D#3,D#4,https://singingcarrots.com/artist-range?artist=Hezekiah%20Walker
Centre of My Life,Hillsong,F3,A#4,https://singingcarrots.com/artist-range?artist=Hillsong
Like Incense / Sometimes By Step,Hillsong,F3,A#4,https://singingcarrots.com/artist-range?artist=Hillsong
Thank You Jesus,Hillsong,E3,A4,https://singingcarrots.com/artist-range?artist=Hillsong
Even When It Hurts (Praise Song),Hillsong United,D3,A4,https://singingcarrots.com/artist-range?artist=Hillsong%20United
Another in the Fire,Hillsong Worship,G2,G4,https://singingcarrots.com/artist-range?artist=Hillsong%20Worship
Arrival,Hillsong Worship,E3,A4,https://singingcarrots.com/artist-range?artist=Hillsong%20Worship
As It Is (In Heaven),Hillsong Worship,C#3,C#4,https://singingcarrots.com/artist-range?artist=Hillsong%20Worship
Awake My Soul,Hillsong Worship,F2,D4,https://singingcarrots.com/artist-range?artist=Hillsong%20Worship
Be Still,Hillsong Worship,A2,G4,https://singingcarrots.com/artist-range?artist=Hillsong%20Worship
Behold (Then Sings My Soul),Hillsong Worship,D#2,D#4,https://singingcarrots.com/artist-range?artist=Hillsong%20Worship
Bright As the Sun,Hillsong Worship,F#2,G#4,https://singingcarrots.com/artist-range?artist=Hillsong%20Worship
Crowns,Hillsong Worship,D3,G4,https://singingcarrots.com/artist-range?artist=Hillsong%20Worship
Elohim,Hillsong Worship,G2,D#4,https://singingcarrots.com/artist-range?artist=Hillsong%20Worship
Every Breath,Hillsong Worship,C2,A3,https://singingcarrots.com/artist-range?artist=Hillsong%20Worship
Fresh Wind,Hillsong Worship,G2,A3,https://singingcarrots.com/artist-range?artist=Hillsong%20Worship
From Whom All Blessings Flow (Doxology),Hillsong Worship,C3,G4,https://singingcarrots.com/artist-range?artist=Hillsong%20Worship
Grace To Grace,Hillsong Worship,B2,F#4,https://singingcarrots.com/artist-range?artist=Hillsong%20Worship
Hark,Hillsong Worship,B2,C#4,https://singingcarrots.com/artist-range?artist=Hillsong%20Worship
He Shall Reign,Hillsong Worship,B2,E4,https://singingcarrots.com/artist-range?artist=Hillsong%20Worship
Here with You,Hillsong Worship,G2,C4,https://singingcarrots.com/artist-range?artist=Hillsong%20Worship
I Will Boast in Christ,Hillsong Worship,A2,E4,https://singingcarrots.com/artist-range?artist=Hillsong%20Worship
I Will Praise You,Hillsong Worship,C3,F4,https://singingcarrots.com/artist-range?artist=Hillsong%20Worship
In Control,Hillsong Worship,A2,E4,https://singingcarrots.com/artist-range?artist=Hillsong%20Worship
In God We Trust,Hillsong Worship,C#3,F#4,https://singingcarrots.com/artist-range?artist=Hillsong%20Worship
"Jesus, I Need You",Hillsong Worship,E3,E4,https://singingcarrots.com/artist-range?artist=Hillsong%20Worship
Joy to the World,Hillsong Worship,F3,A#4,https://singingcarrots.com/artist-range?artist=Hillsong%20Worship
King of Kings,Hillsong Worship,C#3,D4,https://singingcarrots.com/artist-range?artist=Hillsong%20Worship
Let There Be Light,Hillsong Worship,A2,F4,https://singingcarrots.com/artist-range?artist=Hillsong%20Worship
Look to the Son,Hillsong Worship,C3,G4,https://singingcarrots.com/artist-range?artist=Hillsong%20Worship
Love on the Line,Hillsong Worship,G2,C4,https://singingcarrots.com/artist-range?artist=Hillsong%20Worship
Never Forsaken,Hillsong Worship,G2,A3,https://singingcarrots.com/artist-range?artist=Hillsong%20Worship
New Wine,Hillsong Worship,F2,G3,https://singingcarrots.com/artist-range?artist=Hillsong%20Worship
No One But You,Hillsong Worship,A2,A4,https://singingcarrots.com/artist-range?artist=Hillsong%20Worship
O Come All Ye Faithful,Hillsong Worship,C3,D4,https://singingcarrots.com/artist-range?artist=Hillsong%20Worship
O Praise the Name (Anástasis),Hillsong Worship,C3,G4,https://singingcarrots.com/artist-range?artist=Hillsong%20Worship
One Thing,Hillsong Worship,C3,G4,https://singingcarrots.com/artist-range?artist=Hillsong%20Worship
Open Heaven (River Wild),Hillsong Worship,C3,G4,https://singingcarrots.com/artist-range?artist=Hillsong%20Worship
Peace Upon the Earth,Hillsong Worship,G#2,G4,https://singingcarrots.com/artist-range?artist=Hillsong%20Worship
Prince of Heaven,Hillsong Worship,F#2,B3,https://singingcarrots.com/artist-range?artist=Hillsong%20Worship
Remembrance,Hillsong Worship,D#3,F#4,https://singingcarrots.com/artist-range?artist=Hillsong%20Worship
Seasons,Hillsong Worship,G2,C4,https://singingcarrots.com/artist-range?artist=Hillsong%20Worship
See the Light,Hillsong Worship,E3,F#4,https://singingcarrots.com/artist-range?artist=Hillsong%20Worship
Silent Night (with Saviour King),Hillsong Worship,D3,G4,https://singingcarrots.com/artist-range?artist=Hillsong%20Worship
The First Noel,Hillsong Worship,B2,D#4,https://singingcarrots.com/artist-range?artist=Hillsong%20Worship
The Passion,Hillsong Worship,A2,B3,https://singingcarrots.com/artist-range?artist=Hillsong%20Worship
Touch of Heaven,Hillsong Worship,E3,F#4,https://singingcarrots.com/artist-range?artist=Hillsong%20Worship
Transfiguration,Hillsong Worship,G2,E4,https://singingcarrots.com/artist-range?artist=Hillsong%20Worship
Upper Room,Hillsong Worship,B2,C#4,https://singingcarrots.com/artist-range?artist=Hillsong%20Worship
What a Saviour,Hillsong Worship,B2,E4,https://singingcarrots.com/artist-range?artist=Hillsong%20Worship
When I Think Upon Christmas,Hillsong Worship,G2,E4,https://singingcarrots.com/artist-range?artist=Hillsong%20Worship
Who You Say I Am,Hillsong Worship,G2,C4,https://singingcarrots.com/artist-range?artist=Hillsong%20Worship
Who You Say I Am (Live),Hillsong Worship,F#2,C4,https://singingcarrots.com/artist-range?artist=Hillsong%20Worship
Who You Say I Am (Studio Version),Hillsong Worship,G2,C4,https://singingcarrots.com/artist-range?artist=Hillsong%20Worship
You Are Life,Hillsong Worship,C3,F4,https://singingcarrots.com/artist-range?artist=Hillsong%20Worship
Your Word,Hillsong Worship,C3,F4,https://singingcarrots.com/artist-range?artist=Hillsong%20Worship
Baltimore Oriole,Hoagy Carmichael,C3,D#4,https://singingcarrots.com/artist-range?artist=Hoagy%20Carmichael
Heart and Soul,Hoagy Carmichael,C3,E4,https://singingcarrots.com/artist-range?artist=Hoagy%20Carmichael
How Little We Know,Hoagy Carmichael,A#2,D#4,https://singingcarrots.com/artist-range?artist=Hoagy%20Carmichael
My Resistance Is Low,Hoagy Carmichael,A#2,D#4,https://singingcarrots.com/artist-range?artist=Hoagy%20Carmichael
Ole Buttermilk Sky,Hoagy Carmichael,A#2,D#4,https://singingcarrots.com/artist-range?artist=Hoagy%20Carmichael
One Morning In May,Hoagy Carmichael,B2,F#4,https://singingcarrots.com/artist-range?artist=Hoagy%20Carmichael
The Old Music Master,Hoagy Carmichael,B2,E4,https://singingcarrots.com/artist-range?artist=Hoagy%20Carmichael
The White World of Winter,Hoagy Carmichael,B2,D4,https://singingcarrots.com/artist-range?artist=Hoagy%20Carmichael
Amsterdam,Imagine Dragons,E3,B4,https://singingcarrots.com/artist-range?artist=Imagine%20Dragons
Bad Liar,Imagine Dragons,C3,G4,https://singingcarrots.com/artist-range?artist=Imagine%20Dragons
Battle Cry,Imagine Dragons,G2,G#4,https://singingcarrots.com/artist-range?artist=Imagine%20Dragons
Birds,Imagine Dragons,C#3,B4,https://singingcarrots.com/artist-range?artist=Imagine%20Dragons
Bleeding Out,Imagine Dragons,F3,A#4,https://singingcarrots.com/artist-range?artist=Imagine%20Dragons
Bullet in a Gun,Imagine Dragons,D#3,G#4,https://singingcarrots.com/artist-range?artist=Imagine%20Dragons
Cool Out,Imagine Dragons,B2,B4,https://singingcarrots.com/artist-range?artist=Imagine%20Dragons
Every Night,Imagine Dragons,D3,A4,https://singingcarrots.com/artist-range?artist=Imagine%20Dragons
Follow You,Imagine Dragons,A2,A4,https://singingcarrots.com/artist-range?artist=Imagine%20Dragons
Friction,Imagine Dragons,C3,A#4,https://singingcarrots.com/artist-range?artist=Imagine%20Dragons
Hear Me,Imagine Dragons,C#3,G#4,https://singingcarrots.com/artist-range?artist=Imagine%20Dragons
Hopeless Opus,Imagine Dragons,D#3,G#4,https://singingcarrots.com/artist-range?artist=Imagine%20Dragons
I Bet My Life,Imagine Dragons,A2,D4,https://singingcarrots.com/artist-range?artist=Imagine%20Dragons
I'll Make It Up to You,Imagine Dragons,B2,B4,https://singingcarrots.com/artist-range?artist=Imagine%20Dragons
It Comes Back to You,Imagine Dragons,C3,A4,https://singingcarrots.com/artist-range?artist=Imagine%20Dragons
Machine,Imagine Dragons,E3,B4,https://singingcarrots.com/artist-range?artist=Imagine%20Dragons
Next to Me,Imagine Dragons,A2,A4,https://singingcarrots.com/artist-range?artist=Imagine%20Dragons
Not Today,Imagine Dragons,E3,A4,https://singingcarrots.com/artist-range?artist=Imagine%20Dragons
On Top of the World,Imagine Dragons,G2,G4,https://singingcarrots.com/artist-range?artist=Imagine%20Dragons
Polaroid,Imagine Dragons,C3,A4,https://singingcarrots.com/artist-range?artist=Imagine%20Dragons
Real Life,Imagine Dragons,C3,A4,https://singingcarrots.com/artist-range?artist=Imagine%20Dragons
Roots,Imagine Dragons,C3,F4,https://singingcarrots.com/artist-range?artist=Imagine%20Dragons
Smoke + Mirrors,Imagine Dragons,C3,B4,https://singingcarrots.com/artist-range?artist=Imagine%20Dragons
Trouble,Imagine Dragons,D#3,A#4,https://singingcarrots.com/artist-range?artist=Imagine%20Dragons
Underdog,Imagine Dragons,E3,G4,https://singingcarrots.com/artist-range?artist=Imagine%20Dragons
Warriors,Imagine Dragons,B2,B4,https://singingcarrots.com/artist-range?artist=Imagine%20Dragons
West Coast,Imagine Dragons,C3,A4,https://singingcarrots.com/artist-range?artist=Imagine%20Dragons
Whatever It Takes,Imagine Dragons,E3,E4,https://singingcarrots.com/artist-range?artist=Imagine%20Dragons
Who We Are,Imagine Dragons,E3,A4,https://singingcarrots.com/artist-range?artist=Imagine%20Dragons
Yesterday,Imagine Dragons,G#2,A4,https://singingcarrots.com/artist-range?artist=Imagine%20Dragons
Zero,Imagine Dragons,C3,C4,https://singingcarrots.com/artist-range?artist=Imagine%20Dragons
Adrift,Jack Johnson,A2,C4,https://singingcarrots.com/artist-range?artist=Jack%20Johnson
All At Once,Jack Johnson,F2,A3,https://singingcarrots.com/artist-range?artist=Jack%20Johnson
Angel,Jack Johnson,A#2,D#4,https://singingcarrots.com/artist-range?artist=Jack%20Johnson
Anything But the Truth,Jack Johnson,F#2,C#4,https://singingcarrots.com/artist-range?artist=Jack%20Johnson
As I Was Saying,Jack Johnson,G2,F4,https://singingcarrots.com/artist-range?artist=Jack%20Johnson
At or With Me,Jack Johnson,B2,G#4,https://singingcarrots.com/artist-range?artist=Jack%20Johnson
Belle,Jack Johnson,G2,G3,https://singingcarrots.com/artist-range?artist=Jack%20Johnson
Breakdown,Jack Johnson,G2,D4,https://singingcarrots.com/artist-range?artist=Jack%20Johnson
Broken,Jack Johnson,E2,A3,https://singingcarrots.com/artist-range?artist=Jack%20Johnson
Bubble Toes,Jack Johnson,G2,F4,https://singingcarrots.com/artist-range?artist=Jack%20Johnson
Change,Jack Johnson,B2,D#4,https://singingcarrots.com/artist-range?artist=Jack%20Johnson
Cocoon,Jack Johnson,B2,C#4,https://singingcarrots.com/artist-range?artist=Jack%20Johnson
Constellations,Jack Johnson,G2,D4,https://singingcarrots.com/artist-range?artist=Jack%20Johnson
Cookie Jar,Jack Johnson,G#2,G#3,https://singingcarrots.com/artist-range?artist=Jack%20Johnson
Do You Remember,Jack Johnson,G2,C4,https://singingcarrots.com/artist-range?artist=Jack%20Johnson
Don't Believe a Thing I Say,Jack Johnson,G2,A#4,https://singingcarrots.com/artist-range?artist=Jack%20Johnson
Enemy,Jack Johnson,G2,C4,https://singingcarrots.com/artist-range?artist=Jack%20Johnson
F-Stop Blues,Jack Johnson,G#2,F#4,https://singingcarrots.com/artist-range?artist=Jack%20Johnson
Fall Line,Jack Johnson,A2,A3,https://singingcarrots.com/artist-range?artist=Jack%20Johnson
Flake,Jack Johnson,A#2,G#4,https://singingcarrots.com/artist-range?artist=Jack%20Johnson
Fortunate Fool,Jack Johnson,G2,D4,https://singingcarrots.com/artist-range?artist=Jack%20Johnson
From the Clouds,Jack Johnson,D3,G4,https://singingcarrots.com/artist-range?artist=Jack%20Johnson
Go On,Jack Johnson,F#2,C#4,https://singingcarrots.com/artist-range?artist=Jack%20Johnson
Good People,Jack Johnson,G2,G4,https://singingcarrots.com/artist-range?artist=Jack%20Johnson
Holes To Heaven,Jack Johnson,D3,B3,https://singingcarrots.com/artist-range?artist=Jack%20Johnson
Home,Jack Johnson,G2,B3,https://singingcarrots.com/artist-range?artist=Jack%20Johnson
If I Had Eyes,Jack Johnson,A2,B4,https://singingcarrots.com/artist-range?artist=Jack%20Johnson
Inaudible Melodies,Jack Johnson,F#2,D#4,https://singingcarrots.com/artist-range?artist=Jack%20Johnson
Middle Man,Jack Johnson,B2,E4,https://singingcarrots.com/artist-range?artist=Jack%20Johnson
Monsoon,Jack Johnson,F#2,E4,https://singingcarrots.com/artist-range?artist=Jack%20Johnson
Mudfootball,Jack Johnson,D3,G4,https://singingcarrots.com/artist-range?artist=Jack%20Johnson
My Little Girl,Jack Johnson,B2,B3,https://singingcarrots.com/artist-range?artist=Jack%20Johnson
Never Fade,Jack Johnson,A2,E4,https://singingcarrots.com/artist-range?artist=Jack%20Johnson
Never Know,Jack Johnson,F#2,E4,https://singingcarrots.com/artist-range?artist=Jack%20Johnson
No Good With Faces,Jack Johnson,G#2,D#4,https://singingcarrots.com/artist-range?artist=Jack%20Johnson
No Other Way,Jack Johnson,G2,A3,https://singingcarrots.com/artist-range?artist=Jack%20Johnson
Ones and Zeros,Jack Johnson,A2,A#3,https://singingcarrots.com/artist-range?artist=Jack%20Johnson
Only the Ocean,Jack Johnson,F2,F4,https://singingcarrots.com/artist-range?artist=Jack%20Johnson
People Watching,Jack Johnson,E3,E4,https://singingcarrots.com/artist-range?artist=Jack%20Johnson
Pictures of People Taking Pictures,Jack Johnson,A2,E4,https://singingcarrots.com/artist-range?artist=Jack%20Johnson
Posters,Jack Johnson,B2,B3,https://singingcarrots.com/artist-range?artist=Jack%20Johnson
Questions,Jack Johnson,C3,A4,https://singingcarrots.com/artist-range?artist=Jack%20Johnson
"Red Wine, Mistakes, Mythology",Jack Johnson,B2,E4,https://singingcarrots.com/artist-range?artist=Jack%20Johnson
Rodeo Clowns,Jack Johnson,B2,G#3,https://singingcarrots.com/artist-range?artist=Jack%20Johnson
Same Girl,Jack Johnson,E2,B3,https://singingcarrots.com/artist-range?artist=Jack%20Johnson
Shot Reverse Shot,Jack Johnson,G2,D4,https://singingcarrots.com/artist-range?artist=Jack%20Johnson
"Sitting, Waiting, Wishing",Jack Johnson,G2,E4,https://singingcarrots.com/artist-range?artist=Jack%20Johnson
Sleep Through the Static,Jack Johnson,G2,C4,https://singingcarrots.com/artist-range?artist=Jack%20Johnson
Staple It Together,Jack Johnson,A2,C4,https://singingcarrots.com/artist-range?artist=Jack%20Johnson
Supposed To Be,Jack Johnson,B2,E4,https://singingcarrots.com/artist-range?artist=Jack%20Johnson
Talk of the Town,Jack Johnson,D3,B4,https://singingcarrots.com/artist-range?artist=Jack%20Johnson
Tape Deck,Jack Johnson,C3,E4,https://singingcarrots.com/artist-range?artist=Jack%20Johnson
Taylor,Jack Johnson,G2,C4,https://singingcarrots.com/artist-range?artist=Jack%20Johnson
The 3 R's,Jack Johnson,G2,D4,https://singingcarrots.com/artist-range?artist=Jack%20Johnson
The Horizon Has Been Defeated,Jack Johnson,G2,C4,https://singingcarrots.com/artist-range?artist=Jack%20Johnson
The News,Jack Johnson,E2,C#4,https://singingcarrots.com/artist-range?artist=Jack%20Johnson
The Upsetter,Jack Johnson,E3,E4,https://singingcarrots.com/artist-range?artist=Jack%20Johnson
"They Do, They Don't",Jack Johnson,G2,F4,https://singingcarrots.com/artist-range?artist=Jack%20Johnson
Times Like These,Jack Johnson,F#2,B3,https://singingcarrots.com/artist-range?artist=Jack%20Johnson
To the Sea,Jack Johnson,E3,F#4,https://singingcarrots.com/artist-range?artist=Jack%20Johnson
Traffic In the Sky,Jack Johnson,G2,B3,https://singingcarrots.com/artist-range?artist=Jack%20Johnson
Turn Your Love,Jack Johnson,A2,C4,https://singingcarrots.com/artist-range?artist=Jack%20Johnson
Upside Down,Jack Johnson,G2,B3,https://singingcarrots.com/artist-range?artist=Jack%20Johnson
Washing Dishes,Jack Johnson,A#2,D4,https://singingcarrots.com/artist-range?artist=Jack%20Johnson
We're Going To Be Friends,Jack Johnson,A2,B3,https://singingcarrots.com/artist-range?artist=Jack%20Johnson
What You Thought You Need,Jack Johnson,G2,D4,https://singingcarrots.com/artist-range?artist=Jack%20Johnson
When I Look Up,Jack Johnson,G2,G4,https://singingcarrots.com/artist-range?artist=Jack%20Johnson
While We Wait,Jack Johnson,B2,D4,https://singingcarrots.com/artist-range?artist=Jack%20Johnson
Wrong Turn,Jack Johnson,G2,C4,https://singingcarrots.com/artist-range?artist=Jack%20Johnson
You Remind Me of You,Jack Johnson,D3,B4,https://singingcarrots.com/artist-range?artist=Jack%20Johnson
You and Your Heart,Jack Johnson,D3,E4,https://singingcarrots.com/artist-range?artist=Jack%20Johnson
Baby Workout,Jackie Wilson,D3,D4,https://singingcarrots.com/artist-range?artist=Jackie%20Wilson
Doggin' Around,Jackie Wilson,F3,A#4,https://singingcarrots.com/artist-range?artist=Jackie%20Wilson
I Get the Sweetest Feeling,Jackie Wilson,D#3,G#4,https://singingcarrots.com/artist-range?artist=Jackie%20Wilson
I'll Be Satisfied,Jackie Wilson,F3,A4,https://singingcarrots.com/artist-range?artist=Jackie%20Wilson
About My Imagination,Jackson Browne,C3,A#4,https://singingcarrots.com/artist-range?artist=Jackson%20Browne
Before the Deluge,Jackson Browne,G2,E4,https://singingcarrots.com/artist-range?artist=Jackson%20Browne
Daddy's Tune,Jackson Browne,G2,G4,https://singingcarrots.com/artist-range?artist=Jackson%20Browne
Doctor My Eyes,Jackson Browne,C3,F4,https://singingcarrots.com/artist-range?artist=Jackson%20Browne
Don't You Want To Be There?,Jackson Browne,D3,E4,https://singingcarrots.com/artist-range?artist=Jackson%20Browne
Farther On,Jackson Browne,C#3,G4,https://singingcarrots.com/artist-range?artist=Jackson%20Browne
For Everyman,Jackson Browne,A2,A4,https://singingcarrots.com/artist-range?artist=Jackson%20Browne
For Taking the Trouble,Jackson Browne,A2,A4,https://singingcarrots.com/artist-range?artist=Jackson%20Browne
For a Dancer,Jackson Browne,G2,A4,https://singingcarrots.com/artist-range?artist=Jackson%20Browne
Fountain of Sorrow,Jackson Browne,D3,F4,https://singingcarrots.com/artist-range?artist=Jackson%20Browne
Here Come Those Tears Again,Jackson Browne,A#2,G4,https://singingcarrots.com/artist-range?artist=Jackson%20Browne
I Thought I Was a Child,Jackson Browne,C3,F4,https://singingcarrots.com/artist-range?artist=Jackson%20Browne
Jamaica Say You Will,Jackson Browne,B2,E4,https://singingcarrots.com/artist-range?artist=Jackson%20Browne
Late for the Sky,Jackson Browne,C3,F4,https://singingcarrots.com/artist-range?artist=Jackson%20Browne
Linda Paloma,Jackson Browne,C3,G4,https://singingcarrots.com/artist-range?artist=Jackson%20Browne
Looking Into You,Jackson Browne,A2,E4,https://singingcarrots.com/artist-range?artist=Jackson%20Browne
Love Needs a Heart,Jackson Browne,C3,F4,https://singingcarrots.com/artist-range?artist=Jackson%20Browne
My Stunning Mystery Companion,Jackson Browne,A#2,G4,https://singingcarrots.com/artist-range?artist=Jackson%20Browne
Never Stop,Jackson Browne,G2,A4,https://singingcarrots.com/artist-range?artist=Jackson%20Browne
Nothing But Time,Jackson Browne,D3,A4,https://singingcarrots.com/artist-range?artist=Jackson%20Browne
Our Lady of the Well,Jackson Browne,B2,E4,https://singingcarrots.com/artist-range?artist=Jackson%20Browne
Ready or Not,Jackson Browne,B2,E4,https://singingcarrots.com/artist-range?artist=Jackson%20Browne
Redneck Friend,Jackson Browne,C#3,G#4,https://singingcarrots.com/artist-range?artist=Jackson%20Browne
Rock Me on the Water,Jackson Browne,C3,B4,https://singingcarrots.com/artist-range?artist=Jackson%20Browne
Rosie,Jackson Browne,E3,A4,https://singingcarrots.com/artist-range?artist=Jackson%20Browne
Sergio Leone,Jackson Browne,D3,E4,https://singingcarrots.com/artist-range?artist=Jackson%20Browne
Shaky Town,Jackson Browne,G2,G4,https://singingcarrots.com/artist-range?artist=Jackson%20Browne
Sing My Songs to Me,Jackson Browne,C#3,A4,https://singingcarrots.com/artist-range?artist=Jackson%20Browne
Sky Blue and Black,Jackson Browne,C3,G4,https://singingcarrots.com/artist-range?artist=Jackson%20Browne
Sleep's Dark and Silent Gate,Jackson Browne,E3,F#4,https://singingcarrots.com/artist-range?artist=Jackson%20Browne
Somebody's Baby,Jackson Browne,D3,B4,https://singingcarrots.com/artist-range?artist=Jackson%20Browne
Something Fine,Jackson Browne,G2,E4,https://singingcarrots.com/artist-range?artist=Jackson%20Browne
Song for Adam,Jackson Browne,G2,E4,https://singingcarrots.com/artist-range?artist=Jackson%20Browne
Take It Easy,Jackson Browne,D3,G4,https://singingcarrots.com/artist-range?artist=Jackson%20Browne
The Fuse,Jackson Browne,D3,G4,https://singingcarrots.com/artist-range?artist=Jackson%20Browne
The Late Show,Jackson Browne,D3,B4,https://singingcarrots.com/artist-range?artist=Jackson%20Browne
The Load Out / Stay,Jackson Browne,D3,G4,https://singingcarrots.com/artist-range?artist=Jackson%20Browne
The Load-Out,Jackson Browne,D3,G4,https://singingcarrots.com/artist-range?artist=Jackson%20Browne
The Naked Ride Home,Jackson Browne,C#3,G#4,https://singingcarrots.com/artist-range?artist=Jackson%20Browne
The Night Inside Me,Jackson Browne,D3,A4,https://singingcarrots.com/artist-range?artist=Jackson%20Browne
The Only Child,Jackson Browne,C3,G4,https://singingcarrots.com/artist-range?artist=Jackson%20Browne
The Pretender,Jackson Browne,D3,G4,https://singingcarrots.com/artist-range?artist=Jackson%20Browne
The Rebel Jesus,Jackson Browne,C#3,D4,https://singingcarrots.com/artist-range?artist=Jackson%20Browne
The Road,Jackson Browne,B2,B4,https://singingcarrots.com/artist-range?artist=Jackson%20Browne
The Road and the Sky,Jackson Browne,E3,F#4,https://singingcarrots.com/artist-range?artist=Jackson%20Browne
These Days,Jackson Browne,D3,F4,https://singingcarrots.com/artist-range?artist=Jackson%20Browne
Under the Falling Sky,Jackson Browne,B2,F#4,https://singingcarrots.com/artist-range?artist=Jackson%20Browne
Walking Slow,Jackson Browne,C#3,F#4,https://singingcarrots.com/artist-range?artist=Jackson%20Browne
Walking Town,Jackson Browne,A#2,A#4,https://singingcarrots.com/artist-range?artist=Jackson%20Browne
You Love the Thunder,Jackson Browne,B2,G#4,https://singingcarrots.com/artist-range?artist=Jackson%20Browne
Your Bright Baby Blues,Jackson Browne,D3,G4,https://singingcarrots.com/artist-range?artist=Jackson%20Browne
I Don't Want to Be Alone for Christmas,James Ingram,F3,A#4,https://singingcarrots.com/artist-range?artist=James%20Ingram
Baby Buffalo,James Taylor,A2,E4,https://singingcarrots.com/artist-range?artist=James%20Taylor
Belfast To Boston,James Taylor,B2,D4,https://singingcarrots.com/artist-range?artist=James%20Taylor
Carry Me on My Way,James Taylor,G2,D4,https://singingcarrots.com/artist-range?artist=James%20Taylor
Chanson Francaise,James Taylor,B2,E4,https://singingcarrots.com/artist-range?artist=James%20Taylor
Copperline,James Taylor,B2,D4,https://singingcarrots.com/artist-range?artist=James%20Taylor
Don't Let Me Be Lonely Tonight,James Taylor,G2,E4,https://singingcarrots.com/artist-range?artist=James%20Taylor
Down In the Hole,James Taylor,B2,E4,https://singingcarrots.com/artist-range?artist=James%20Taylor
Everybody Has the Blues,James Taylor,D3,G4,https://singingcarrots.com/artist-range?artist=James%20Taylor
Everybody Loves To Cha Cha Cha,James Taylor,C#3,B4,https://singingcarrots.com/artist-range?artist=James%20Taylor
First Cut Is the Deepest,James Taylor,E3,E4,https://singingcarrots.com/artist-range?artist=James%20Taylor
First of May,James Taylor,B2,F4,https://singingcarrots.com/artist-range?artist=James%20Taylor
Golden Moments,James Taylor,D3,E4,https://singingcarrots.com/artist-range?artist=James%20Taylor
Handy Man,James Taylor,G2,F#4,https://singingcarrots.com/artist-range?artist=James%20Taylor
Have Yourself A Merry Little Christmas,James Taylor,A2,D4,https://singingcarrots.com/artist-range?artist=James%20Taylor
Hello Old Friend,James Taylor,A2,E4,https://singingcarrots.com/artist-range?artist=James%20Taylor
Her Town Too,James Taylor,D3,F#4,https://singingcarrots.com/artist-range?artist=James%20Taylor
Hey Mister That's Me Up on the Jukebox,James Taylor,G2,F4,https://singingcarrots.com/artist-range?artist=James%20Taylor
Highway Song,James Taylor,G2,F4,https://singingcarrots.com/artist-range?artist=James%20Taylor
How Sweet It Is (To Be Loved By You),James Taylor,A2,B4,https://singingcarrots.com/artist-range?artist=James%20Taylor
I Love My Dog,James Taylor,B2,B4,https://singingcarrots.com/artist-range?artist=James%20Taylor
I Was a Fool To Care,James Taylor,C3,F4,https://singingcarrots.com/artist-range?artist=James%20Taylor
I Will Follow,James Taylor,A2,D4,https://singingcarrots.com/artist-range?artist=James%20Taylor
I Will Not Lie for You,James Taylor,D3,E4,https://singingcarrots.com/artist-range?artist=James%20Taylor
If I Keep My Heart Out Of Sight,James Taylor,A2,F#4,https://singingcarrots.com/artist-range?artist=James%20Taylor
Long Ago and Far Away,James Taylor,F#2,B3,https://singingcarrots.com/artist-range?artist=James%20Taylor
Looking for Love on Broadway,James Taylor,C#3,E4,https://singingcarrots.com/artist-range?artist=James%20Taylor
Love Songs,James Taylor,G2,D#4,https://singingcarrots.com/artist-range?artist=James%20Taylor
Mean Old Man,James Taylor,A2,E4,https://singingcarrots.com/artist-range?artist=James%20Taylor
Mexico,James Taylor,C#3,A#4,https://singingcarrots.com/artist-range?artist=James%20Taylor
Millworker,James Taylor,D3,D4,https://singingcarrots.com/artist-range?artist=James%20Taylor
Mud Slide Slim,James Taylor,G2,B3,https://singingcarrots.com/artist-range?artist=James%20Taylor
My Traveling Star,James Taylor,B2,B3,https://singingcarrots.com/artist-range?artist=James%20Taylor
October Road,James Taylor,B2,G#4,https://singingcarrots.com/artist-range?artist=James%20Taylor
Oh Brother,James Taylor,G#2,E4,https://singingcarrots.com/artist-range?artist=James%20Taylor
On the 4th of July,James Taylor,A#2,A#4,https://singingcarrots.com/artist-range?artist=James%20Taylor
One More Go Round,James Taylor,E3,F#4,https://singingcarrots.com/artist-range?artist=James%20Taylor
Only One,James Taylor,F2,F4,https://singingcarrots.com/artist-range?artist=James%20Taylor
Only for Me,James Taylor,A2,E4,https://singingcarrots.com/artist-range?artist=James%20Taylor
Our Town,James Taylor,A2,D4,https://singingcarrots.com/artist-range?artist=James%20Taylor
Places In My Past,James Taylor,G2,E4,https://singingcarrots.com/artist-range?artist=James%20Taylor
Raised Up Family,James Taylor,A2,D#4,https://singingcarrots.com/artist-range?artist=James%20Taylor
Sarah Maria,James Taylor,C3,D4,https://singingcarrots.com/artist-range?artist=James%20Taylor
Secret O' Life,James Taylor,G2,G4,https://singingcarrots.com/artist-range?artist=James%20Taylor
September Grass,James Taylor,B2,D#4,https://singingcarrots.com/artist-range?artist=James%20Taylor
She Thinks I Still Care,James Taylor,A2,A4,https://singingcarrots.com/artist-range?artist=James%20Taylor
Slap Leather,James Taylor,E3,C#4,https://singingcarrots.com/artist-range?artist=James%20Taylor
Something In the Way She Moves,James Taylor,F2,G4,https://singingcarrots.com/artist-range?artist=James%20Taylor
Steamroller,James Taylor,A#2,A#4,https://singingcarrots.com/artist-range?artist=James%20Taylor
That Lonesome Road,James Taylor,D3,D4,https://singingcarrots.com/artist-range?artist=James%20Taylor
The Frozen Man,James Taylor,D3,D4,https://singingcarrots.com/artist-range?artist=James%20Taylor
The Water Is Wide,James Taylor,C3,C4,https://singingcarrots.com/artist-range?artist=James%20Taylor
Traffic Jam,James Taylor,D3,B3,https://singingcarrots.com/artist-range?artist=James%20Taylor
Up on the Roof,James Taylor,C3,F4,https://singingcarrots.com/artist-range?artist=James%20Taylor
Valentine's Day,James Taylor,G#2,A#3,https://singingcarrots.com/artist-range?artist=James%20Taylor
Walking Man,James Taylor,A2,D4,https://singingcarrots.com/artist-range?artist=James%20Taylor
Whenever You're Ready,James Taylor,C#3,E4,https://singingcarrots.com/artist-range?artist=James%20Taylor
You Can Close Your Eyes,James Taylor,E2,B3,https://singingcarrots.com/artist-range?artist=James%20Taylor
Your Smiling Face,James Taylor,A2,G#4,https://singingcarrots.com/artist-range?artist=James%20Taylor
1994,Jason Aldean,B2,E4,https://singingcarrots.com/artist-range?artist=Jason%20Aldean
A Little More Summertime,Jason Aldean,E3,F#4,https://singingcarrots.com/artist-range?artist=Jason%20Aldean
Don't You Wanna Stay,Jason Aldean,C3,G4,https://singingcarrots.com/artist-range?artist=Jason%20Aldean
Fly Over States,Jason Aldean,C3,A4,https://singingcarrots.com/artist-range?artist=Jason%20Aldean
Gonna Know We Were Here,Jason Aldean,D3,A4,https://singingcarrots.com/artist-range?artist=Jason%20Aldean
Hicktown,Jason Aldean,D3,A4,https://singingcarrots.com/artist-range?artist=Jason%20Aldean
Johnny Cash,Jason Aldean,D#3,A#4,https://singingcarrots.com/artist-range?artist=Jason%20Aldean
Just Gettin' Started,Jason Aldean,A2,F4,https://singingcarrots.com/artist-range?artist=Jason%20Aldean
Laughed Until We Cried,Jason Aldean,C3,E4,https://singingcarrots.com/artist-range?artist=Jason%20Aldean
My Kinda Party,Jason Aldean,C3,F4,https://singingcarrots.com/artist-range?artist=Jason%20Aldean
Night Train,Jason Aldean,D3,G4,https://singingcarrots.com/artist-range?artist=Jason%20Aldean
Take a Little Ride,Jason Aldean,D3,E4,https://singingcarrots.com/artist-range?artist=Jason%20Aldean
Tattoos on This Town,Jason Aldean,B2,G4,https://singingcarrots.com/artist-range?artist=Jason%20Aldean
The Only Way I Know,Jason Aldean,A2,G4,https://singingcarrots.com/artist-range?artist=Jason%20Aldean
The Truth,Jason Aldean,A2,F#4,https://singingcarrots.com/artist-range?artist=Jason%20Aldean
Tonight Looks Good on You,Jason Aldean,C#3,D4,https://singingcarrots.com/artist-range?artist=Jason%20Aldean
When She Says Baby,Jason Aldean,A2,E4,https://singingcarrots.com/artist-range?artist=Jason%20Aldean
Why,Jason Aldean,E3,F#4,https://singingcarrots.com/artist-range?artist=Jason%20Aldean
You Make It Easy,Jason Aldean,E3,E4,https://singingcarrots.com/artist-range?artist=Jason%20Aldean
3 Things,Jason Mraz,G2,B4,https://singingcarrots.com/artist-range?artist=Jason%20Mraz
5/6,Jason Mraz,C3,A4,https://singingcarrots.com/artist-range?artist=Jason%20Mraz
93 Million Miles,Jason Mraz,A2,G4,https://singingcarrots.com/artist-range?artist=Jason%20Mraz
A Beautiful Mess,Jason Mraz,E3,G#4,https://singingcarrots.com/artist-range?artist=Jason%20Mraz
A World with You,Jason Mraz,F#2,E4,https://singingcarrots.com/artist-range?artist=Jason%20Mraz
Back to the Earth,Jason Mraz,D3,A4,https://singingcarrots.com/artist-range?artist=Jason%20Mraz
Be Honest,Jason Mraz,B2,A#4,https://singingcarrots.com/artist-range?artist=Jason%20Mraz
Bella Luna,Jason Mraz,D2,C4,https://singingcarrots.com/artist-range?artist=Jason%20Mraz
Best Friend,Jason Mraz,G2,D4,https://singingcarrots.com/artist-range?artist=Jason%20Mraz
Better with You,Jason Mraz,A2,A4,https://singingcarrots.com/artist-range?artist=Jason%20Mraz
Butterfly,Jason Mraz,C3,G#4,https://singingcarrots.com/artist-range?artist=Jason%20Mraz
Can't Hold Out on Love,Jason Mraz,C3,G4,https://singingcarrots.com/artist-range?artist=Jason%20Mraz
Clockwatching,Jason Mraz,D3,G4,https://singingcarrots.com/artist-range?artist=Jason%20Mraz
Coyotes,Jason Mraz,C3,G4,https://singingcarrots.com/artist-range?artist=Jason%20Mraz
Curbside Prophet,Jason Mraz,D3,G4,https://singingcarrots.com/artist-range?artist=Jason%20Mraz
Details In the Fabric,Jason Mraz,G2,A3,https://singingcarrots.com/artist-range?artist=Jason%20Mraz
Did You Get My Message?,Jason Mraz,D2,G4,https://singingcarrots.com/artist-range?artist=Jason%20Mraz
Everything Is Sound (La La La),Jason Mraz,D3,G#4,https://singingcarrots.com/artist-range?artist=Jason%20Mraz
Everywhere,Jason Mraz,C3,G4,https://singingcarrots.com/artist-range?artist=Jason%20Mraz
Frank D. Fixer,Jason Mraz,D3,A4,https://singingcarrots.com/artist-range?artist=Jason%20Mraz
Geek In the Pink,Jason Mraz,C#2,B3,https://singingcarrots.com/artist-range?artist=Jason%20Mraz
Have It All,Jason Mraz,C#3,A4,https://singingcarrots.com/artist-range?artist=Jason%20Mraz
Hello You Beautiful Thing,Jason Mraz,A2,G4,https://singingcarrots.com/artist-range?artist=Jason%20Mraz
I Won't Give Up,Jason Mraz,G2,E4,https://singingcarrots.com/artist-range?artist=Jason%20Mraz
I'll Do Anything,Jason Mraz,C#3,B4,https://singingcarrots.com/artist-range?artist=Jason%20Mraz
I'm Coming Over,Jason Mraz,B2,B4,https://singingcarrots.com/artist-range?artist=Jason%20Mraz
If It Kills Me,Jason Mraz,D3,A4,https://singingcarrots.com/artist-range?artist=Jason%20Mraz
In Your Hands,Jason Mraz,D3,B4,https://singingcarrots.com/artist-range?artist=Jason%20Mraz
It's So Hard to Say Goodbye to Yesterday,Jason Mraz,B2,B4,https://singingcarrots.com/artist-range?artist=Jason%20Mraz
Let's See What the Night Can Do,Jason Mraz,D3,A4,https://singingcarrots.com/artist-range?artist=Jason%20Mraz
Life is Wonderful,Jason Mraz,C3,B4,https://singingcarrots.com/artist-range?artist=Jason%20Mraz
Living In the Moment,Jason Mraz,B2,B4,https://singingcarrots.com/artist-range?artist=Jason%20Mraz
Long Drive,Jason Mraz,B2,G4,https://singingcarrots.com/artist-range?artist=Jason%20Mraz
Love Someone,Jason Mraz,A2,A4,https://singingcarrots.com/artist-range?artist=Jason%20Mraz
Love for a Child,Jason Mraz,D#3,A#4,https://singingcarrots.com/artist-range?artist=Jason%20Mraz
Lucky,Jason Mraz,D3,G4,https://singingcarrots.com/artist-range?artist=Jason%20Mraz
Make It Mine,Jason Mraz,C3,G4,https://singingcarrots.com/artist-range?artist=Jason%20Mraz
Might as Well Dance,Jason Mraz,D3,F#4,https://singingcarrots.com/artist-range?artist=Jason%20Mraz
Mr. Curiosity,Jason Mraz,D#2,A#3,https://singingcarrots.com/artist-range?artist=Jason%20Mraz
"O, Lover",Jason Mraz,D2,B3,https://singingcarrots.com/artist-range?artist=Jason%20Mraz
Only Human,Jason Mraz,F2,A4,https://singingcarrots.com/artist-range?artist=Jason%20Mraz
Out of My Hands,Jason Mraz,A#2,G4,https://singingcarrots.com/artist-range?artist=Jason%20Mraz
Please Don't Tell Her,Jason Mraz,B2,G#4,https://singingcarrots.com/artist-range?artist=Jason%20Mraz
Quiet,Jason Mraz,G2,A4,https://singingcarrots.com/artist-range?artist=Jason%20Mraz
Rise,Jason Mraz,F#2,A3,https://singingcarrots.com/artist-range?artist=Jason%20Mraz
Shine,Jason Mraz,A2,A4,https://singingcarrots.com/artist-range?artist=Jason%20Mraz
Sleeping to Dream,Jason Mraz,E3,A4,https://singingcarrots.com/artist-range?artist=Jason%20Mraz
Song for a Friend,Jason Mraz,B2,B4,https://singingcarrots.com/artist-range?artist=Jason%20Mraz
The Dynamo of Volition,Jason Mraz,B2,F#4,https://singingcarrots.com/artist-range?artist=Jason%20Mraz
The Forecast,Jason Mraz,A#2,F4,https://singingcarrots.com/artist-range?artist=Jason%20Mraz
The Remedy (I Won't Worry),Jason Mraz,F3,A#4,https://singingcarrots.com/artist-range?artist=Jason%20Mraz
The Woman I Love,Jason Mraz,G2,E4,https://singingcarrots.com/artist-range?artist=Jason%20Mraz
The World As I See It,Jason Mraz,D3,A4,https://singingcarrots.com/artist-range?artist=Jason%20Mraz
Too Much Food,Jason Mraz,C#3,A4,https://singingcarrots.com/artist-range?artist=Jason%20Mraz
Unlonely,Jason Mraz,A#2,G#4,https://singingcarrots.com/artist-range?artist=Jason%20Mraz
Who's Thinking About You Now?,Jason Mraz,G2,F#4,https://singingcarrots.com/artist-range?artist=Jason%20Mraz
Wordplay,Jason Mraz,D3,A#4,https://singingcarrots.com/artist-range?artist=Jason%20Mraz
You Can Rely on Me,Jason Mraz,B2,G4,https://singingcarrots.com/artist-range?artist=Jason%20Mraz
You and I Both,Jason Mraz,D3,A4,https://singingcarrots.com/artist-range?artist=Jason%20Mraz
3 Things,Jason Mraz & Colbie Caillat,G2,B4,https://singingcarrots.com/artist-range?artist=Jason%20Mraz
5/6,Jason Mraz & Colbie Caillat,C3,A4,https://singingcarrots.com/artist-range?artist=Jason%20Mraz
93 Million Miles,Jason Mraz & Colbie Caillat,A2,G4,https://singingcarrots.com/artist-range?artist=Jason%20Mraz
A Beautiful Mess,Jason Mraz & Colbie Caillat,E3,G#4,https://singingcarrots.com/artist-range?artist=Jason%20Mraz
A World with You,Jason Mraz & Colbie Caillat,F#2,E4,https://singingcarrots.com/artist-range?artist=Jason%20Mraz
Back to the Earth,Jason Mraz & Colbie Caillat,D3,A4,https://singingcarrots.com/artist-range?artist=Jason%20Mraz
Be Honest,Jason Mraz & Colbie Caillat,B2,A#4,https://singingcarrots.com/artist-range?artist=Jason%20Mraz
Bella Luna,Jason Mraz & Colbie Caillat,D2,C4,https://singingcarrots.com/artist-range?artist=Jason%20Mraz
Best Friend,Jason Mraz & Colbie Caillat,G2,D4,https://singingcarrots.com/artist-range?artist=Jason%20Mraz
Better with You,Jason Mraz & Colbie Caillat,A2,A4,https://singingcarrots.com/artist-range?artist=Jason%20Mraz
Butterfly,Jason Mraz & Colbie Caillat,C3,G#4,https://singingcarrots.com/artist-range?artist=Jason%20Mraz
Can't Hold Out on Love,Jason Mraz & Colbie Caillat,C3,G4,https://singingcarrots.com/artist-range?artist=Jason%20Mraz
Clockwatching,Jason Mraz & Colbie Caillat,D3,G4,https://singingcarrots.com/artist-range?artist=Jason%20Mraz
Coyotes,Jason Mraz & Colbie Caillat,C3,G4,https://singingcarrots.com/artist-range?artist=Jason%20Mraz
Curbside Prophet,Jason Mraz & Colbie Caillat,D3,G4,https://singingcarrots.com/artist-range?artist=Jason%20Mraz
Details In the Fabric,Jason Mraz & Colbie Caillat,G2,A3,https://singingcarrots.com/artist-range?artist=Jason%20Mraz
Did You Get My Message?,Jason Mraz & Colbie Caillat,D2,G4,https://singingcarrots.com/artist-range?artist=Jason%20Mraz
Everything Is Sound (La La La),Jason Mraz & Colbie Caillat,D3,G#4,https://singingcarrots.com/artist-range?artist=Jason%20Mraz
Everywhere,Jason Mraz & Colbie Caillat,C3,G4,https://singingcarrots.com/artist-range?artist=Jason%20Mraz
Frank D. Fixer,Jason Mraz & Colbie Caillat,D3,A4,https://singingcarrots.com/artist-range?artist=Jason%20Mraz
Geek In the Pink,Jason Mraz & Colbie Caillat,C#2,B3,https://singingcarrots.com/artist-range?artist=Jason%20Mraz
Have It All,Jason Mraz & Colbie Caillat,C#3,A4,https://singingcarrots.com/artist-range?artist=Jason%20Mraz
Hello You Beautiful Thing,Jason Mraz & Colbie Caillat,A2,G4,https://singingcarrots.com/artist-range?artist=Jason%20Mraz
I Won't Give Up,Jason Mraz & Colbie Caillat,G2,E4,https://singingcarrots.com/artist-range?artist=Jason%20Mraz
I'll Do Anything,Jason Mraz & Colbie Caillat,C#3,B4,https://singingcarrots.com/artist-range?artist=Jason%20Mraz
I'm Coming Over,Jason Mraz & Colbie Caillat,B2,B4,https://singingcarrots.com/artist-range?artist=Jason%20Mraz
I'm Yours,Jason Mraz & Colbie Caillat,F3,F4,https://singingcarrots.com/artist-range?artist=Jason%20Mraz
If It Kills Me,Jason Mraz & Colbie Caillat,D3,A4,https://singingcarrots.com/artist-range?artist=Jason%20Mraz
In Your Hands,Jason Mraz & Colbie Caillat,D3,B4,https://singingcarrots.com/artist-range?artist=Jason%20Mraz
It's So Hard to Say Goodbye to Yesterday,Jason Mraz & Colbie Caillat,B2,B4,https://singingcarrots.com/artist-range?artist=Jason%20Mraz
Let's See What the Night Can Do,Jason Mraz & Colbie Caillat,D3,A4,https://singingcarrots.com/artist-range?artist=Jason%20Mraz
Life is Wonderful,Jason Mraz & Colbie Caillat,C3,B4,https://singingcarrots.com/artist-range?artist=Jason%20Mraz
Living In the Moment,Jason Mraz & Colbie Caillat,B2,B4,https://singingcarrots.com/artist-range?artist=Jason%20Mraz
Long Drive,Jason Mraz & Colbie Caillat,B2,G4,https://singingcarrots.com/artist-range?artist=Jason%20Mraz
Love Someone,Jason Mraz & Colbie Caillat,A2,A4,https://singingcarrots.com/artist-range?artist=Jason%20Mraz
Love for a Child,Jason Mraz & Colbie Caillat,D#3,A#4,https://singingcarrots.com/artist-range?artist=Jason%20Mraz
Make It Mine,Jason Mraz & Colbie Caillat,C3,G4,https://singingcarrots.com/artist-range?artist=Jason%20Mraz
Might as Well Dance,Jason Mraz & Colbie Caillat,D3,F#4,https://singingcarrots.com/artist-range?artist=Jason%20Mraz
Mr. Curiosity,Jason Mraz & Colbie Caillat,D#2,A#3,https://singingcarrots.com/artist-range?artist=Jason%20Mraz
"O, Lover",Jason Mraz & Colbie Caillat,D2,B3,https://singingcarrots.com/artist-range?artist=Jason%20Mraz
Only Human,Jason Mraz & Colbie Caillat,F2,A4,https://singingcarrots.com/artist-range?artist=Jason%20Mraz
Out of My Hands,Jason Mraz & Colbie Caillat,A#2,G4,https://singingcarrots.com/artist-range?artist=Jason%20Mraz
Please Don't Tell Her,Jason Mraz & Colbie Caillat,B2,G#4,https://singingcarrots.com/artist-range?artist=Jason%20Mraz
Quiet,Jason Mraz & Colbie Caillat,G2,A4,https://singingcarrots.com/artist-range?artist=Jason%20Mraz
Rise,Jason Mraz & Colbie Caillat,F#2,A3,https://singingcarrots.com/artist-range?artist=Jason%20Mraz
Shine,Jason Mraz & Colbie Caillat,A2,A4,https://singingcarrots.com/artist-range?artist=Jason%20Mraz
Sleeping to Dream,Jason Mraz & Colbie Caillat,E3,A4,https://singingcarrots.com/artist-range?artist=Jason%20Mraz
Song for a Friend,Jason Mraz & Colbie Caillat,B2,B4,https://singingcarrots.com/artist-range?artist=Jason%20Mraz
The Dynamo of Volition,Jason Mraz & Colbie Caillat,B2,F#4,https://singingcarrots.com/artist-range?artist=Jason%20Mraz
The Forecast,Jason Mraz & Colbie Caillat,A#2,F4,https://singingcarrots.com/artist-range?artist=Jason%20Mraz
The Remedy (I Won't Worry),Jason Mraz & Colbie Caillat,F3,A#4,https://singingcarrots.com/artist-range?artist=Jason%20Mraz
The Woman I Love,Jason Mraz & Colbie Caillat,G2,E4,https://singingcarrots.com/artist-range?artist=Jason%20Mraz
The World As I See It,Jason Mraz & Colbie Caillat,D3,A4,https://singingcarrots.com/artist-range?artist=Jason%20Mraz
Too Much Food,Jason Mraz & Colbie Caillat,C#3,A4,https://singingcarrots.com/artist-range?artist=Jason%20Mraz
Unlonely,Jason Mraz & Colbie Caillat,A#2,G#4,https://singingcarrots.com/artist-range?artist=Jason%20Mraz
Who's Thinking About You Now?,Jason Mraz & Colbie Caillat,G2,F#4,https://singingcarrots.com/artist-range?artist=Jason%20Mraz
Wordplay,Jason Mraz & Colbie Caillat,D3,A#4,https://singingcarrots.com/artist-range?artist=Jason%20Mraz
You Can Rely on Me,Jason Mraz & Colbie Caillat,B2,G4,https://singingcarrots.com/artist-range?artist=Jason%20Mraz
You and I Both,Jason Mraz & Colbie Caillat,D3,A4,https://singingcarrots.com/artist-range?artist=Jason%20Mraz
Forget Her,Jeff Buckley,E2,D4,https://singingcarrots.com/artist-range?artist=Jeff%20Buckley
Grace,Jeff Buckley,D3,B4,https://singingcarrots.com/artist-range?artist=Jeff%20Buckley
I Know We Could Be So Happy Baby,Jeff Buckley,D3,B4,https://singingcarrots.com/artist-range?artist=Jeff%20Buckley
Jewel Box,Jeff Buckley,C3,E4,https://singingcarrots.com/artist-range?artist=Jeff%20Buckley
Lilac Wine,Jeff Buckley,F3,A4,https://singingcarrots.com/artist-range?artist=Jeff%20Buckley
Morning Theft,Jeff Buckley,C3,A#4,https://singingcarrots.com/artist-range?artist=Jeff%20Buckley
New Year's Prayer,Jeff Buckley,C#3,B4,https://singingcarrots.com/artist-range?artist=Jeff%20Buckley
Nightmares By the Sea,Jeff Buckley,C3,G#4,https://singingcarrots.com/artist-range?artist=Jeff%20Buckley
Opened Once,Jeff Buckley,E3,A4,https://singingcarrots.com/artist-range?artist=Jeff%20Buckley
A Long Time Ago,Jim Croce,D3,C4,https://singingcarrots.com/artist-range?artist=Jim%20Croce
Alabama Rain,Jim Croce,G2,A3,https://singingcarrots.com/artist-range?artist=Jim%20Croce
Ballad of Gunga Din,Jim Croce,A#2,G3,https://singingcarrots.com/artist-range?artist=Jim%20Croce
"Cigareetes, Whuskey and Wild, Wild Women",Jim Croce,D3,D4,https://singingcarrots.com/artist-range?artist=Jim%20Croce
Dreamin' Again,Jim Croce,B2,D4,https://singingcarrots.com/artist-range?artist=Jim%20Croce
I Got a Name,Jim Croce,B2,E4,https://singingcarrots.com/artist-range?artist=Jim%20Croce
I'll Have to Say I Love You in a Song,Jim Croce,E2,G#3,https://singingcarrots.com/artist-range?artist=Jim%20Croce
It Doesn't Have To Be That Way,Jim Croce,A2,C4,https://singingcarrots.com/artist-range?artist=Jim%20Croce
King's Song,Jim Croce,A2,D4,https://singingcarrots.com/artist-range?artist=Jim%20Croce
Lover's Cross,Jim Croce,C3,C4,https://singingcarrots.com/artist-range?artist=Jim%20Croce
New York's Not My Home,Jim Croce,A2,C#4,https://singingcarrots.com/artist-range?artist=Jim%20Croce
One Less Set of Footsteps,Jim Croce,A2,E4,https://singingcarrots.com/artist-range?artist=Jim%20Croce
Operator (That's Not The Way It Feels),Jim Croce,D3,D4,https://singingcarrots.com/artist-range?artist=Jim%20Croce
Photographs and Memories,Jim Croce,B2,C4,https://singingcarrots.com/artist-range?artist=Jim%20Croce
Rapid Roy,Jim Croce,B2,C#4,https://singingcarrots.com/artist-range?artist=Jim%20Croce
Rapid Roy (The Stock Car Boy),Jim Croce,B2,B3,https://singingcarrots.com/artist-range?artist=Jim%20Croce
Roller Derby Queen,Jim Croce,B2,E4,https://singingcarrots.com/artist-range?artist=Jim%20Croce
"Spin, Spin, Spin",Jim Croce,D3,B3,https://singingcarrots.com/artist-range?artist=Jim%20Croce
The Hard Way Every Time,Jim Croce,A2,G3,https://singingcarrots.com/artist-range?artist=Jim%20Croce
These Dreams,Jim Croce,A2,F4,https://singingcarrots.com/artist-range?artist=Jim%20Croce
Thursday,Jim Croce,G2,F4,https://singingcarrots.com/artist-range?artist=Jim%20Croce
Tomorrow's Gonna Be a Brighter Day,Jim Croce,B2,C#4,https://singingcarrots.com/artist-range?artist=Jim%20Croce
Which Way Are You Goin',Jim Croce,B2,D4,https://singingcarrots.com/artist-range?artist=Jim%20Croce
Workin' at the Car Wash Blues,Jim Croce,D3,E4,https://singingcarrots.com/artist-range?artist=Jim%20Croce
You Don't Mess Around With Jim,Jim Croce,B2,D4,https://singingcarrots.com/artist-range?artist=Jim%20Croce
"Adios, Amigo",Jim Reeves,A#2,D#4,https://singingcarrots.com/artist-range?artist=Jim%20Reeves
Am I That Easy To Forget,Jim Reeves,A#2,D#4,https://singingcarrots.com/artist-range?artist=Jim%20Reeves
An Old Christmas Card,Jim Reeves,C3,D4,https://singingcarrots.com/artist-range?artist=Jim%20Reeves
Billy Bayou,Jim Reeves,C#3,D4,https://singingcarrots.com/artist-range?artist=Jim%20Reeves
How Long Has It Been,Jim Reeves,D3,C#4,https://singingcarrots.com/artist-range?artist=Jim%20Reeves
I Won't Forget You,Jim Reeves,C3,F4,https://singingcarrots.com/artist-range?artist=Jim%20Reeves
One Dozen Roses,Jim Reeves,C3,D4,https://singingcarrots.com/artist-range?artist=Jim%20Reeves
Precious Memories,Jim Reeves,D#3,D#4,https://singingcarrots.com/artist-range?artist=Jim%20Reeves
That's When I See The Blues (In Your Pretty Brown Eyes),Jim Reeves,A#2,D#4,https://singingcarrots.com/artist-range?artist=Jim%20Reeves
A Lot To Drink About,Jimmy Buffett,G2,F#4,https://singingcarrots.com/artist-range?artist=Jimmy%20Buffett
A Pirate Looks at Forty,Jimmy Buffett,B2,B3,https://singingcarrots.com/artist-range?artist=Jimmy%20Buffett
Beach House on the Moon,Jimmy Buffett,A2,E4,https://singingcarrots.com/artist-range?artist=Jimmy%20Buffett
Beautiful Swimmers,Jimmy Buffett,G#2,C#4,https://singingcarrots.com/artist-range?artist=Jimmy%20Buffett
Big Top,Jimmy Buffett,E3,E4,https://singingcarrots.com/artist-range?artist=Jimmy%20Buffett
Boat Drinks,Jimmy Buffett,D3,F#4,https://singingcarrots.com/artist-range?artist=Jimmy%20Buffett
Bob Robert's Society Band,Jimmy Buffett,A2,A4,https://singingcarrots.com/artist-range?artist=Jimmy%20Buffett
Buffet Hotel,Jimmy Buffett,G2,C4,https://singingcarrots.com/artist-range?artist=Jimmy%20Buffett
"Changes In Latitudes, Changes In Attitudes",Jimmy Buffett,D3,B3,https://singingcarrots.com/artist-range?artist=Jimmy%20Buffett
Coast of Carolina,Jimmy Buffett,A2,C#4,https://singingcarrots.com/artist-range?artist=Jimmy%20Buffett
Conky Tonkin',Jimmy Buffett,B2,B3,https://singingcarrots.com/artist-range?artist=Jimmy%20Buffett
Desperation Samba,Jimmy Buffett,E3,G4,https://singingcarrots.com/artist-range?artist=Jimmy%20Buffett
Far Side of the World,Jimmy Buffett,G2,C#4,https://singingcarrots.com/artist-range?artist=Jimmy%20Buffett
Flesh and Bone,Jimmy Buffett,A2,C4,https://singingcarrots.com/artist-range?artist=Jimmy%20Buffett
Grapefruit - Juicy Fruit,Jimmy Buffett,A2,D4,https://singingcarrots.com/artist-range?artist=Jimmy%20Buffett
Havana Daydreamin',Jimmy Buffett,A2,A4,https://singingcarrots.com/artist-range?artist=Jimmy%20Buffett
He Went To Paris,Jimmy Buffett,G#2,A3,https://singingcarrots.com/artist-range?artist=Jimmy%20Buffett
I Don't Know and I Don't Care,Jimmy Buffett,B2,E4,https://singingcarrots.com/artist-range?artist=Jimmy%20Buffett
I Will Play for Gumbo,Jimmy Buffett,C3,D4,https://singingcarrots.com/artist-range?artist=Jimmy%20Buffett
In the Shelter,Jimmy Buffett,A2,C#4,https://singingcarrots.com/artist-range?artist=Jimmy%20Buffett
Jolly Mon Sing,Jimmy Buffett,D3,F#4,https://singingcarrots.com/artist-range?artist=Jimmy%20Buffett
License To Chill,Jimmy Buffett,D3,E4,https://singingcarrots.com/artist-range?artist=Jimmy%20Buffett
Life Short Call Now,Jimmy Buffett,A#2,C4,https://singingcarrots.com/artist-range?artist=Jimmy%20Buffett
Lucky Stars,Jimmy Buffett,B2,C#4,https://singingcarrots.com/artist-range?artist=Jimmy%20Buffett
Math Suks,Jimmy Buffett,G2,C4,https://singingcarrots.com/artist-range?artist=Jimmy%20Buffett
Off To See the Lizard,Jimmy Buffett,B2,A4,https://singingcarrots.com/artist-range?artist=Jimmy%20Buffett
One Particular Harbour,Jimmy Buffett,B2,C#4,https://singingcarrots.com/artist-range?artist=Jimmy%20Buffett
Oysters and Pearls,Jimmy Buffett,A2,D4,https://singingcarrots.com/artist-range?artist=Jimmy%20Buffett
Pencil Thin Mustache,Jimmy Buffett,A2,F#4,https://singingcarrots.com/artist-range?artist=Jimmy%20Buffett
Permanent Reminder of a Temporary Feeling,Jimmy Buffett,A2,B3,https://singingcarrots.com/artist-range?artist=Jimmy%20Buffett
Rhumba Man,Jimmy Buffett,E3,E4,https://singingcarrots.com/artist-range?artist=Jimmy%20Buffett
Scarlet Begonias,Jimmy Buffett,E3,G#4,https://singingcarrots.com/artist-range?artist=Jimmy%20Buffett
School Boy Heart,Jimmy Buffett,G#2,A4,https://singingcarrots.com/artist-range?artist=Jimmy%20Buffett
Semi-True Story,Jimmy Buffett,A2,D4,https://singingcarrots.com/artist-range?artist=Jimmy%20Buffett
Simply Complicated,Jimmy Buffett,G2,C4,https://singingcarrots.com/artist-range?artist=Jimmy%20Buffett
Son of a Son of a Sailor,Jimmy Buffett,D3,D4,https://singingcarrots.com/artist-range?artist=Jimmy%20Buffett
Spending Money,Jimmy Buffett,G2,D4,https://singingcarrots.com/artist-range?artist=Jimmy%20Buffett
Summerzcool,Jimmy Buffett,C3,E4,https://singingcarrots.com/artist-range?artist=Jimmy%20Buffett
Surfing In a Hurricane,Jimmy Buffett,D3,E4,https://singingcarrots.com/artist-range?artist=Jimmy%20Buffett
Trip Around the Sun,Jimmy Buffett,B2,C#4,https://singingcarrots.com/artist-range?artist=Jimmy%20Buffett
Turn Up the Heat and Chill the Rosé,Jimmy Buffett,C3,C4,https://singingcarrots.com/artist-range?artist=Jimmy%20Buffett
Volcano,Jimmy Buffett,F3,F4,https://singingcarrots.com/artist-range?artist=Jimmy%20Buffett
Waiting for the Next Explosion,Jimmy Buffett,C3,D4,https://singingcarrots.com/artist-range?artist=Jimmy%20Buffett
We Learned To Be Cool From You,Jimmy Buffett,B2,B3,https://singingcarrots.com/artist-range?artist=Jimmy%20Buffett
What If the Hokey-Pokey Is All It Really Is About?,Jimmy Buffett,E2,E4,https://singingcarrots.com/artist-range?artist=Jimmy%20Buffett
Why Don't We Get Drunk,Jimmy Buffett,A2,E4,https://singingcarrots.com/artist-range?artist=Jimmy%20Buffett
Window on the World,Jimmy Buffett,A2,E4,https://singingcarrots.com/artist-range?artist=Jimmy%20Buffett
Wings,Jimmy Buffett,B2,C4,https://singingcarrots.com/artist-range?artist=Jimmy%20Buffett
The Night They Drove Old Dixie Down,Joan Baez,F3,G4,https://singingcarrots.com/artist-range?artist=Joan%20Baez
Aspenglow,John Denver,D3,C4,https://singingcarrots.com/artist-range?artist=John%20Denver
Autograph,John Denver,G2,E4,https://singingcarrots.com/artist-range?artist=John%20Denver
Back Home Again,John Denver,C3,G4,https://singingcarrots.com/artist-range?artist=John%20Denver
Darcy Farrow,John Denver,A2,A3,https://singingcarrots.com/artist-range?artist=John%20Denver
Farewell Andromeda,John Denver,C3,D4,https://singingcarrots.com/artist-range?artist=John%20Denver
Fly Away,John Denver,D3,A4,https://singingcarrots.com/artist-range?artist=John%20Denver
Follow Me,John Denver,C3,D4,https://singingcarrots.com/artist-range?artist=John%20Denver
For Baby (For Bobbie),John Denver,D3,E4,https://singingcarrots.com/artist-range?artist=John%20Denver
Friends with You,John Denver,C3,F4,https://singingcarrots.com/artist-range?artist=John%20Denver
Garden Song,John Denver,C3,A#4,https://singingcarrots.com/artist-range?artist=John%20Denver
Goodbye Again,John Denver,B2,E4,https://singingcarrots.com/artist-range?artist=John%20Denver
Grandma's Feather Bed,John Denver,C#3,F#4,https://singingcarrots.com/artist-range?artist=John%20Denver
I Guess He'd Rather Be In Colorado,John Denver,D3,D4,https://singingcarrots.com/artist-range?artist=John%20Denver
I Want to Live,John Denver,B2,G4,https://singingcarrots.com/artist-range?artist=John%20Denver
I'd Rather Be a Cowboy,John Denver,A2,F#4,https://singingcarrots.com/artist-range?artist=John%20Denver
I'm Sorry,John Denver,D3,E4,https://singingcarrots.com/artist-range?artist=John%20Denver
Let Us Begin,John Denver,D3,G4,https://singingcarrots.com/artist-range?artist=John%20Denver
Like a Sad Song,John Denver,D3,G4,https://singingcarrots.com/artist-range?artist=John%20Denver
Looking for Space,John Denver,C3,A4,https://singingcarrots.com/artist-range?artist=John%20Denver
Mother Nature's Son,John Denver,E3,B4,https://singingcarrots.com/artist-range?artist=John%20Denver
Mr. Bojangles,John Denver,G2,B3,https://singingcarrots.com/artist-range?artist=John%20Denver
My Sweet Lady,John Denver,C3,E4,https://singingcarrots.com/artist-range?artist=John%20Denver
Paradise,John Denver,D3,E4,https://singingcarrots.com/artist-range?artist=John%20Denver
Perhaps Love,John Denver,C#3,F#4,https://singingcarrots.com/artist-range?artist=John%20Denver
"Poems, Prayers and Promises",John Denver,A2,C4,https://singingcarrots.com/artist-range?artist=John%20Denver
Rhymes and Reasons,John Denver,F3,D4,https://singingcarrots.com/artist-range?artist=John%20Denver
Rocky Mountain High,John Denver,F3,F4,https://singingcarrots.com/artist-range?artist=John%20Denver
Some Days Are Diamonds,John Denver,G2,B3,https://singingcarrots.com/artist-range?artist=John%20Denver
Sunshine on My Shoulders,John Denver,E3,F4,https://singingcarrots.com/artist-range?artist=John%20Denver
Sweet Surrender,John Denver,E3,G#4,https://singingcarrots.com/artist-range?artist=John%20Denver
Thank God I'm a Country Boy,John Denver,D3,E4,https://singingcarrots.com/artist-range?artist=John%20Denver
That's the Way It's Gonna Be,John Denver,E3,G4,https://singingcarrots.com/artist-range?artist=John%20Denver
Thirsty Boots,John Denver,C3,F4,https://singingcarrots.com/artist-range?artist=John%20Denver
This Old Guitar,John Denver,D3,D4,https://singingcarrots.com/artist-range?artist=John%20Denver
Today,John Denver,C3,D#4,https://singingcarrots.com/artist-range?artist=John%20Denver
Waiting for a Train,John Denver,C3,A4,https://singingcarrots.com/artist-range?artist=John%20Denver
Whose Garden Was This?,John Denver,D#3,G#4,https://singingcarrots.com/artist-range?artist=John%20Denver
Wild Montana Skies,John Denver,A2,A4,https://singingcarrots.com/artist-range?artist=John%20Denver
Windsong,John Denver,A2,B4,https://singingcarrots.com/artist-range?artist=John%20Denver
Yellowstone (Coming Home),John Denver,A2,A4,https://singingcarrots.com/artist-range?artist=John%20Denver
Again,John Legend,D#3,G4,https://singingcarrots.com/artist-range?artist=John%20Legend
Another Again,John Legend,D3,A4,https://singingcarrots.com/artist-range?artist=John%20Legend
Bigger Love,John Legend,A2,G4,https://singingcarrots.com/artist-range?artist=John%20Legend
Bring Me Love,John Legend,D3,A4,https://singingcarrots.com/artist-range?artist=John%20Legend
By Christmas Eve,John Legend,B2,G#4,https://singingcarrots.com/artist-range?artist=John%20Legend
Coming Home,John Legend,A2,G4,https://singingcarrots.com/artist-range?artist=John%20Legend
Cross the Line,John Legend,F3,A4,https://singingcarrots.com/artist-range?artist=John%20Legend
Each Day Gets Better,John Legend,D#3,G4,https://singingcarrots.com/artist-range?artist=John%20Legend
Everybody Knows,John Legend,C3,A#4,https://singingcarrots.com/artist-range?artist=John%20Legend
Good Morning,John Legend,D3,B4,https://singingcarrots.com/artist-range?artist=John%20Legend
Green Light,John Legend,D3,A4,https://singingcarrots.com/artist-range?artist=John%20Legend
Heaven,John Legend,C3,G#4,https://singingcarrots.com/artist-range?artist=John%20Legend
History Has Its Eyes on You,John Legend,E3,A4,https://singingcarrots.com/artist-range?artist=John%20Legend
I Can Change,John Legend,G2,A#3,https://singingcarrots.com/artist-range?artist=John%20Legend
I Know Better,John Legend,F3,G4,https://singingcarrots.com/artist-range?artist=John%20Legend
"I Love, You Love",John Legend,D3,A4,https://singingcarrots.com/artist-range?artist=John%20Legend
If You're Out There,John Legend,D#3,G#4,https://singingcarrots.com/artist-range?artist=John%20Legend
It Don't Have To Change,John Legend,G2,F4,https://singingcarrots.com/artist-range?artist=John%20Legend
It's Over,John Legend,B2,B4,https://singingcarrots.com/artist-range?artist=John%20Legend
Let's Get Lifted,John Legend,G2,F#4,https://singingcarrots.com/artist-range?artist=John%20Legend
Let's Get Lifted Again,John Legend,B2,F#4,https://singingcarrots.com/artist-range?artist=John%20Legend
Live It Up,John Legend,G#2,C#4,https://singingcarrots.com/artist-range?artist=John%20Legend
Love Me Now,John Legend,D#3,G#4,https://singingcarrots.com/artist-range?artist=John%20Legend
Made To Love,John Legend,F2,F4,https://singingcarrots.com/artist-range?artist=John%20Legend
Maxine,John Legend,D3,E4,https://singingcarrots.com/artist-range?artist=John%20Legend
Maxine's Interlude,John Legend,C#3,F#4,https://singingcarrots.com/artist-range?artist=John%20Legend
Never Break,John Legend,B2,G#4,https://singingcarrots.com/artist-range?artist=John%20Legend
No Other Love,John Legend,F3,G#4,https://singingcarrots.com/artist-range?artist=John%20Legend
One Woman Man,John Legend,B2,B4,https://singingcarrots.com/artist-range?artist=John%20Legend
Penthouse Floor,John Legend,A#2,F#4,https://singingcarrots.com/artist-range?artist=John%20Legend
Prelude,John Legend,E2,A3,https://singingcarrots.com/artist-range?artist=John%20Legend
Quickly,John Legend,C3,G#4,https://singingcarrots.com/artist-range?artist=John%20Legend
Refuge (When It's Cold Outside),John Legend,E2,A4,https://singingcarrots.com/artist-range?artist=John%20Legend
Right by You (For Luna),John Legend,D3,G4,https://singingcarrots.com/artist-range?artist=John%20Legend
Same Old Story,John Legend,C3,F4,https://singingcarrots.com/artist-range?artist=John%20Legend
Satisfaction,John Legend,C3,G4,https://singingcarrots.com/artist-range?artist=John%20Legend
Save Room,John Legend,C3,E4,https://singingcarrots.com/artist-range?artist=John%20Legend
She Don't Have To Know,John Legend,D2,D4,https://singingcarrots.com/artist-range?artist=John%20Legend
Show Me,John Legend,F3,F#4,https://singingcarrots.com/artist-range?artist=John%20Legend
Slow Dance,John Legend,C2,A#3,https://singingcarrots.com/artist-range?artist=John%20Legend
Someday,John Legend,E3,G4,https://singingcarrots.com/artist-range?artist=John%20Legend
Stay with You,John Legend,E2,B3,https://singingcarrots.com/artist-range?artist=John%20Legend
Stereo,John Legend,C3,A#4,https://singingcarrots.com/artist-range?artist=John%20Legend
Surefire,John Legend,B2,F#4,https://singingcarrots.com/artist-range?artist=John%20Legend
Take Me Away,John Legend,D#3,G4,https://singingcarrots.com/artist-range?artist=John%20Legend
Temporarily Painless,John Legend,B2,B4,https://singingcarrots.com/artist-range?artist=John%20Legend
This Time,John Legend,F3,A4,https://singingcarrots.com/artist-range?artist=John%20Legend
Tonight (Best You Ever Had),John Legend,F3,A#4,https://singingcarrots.com/artist-range?artist=John%20Legend
Under the Stars,John Legend,E3,F4,https://singingcarrots.com/artist-range?artist=John%20Legend
Used To Love U,John Legend,D#2,C4,https://singingcarrots.com/artist-range?artist=John%20Legend
Waiting for Christmas,John Legend,D3,E4,https://singingcarrots.com/artist-range?artist=John%20Legend
Wake Up Everybody,John Legend,D3,G4,https://singingcarrots.com/artist-range?artist=John%20Legend
We Need Love,John Legend,D#3,A#4,https://singingcarrots.com/artist-range?artist=John%20Legend
What You Do To Me,John Legend,E3,G4,https://singingcarrots.com/artist-range?artist=John%20Legend
Where Did My Baby Go,John Legend,D3,B4,https://singingcarrots.com/artist-range?artist=John%20Legend
Who Do We Think We Are,John Legend,D#3,G#4,https://singingcarrots.com/artist-range?artist=John%20Legend
You and I (Nobody in the World),John Legend,D3,A4,https://singingcarrots.com/artist-range?artist=John%20Legend
'Til Nothing Comes Between Us,John Michael Montgomery,A#2,G4,https://singingcarrots.com/artist-range?artist=John%20Michael%20Montgomery
Cover You in Kisses,John Michael Montgomery,G2,E4,https://singingcarrots.com/artist-range?artist=John%20Michael%20Montgomery
I Love the Way You Love Me,John Michael Montgomery,C3,F4,https://singingcarrots.com/artist-range?artist=John%20Michael%20Montgomery
Letters From Home,John Michael Montgomery,E2,C4,https://singingcarrots.com/artist-range?artist=John%20Michael%20Montgomery
Sold,John Michael Montgomery,A2,F#4,https://singingcarrots.com/artist-range?artist=John%20Michael%20Montgomery
The Little Girl,John Michael Montgomery,A#2,D#4,https://singingcarrots.com/artist-range?artist=John%20Michael%20Montgomery
(Ghost) Riders In the Sky,Johnny Cash,F2,A#3,https://singingcarrots.com/artist-range?artist=Johnny%20Cash
(I Heard That) Lonesome Whistle,Johnny Cash,A#2,A#3,https://singingcarrots.com/artist-range?artist=Johnny%20Cash
(I'd Be) A Legend In My Time,Johnny Cash,G2,G3,https://singingcarrots.com/artist-range?artist=Johnny%20Cash
After Taxes,Johnny Cash,B1,C#4,https://singingcarrots.com/artist-range?artist=Johnny%20Cash
Ballad Of A Teenage Queen,Johnny Cash,B2,A3,https://singingcarrots.com/artist-range?artist=Johnny%20Cash
Ballad of Ira Hayes,Johnny Cash,C3,D4,https://singingcarrots.com/artist-range?artist=Johnny%20Cash
Big River,Johnny Cash,G2,D4,https://singingcarrots.com/artist-range?artist=Johnny%20Cash
Cocaine Blues,Johnny Cash,D3,E4,https://singingcarrots.com/artist-range?artist=Johnny%20Cash
"Cry, Cry, Cry",Johnny Cash,D3,C4,https://singingcarrots.com/artist-range?artist=Johnny%20Cash
Dark As a Dungeon,Johnny Cash,A2,C#4,https://singingcarrots.com/artist-range?artist=Johnny%20Cash
Do Lord,Johnny Cash,D3,C4,https://singingcarrots.com/artist-range?artist=Johnny%20Cash
"Don’t Think Twice, It’s Alright",Johnny Cash,C2,A3,https://singingcarrots.com/artist-range?artist=Johnny%20Cash
Far Side Banks of Jordan,Johnny Cash,G2,A#3,https://singingcarrots.com/artist-range?artist=Johnny%20Cash
Flesh and Blood,Johnny Cash,G2,A3,https://singingcarrots.com/artist-range?artist=Johnny%20Cash
Forty Shades of Green,Johnny Cash,C3,C4,https://singingcarrots.com/artist-range?artist=Johnny%20Cash
Four Strong Winds,Johnny Cash,G#2,A3,https://singingcarrots.com/artist-range?artist=Johnny%20Cash
"Frankie's Man, Johnny",Johnny Cash,C3,C4,https://singingcarrots.com/artist-range?artist=Johnny%20Cash
Further on Up the Road,Johnny Cash,G2,A3,https://singingcarrots.com/artist-range?artist=Johnny%20Cash
Give My Love To Rose,Johnny Cash,C3,F4,https://singingcarrots.com/artist-range?artist=Johnny%20Cash
God's Gonna Cut You Down,Johnny Cash,F2,A#3,https://singingcarrots.com/artist-range?artist=Johnny%20Cash
Guess Things Happen That Way,Johnny Cash,E2,E4,https://singingcarrots.com/artist-range?artist=Johnny%20Cash
He Turned the Water Into Wine,Johnny Cash,E2,C4,https://singingcarrots.com/artist-range?artist=Johnny%20Cash
Help Me,Johnny Cash,G#2,G#3,https://singingcarrots.com/artist-range?artist=Johnny%20Cash
"Hey, Porter",Johnny Cash,F2,C4,https://singingcarrots.com/artist-range?artist=Johnny%20Cash
Home of the Blues,Johnny Cash,D3,D4,https://singingcarrots.com/artist-range?artist=Johnny%20Cash
Hurt,Johnny Cash,F2,G3,https://singingcarrots.com/artist-range?artist=Johnny%20Cash
I Am a Pilgrim,Johnny Cash,A2,A3,https://singingcarrots.com/artist-range?artist=Johnny%20Cash
I Came To Believe,Johnny Cash,G2,G3,https://singingcarrots.com/artist-range?artist=Johnny%20Cash
I Got Stripes,Johnny Cash,E3,C4,https://singingcarrots.com/artist-range?artist=Johnny%20Cash
I Shall Not Be Moved,Johnny Cash,C3,A#3,https://singingcarrots.com/artist-range?artist=Johnny%20Cash
I Was There When It Happened,Johnny Cash,C3,C#4,https://singingcarrots.com/artist-range?artist=Johnny%20Cash
I Wish I Was Crazy Again,Johnny Cash,B2,C4,https://singingcarrots.com/artist-range?artist=Johnny%20Cash
I Won't Back Down,Johnny Cash,E2,F#3,https://singingcarrots.com/artist-range?artist=Johnny%20Cash
I'm Bound for the Promised Land,Johnny Cash,A2,A3,https://singingcarrots.com/artist-range?artist=Johnny%20Cash
I'm Free From the Chain Gang Now,Johnny Cash,D#2,G#3,https://singingcarrots.com/artist-range?artist=Johnny%20Cash
I'm a Long Way From Home,Johnny Cash,A2,A3,https://singingcarrots.com/artist-range?artist=Johnny%20Cash
I've Been Everywhere,Johnny Cash,G2,B3,https://singingcarrots.com/artist-range?artist=Johnny%20Cash
If I Were a Carpenter,Johnny Cash,A#2,C4,https://singingcarrots.com/artist-range?artist=Johnny%20Cash
If You Could Read My Mind,Johnny Cash,A2,A3,https://singingcarrots.com/artist-range?artist=Johnny%20Cash
It Ain't Me Babe,Johnny Cash,E2,B4,https://singingcarrots.com/artist-range?artist=Johnny%20Cash
It's Just About Time,Johnny Cash,D#3,C4,https://singingcarrots.com/artist-range?artist=Johnny%20Cash
Jackson,Johnny Cash,G2,A#4,https://singingcarrots.com/artist-range?artist=Johnny%20Cash
Love's Been Good To Me,Johnny Cash,E2,B3,https://singingcarrots.com/artist-range?artist=Johnny%20Cash
My God Is Real,Johnny Cash,G#2,B3,https://singingcarrots.com/artist-range?artist=Johnny%20Cash
On the Evening Train,Johnny Cash,G2,E3,https://singingcarrots.com/artist-range?artist=Johnny%20Cash
On the Jericho Road,Johnny Cash,A#2,D#4,https://singingcarrots.com/artist-range?artist=Johnny%20Cash
Oney,Johnny Cash,G2,A#3,https://singingcarrots.com/artist-range?artist=Johnny%20Cash
Orange Blossom Special,Johnny Cash,C3,C4,https://singingcarrots.com/artist-range?artist=Johnny%20Cash
Over the Next Hill We'll Be Home,Johnny Cash,E3,E4,https://singingcarrots.com/artist-range?artist=Johnny%20Cash
Pickin' Time,Johnny Cash,G2,F3,https://singingcarrots.com/artist-range?artist=Johnny%20Cash
Rose of My Heart,Johnny Cash,G2,G3,https://singingcarrots.com/artist-range?artist=Johnny%20Cash
San Quentin,Johnny Cash,A2,A3,https://singingcarrots.com/artist-range?artist=Johnny%20Cash
See Ruby Fall,Johnny Cash,C3,D4,https://singingcarrots.com/artist-range?artist=Johnny%20Cash
Solitary Man,Johnny Cash,F2,G3,https://singingcarrots.com/artist-range?artist=Johnny%20Cash
Sugartime,Johnny Cash,C3,C4,https://singingcarrots.com/artist-range?artist=Johnny%20Cash
Sunday Mornin' Comin' Down,Johnny Cash,F#2,G4,https://singingcarrots.com/artist-range?artist=Johnny%20Cash
Tennessee Flat Top Box,Johnny Cash,E2,F#3,https://singingcarrots.com/artist-range?artist=Johnny%20Cash
That Lucky Old Sun,Johnny Cash,E2,A3,https://singingcarrots.com/artist-range?artist=Johnny%20Cash
The Long Black Veil,Johnny Cash,D3,D4,https://singingcarrots.com/artist-range?artist=Johnny%20Cash
The Man In Black,Johnny Cash,A2,D4,https://singingcarrots.com/artist-range?artist=Johnny%20Cash
The Mercy Seat,Johnny Cash,G2,G3,https://singingcarrots.com/artist-range?artist=Johnny%20Cash
The Night Hank Williams Came To Town,Johnny Cash,G#2,B4,https://singingcarrots.com/artist-range?artist=Johnny%20Cash
The One on the Right Is on the Left,Johnny Cash,G#2,A3,https://singingcarrots.com/artist-range?artist=Johnny%20Cash
The Rebel (The Ballad of Johnny Yuma),Johnny Cash,G#2,D#4,https://singingcarrots.com/artist-range?artist=Johnny%20Cash
The Shifting Whispering Sands,Johnny Cash,E2,G#4,https://singingcarrots.com/artist-range?artist=Johnny%20Cash
There You Go,Johnny Cash,G2,G3,https://singingcarrots.com/artist-range?artist=Johnny%20Cash
Understand Your Man,Johnny Cash,C3,B3,https://singingcarrots.com/artist-range?artist=Johnny%20Cash
When He Reached Down His Hand for Me,Johnny Cash,A#2,D4,https://singingcarrots.com/artist-range?artist=Johnny%20Cash
When the Roll Is Called Up Yonder,Johnny Cash,D#3,E4,https://singingcarrots.com/artist-range?artist=Johnny%20Cash
When the Roses Bloom Again,Johnny Cash,F#2,E3,https://singingcarrots.com/artist-range?artist=Johnny%20Cash
Where the Soul of Man Never Dies,Johnny Cash,G#2,F#3,https://singingcarrots.com/artist-range?artist=Johnny%20Cash
Without Love,Johnny Cash,G#2,G#3,https://singingcarrots.com/artist-range?artist=Johnny%20Cash
Would You Lay With Me,Johnny Cash,E2,F#3,https://singingcarrots.com/artist-range?artist=Johnny%20Cash
Wreck of the Old 97,Johnny Cash,A2,C4,https://singingcarrots.com/artist-range?artist=Johnny%20Cash
(Ghost) Riders In the Sky,Johnny Cash & June Carter,F2,A#3,https://singingcarrots.com/artist-range?artist=Johnny%20Cash
(I Heard That) Lonesome Whistle,Johnny Cash & June Carter,A#2,A#3,https://singingcarrots.com/artist-range?artist=Johnny%20Cash
(I'd Be) A Legend In My Time,Johnny Cash & June Carter,G2,G3,https://singingcarrots.com/artist-range?artist=Johnny%20Cash
After Taxes,Johnny Cash & June Carter,B1,C#4,https://singingcarrots.com/artist-range?artist=Johnny%20Cash
Ballad Of A Teenage Queen,Johnny Cash & June Carter,B2,A3,https://singingcarrots.com/artist-range?artist=Johnny%20Cash
Ballad of Ira Hayes,Johnny Cash & June Carter,C3,D4,https://singingcarrots.com/artist-range?artist=Johnny%20Cash
Big River,Johnny Cash & June Carter,G2,D4,https://singingcarrots.com/artist-range?artist=Johnny%20Cash
Cocaine Blues,Johnny Cash & June Carter,D3,E4,https://singingcarrots.com/artist-range?artist=Johnny%20Cash
"Cry, Cry, Cry",Johnny Cash & June Carter,D3,C4,https://singingcarrots.com/artist-range?artist=Johnny%20Cash
Dark As a Dungeon,Johnny Cash & June Carter,A2,C#4,https://singingcarrots.com/artist-range?artist=Johnny%20Cash
Do Lord,Johnny Cash & June Carter,D3,C4,https://singingcarrots.com/artist-range?artist=Johnny%20Cash
"Don’t Think Twice, It’s Alright",Johnny Cash & June Carter,C2,A3,https://singingcarrots.com/artist-range?artist=Johnny%20Cash
Far Side Banks of Jordan,Johnny Cash & June Carter,G2,A#3,https://singingcarrots.com/artist-range?artist=Johnny%20Cash
Flesh and Blood,Johnny Cash & June Carter,G2,A3,https://singingcarrots.com/artist-range?artist=Johnny%20Cash
Folsom Prison Blues,Johnny Cash & June Carter,F2,C4,https://singingcarrots.com/artist-range?artist=Johnny%20Cash
Forty Shades of Green,Johnny Cash & June Carter,C3,C4,https://singingcarrots.com/artist-range?artist=Johnny%20Cash
Four Strong Winds,Johnny Cash & June Carter,G#2,A3,https://singingcarrots.com/artist-range?artist=Johnny%20Cash
"Frankie's Man, Johnny",Johnny Cash & June Carter,C3,C4,https://singingcarrots.com/artist-range?artist=Johnny%20Cash
Further on Up the Road,Johnny Cash & June Carter,G2,A3,https://singingcarrots.com/artist-range?artist=Johnny%20Cash
Give My Love To Rose,Johnny Cash & June Carter,C3,F4,https://singingcarrots.com/artist-range?artist=Johnny%20Cash
God's Gonna Cut You Down,Johnny Cash & June Carter,F2,A#3,https://singingcarrots.com/artist-range?artist=Johnny%20Cash
Guess Things Happen That Way,Johnny Cash & June Carter,E2,E4,https://singingcarrots.com/artist-range?artist=Johnny%20Cash
He Turned the Water Into Wine,Johnny Cash & June Carter,E2,C4,https://singingcarrots.com/artist-range?artist=Johnny%20Cash
Help Me,Johnny Cash & June Carter,G#2,G#3,https://singingcarrots.com/artist-range?artist=Johnny%20Cash
"Hey, Porter",Johnny Cash & June Carter,F2,C4,https://singingcarrots.com/artist-range?artist=Johnny%20Cash
Home of the Blues,Johnny Cash & June Carter,D3,D4,https://singingcarrots.com/artist-range?artist=Johnny%20Cash
Hurt,Johnny Cash & June Carter,F2,G3,https://singingcarrots.com/artist-range?artist=Johnny%20Cash
I Am a Pilgrim,Johnny Cash & June Carter,A2,A3,https://singingcarrots.com/artist-range?artist=Johnny%20Cash
I Came To Believe,Johnny Cash & June Carter,G2,G3,https://singingcarrots.com/artist-range?artist=Johnny%20Cash
I Got Stripes,Johnny Cash & June Carter,E3,C4,https://singingcarrots.com/artist-range?artist=Johnny%20Cash
I Shall Not Be Moved,Johnny Cash & June Carter,C3,A#3,https://singingcarrots.com/artist-range?artist=Johnny%20Cash
I Walk the Line,Johnny Cash & June Carter,D2,C4,https://singingcarrots.com/artist-range?artist=Johnny%20Cash
I Was There When It Happened,Johnny Cash & June Carter,C3,C#4,https://singingcarrots.com/artist-range?artist=Johnny%20Cash
I Wish I Was Crazy Again,Johnny Cash & June Carter,B2,C4,https://singingcarrots.com/artist-range?artist=Johnny%20Cash
I Won't Back Down,Johnny Cash & June Carter,E2,F#3,https://singingcarrots.com/artist-range?artist=Johnny%20Cash
I'm Bound for the Promised Land,Johnny Cash & June Carter,A2,A3,https://singingcarrots.com/artist-range?artist=Johnny%20Cash
I'm Free From the Chain Gang Now,Johnny Cash & June Carter,D#2,G#3,https://singingcarrots.com/artist-range?artist=Johnny%20Cash
I'm a Long Way From Home,Johnny Cash & June Carter,A2,A3,https://singingcarrots.com/artist-range?artist=Johnny%20Cash
I've Been Everywhere,Johnny Cash & June Carter,G2,B3,https://singingcarrots.com/artist-range?artist=Johnny%20Cash
If I Were a Carpenter,Johnny Cash & June Carter,A#2,C4,https://singingcarrots.com/artist-range?artist=Johnny%20Cash
If You Could Read My Mind,Johnny Cash & June Carter,A2,A3,https://singingcarrots.com/artist-range?artist=Johnny%20Cash
It Ain't Me Babe,Johnny Cash & June Carter,E2,B4,https://singingcarrots.com/artist-range?artist=Johnny%20Cash
It's Just About Time,Johnny Cash & June Carter,D#3,C4,https://singingcarrots.com/artist-range?artist=Johnny%20Cash
Love's Been Good To Me,Johnny Cash & June Carter,E2,B3,https://singingcarrots.com/artist-range?artist=Johnny%20Cash
My God Is Real,Johnny Cash & June Carter,G#2,B3,https://singingcarrots.com/artist-range?artist=Johnny%20Cash
On the Evening Train,Johnny Cash & June Carter,G2,E3,https://singingcarrots.com/artist-range?artist=Johnny%20Cash
On the Jericho Road,Johnny Cash & June Carter,A#2,D#4,https://singingcarrots.com/artist-range?artist=Johnny%20Cash
Oney,Johnny Cash & June Carter,G2,A#3,https://singingcarrots.com/artist-range?artist=Johnny%20Cash
Orange Blossom Special,Johnny Cash & June Carter,C3,C4,https://singingcarrots.com/artist-range?artist=Johnny%20Cash
Over the Next Hill We'll Be Home,Johnny Cash & June Carter,E3,E4,https://singingcarrots.com/artist-range?artist=Johnny%20Cash
Pickin' Time,Johnny Cash & June Carter,G2,F3,https://singingcarrots.com/artist-range?artist=Johnny%20Cash
Rose of My Heart,Johnny Cash & June Carter,G2,G3,https://singingcarrots.com/artist-range?artist=Johnny%20Cash
San Quentin,Johnny Cash & June Carter,A2,A3,https://singingcarrots.com/artist-range?artist=Johnny%20Cash
See Ruby Fall,Johnny Cash & June Carter,C3,D4,https://singingcarrots.com/artist-range?artist=Johnny%20Cash
Solitary Man,Johnny Cash & June Carter,F2,G3,https://singingcarrots.com/artist-range?artist=Johnny%20Cash
Sugartime,Johnny Cash & June Carter,C3,C4,https://singingcarrots.com/artist-range?artist=Johnny%20Cash
Sunday Mornin' Comin' Down,Johnny Cash & June Carter,F#2,G4,https://singingcarrots.com/artist-range?artist=Johnny%20Cash
Tennessee Flat Top Box,Johnny Cash & June Carter,E2,F#3,https://singingcarrots.com/artist-range?artist=Johnny%20Cash
That Lucky Old Sun,Johnny Cash & June Carter,E2,A3,https://singingcarrots.com/artist-range?artist=Johnny%20Cash
The Long Black Veil,Johnny Cash & June Carter,D3,D4,https://singingcarrots.com/artist-range?artist=Johnny%20Cash
The Man In Black,Johnny Cash & June Carter,A2,D4,https://singingcarrots.com/artist-range?artist=Johnny%20Cash
The Mercy Seat,Johnny Cash & June Carter,G2,G3,https://singingcarrots.com/artist-range?artist=Johnny%20Cash
The Night Hank Williams Came To Town,Johnny Cash & June Carter,G#2,B4,https://singingcarrots.com/artist-range?artist=Johnny%20Cash
The One on the Right Is on the Left,Johnny Cash & June Carter,G#2,A3,https://singingcarrots.com/artist-range?artist=Johnny%20Cash
The Rebel (The Ballad of Johnny Yuma),Johnny Cash & June Carter,G#2,D#4,https://singingcarrots.com/artist-range?artist=Johnny%20Cash
The Shifting Whispering Sands,Johnny Cash & June Carter,E2,G#4,https://singingcarrots.com/artist-range?artist=Johnny%20Cash
There You Go,Johnny Cash & June Carter,G2,G3,https://singingcarrots.com/artist-range?artist=Johnny%20Cash
Understand Your Man,Johnny Cash & June Carter,C3,B3,https://singingcarrots.com/artist-range?artist=Johnny%20Cash
When He Reached Down His Hand for Me,Johnny Cash & June Carter,A#2,D4,https://singingcarrots.com/artist-range?artist=Johnny%20Cash
When the Roll Is Called Up Yonder,Johnny Cash & June Carter,D#3,E4,https://singingcarrots.com/artist-range?artist=Johnny%20Cash
When the Roses Bloom Again,Johnny Cash & June Carter,F#2,E3,https://singingcarrots.com/artist-range?artist=Johnny%20Cash
Where the Soul of Man Never Dies,Johnny Cash & June Carter,G#2,F#3,https://singingcarrots.com/artist-range?artist=Johnny%20Cash
Without Love,Johnny Cash & June Carter,G#2,G#3,https://singingcarrots.com/artist-range?artist=Johnny%20Cash
Would You Lay With Me,Johnny Cash & June Carter,E2,F#3,https://singingcarrots.com/artist-range?artist=Johnny%20Cash
Wreck of the Old 97,Johnny Cash & June Carter,A2,C4,https://singingcarrots.com/artist-range?artist=Johnny%20Cash
All I Want Is Forever,Johnny Mathis,A#2,A4,https://singingcarrots.com/artist-range?artist=Johnny%20Mathis
Because You Loved Me,Johnny Mathis,D3,A4,https://singingcarrots.com/artist-range?artist=Johnny%20Mathis
Don't Take Away My Heaven,Johnny Mathis,E3,A4,https://singingcarrots.com/artist-range?artist=Johnny%20Mathis
Fly Me to the Moon,Johnny Mathis,F2,G#3,https://singingcarrots.com/artist-range?artist=Johnny%20Mathis
I Was Telling Her About You,Johnny Mathis,A#2,D4,https://singingcarrots.com/artist-range?artist=Johnny%20Mathis
If You Asked Me To,Johnny Mathis,A2,E4,https://singingcarrots.com/artist-range?artist=Johnny%20Mathis
It's Beginning to Look a Lot Like Christmas,Johnny Mathis,A#2,D#4,https://singingcarrots.com/artist-range?artist=Johnny%20Mathis
It's Not for Me To Say,Johnny Mathis,C3,D#4,https://singingcarrots.com/artist-range?artist=Johnny%20Mathis
Live for Loving You,Johnny Mathis,D3,G4,https://singingcarrots.com/artist-range?artist=Johnny%20Mathis
Love Will Lead You Back,Johnny Mathis,D3,F#4,https://singingcarrots.com/artist-range?artist=Johnny%20Mathis
Missing You Now,Johnny Mathis,A2,G4,https://singingcarrots.com/artist-range?artist=Johnny%20Mathis
Set the Night to Music,Johnny Mathis,A#2,F4,https://singingcarrots.com/artist-range?artist=Johnny%20Mathis
The Best of Everything,Johnny Mathis,C3,D#4,https://singingcarrots.com/artist-range?artist=Johnny%20Mathis
The Twelfth of Never,Johnny Mathis,D3,E4,https://singingcarrots.com/artist-range?artist=Johnny%20Mathis
This Heart of Mine,Johnny Mathis,C3,D#4,https://singingcarrots.com/artist-range?artist=Johnny%20Mathis
Unbreak My Heart,Johnny Mathis,C3,G4,https://singingcarrots.com/artist-range?artist=Johnny%20Mathis
What Am I Here For,Johnny Mathis,C3,F#4,https://singingcarrots.com/artist-range?artist=Johnny%20Mathis
When a Child Is Born,Johnny Mathis,G2,D4,https://singingcarrots.com/artist-range?artist=Johnny%20Mathis
Without Us,Johnny Mathis,C3,E4,https://singingcarrots.com/artist-range?artist=Johnny%20Mathis
Without Us (Theme from Family Ties),Johnny Mathis,C3,E4,https://singingcarrots.com/artist-range?artist=Johnny%20Mathis
Wonderful! Wonderful!,Johnny Mathis,D3,F4,https://singingcarrots.com/artist-range?artist=Johnny%20Mathis
Bad Dreams,Joni Mitchell,D3,F#4,https://singingcarrots.com/artist-range?artist=Joni%20Mitchell
Court and Spark,Joni Mitchell,E3,G4,https://singingcarrots.com/artist-range?artist=Joni%20Mitchell
Down to You,Joni Mitchell,F3,B4,https://singingcarrots.com/artist-range?artist=Joni%20Mitchell
If,Joni Mitchell,C3,G4,https://singingcarrots.com/artist-range?artist=Joni%20Mitchell
If I Had a Heart,Joni Mitchell,D3,A4,https://singingcarrots.com/artist-range?artist=Joni%20Mitchell
Lead Balloon,Joni Mitchell,D#3,A#4,https://singingcarrots.com/artist-range?artist=Joni%20Mitchell
Love Puts on a New Face,Joni Mitchell,E3,A4,https://singingcarrots.com/artist-range?artist=Joni%20Mitchell
Night of the Iguana,Joni Mitchell,E3,A4,https://singingcarrots.com/artist-range?artist=Joni%20Mitchell
Rainy Night House,Joni Mitchell,F3,A4,https://singingcarrots.com/artist-range?artist=Joni%20Mitchell
Shine,Joni Mitchell,D3,F#4,https://singingcarrots.com/artist-range?artist=Joni%20Mitchell
Strong and Wrong,Joni Mitchell,E3,G4,https://singingcarrots.com/artist-range?artist=Joni%20Mitchell
Taming the Tiger,Joni Mitchell,E3,A4,https://singingcarrots.com/artist-range?artist=Joni%20Mitchell
The Crazy Cries of Love,Joni Mitchell,F3,G4,https://singingcarrots.com/artist-range?artist=Joni%20Mitchell
This Place,Joni Mitchell,D#3,G4,https://singingcarrots.com/artist-range?artist=Joni%20Mitchell
After All These Years,Journey,F2,A4,https://singingcarrots.com/artist-range?artist=Journey
Anytime,Journey,A2,B3,https://singingcarrots.com/artist-range?artist=Journey
Oh Sherrie,Journey,F2,C4,https://singingcarrots.com/artist-range?artist=Journey
Patiently,Journey,G2,C4,https://singingcarrots.com/artist-range?artist=Journey
Stone In Love,Journey,B2,C4,https://singingcarrots.com/artist-range?artist=Journey
When You Love a Woman,Journey,A2,B3,https://singingcarrots.com/artist-range?artist=Journey
Play the Game Tonight,Kansas,C3,A#4,https://singingcarrots.com/artist-range?artist=Kansas
The Wall,Kansas,D#3,A#4,https://singingcarrots.com/artist-range?artist=Kansas
A Bad Dream,Keane,F3,A#4,https://singingcarrots.com/artist-range?artist=Keane
Again and Again,Keane,D3,A#4,https://singingcarrots.com/artist-range?artist=Keane
Back In Time,Keane,D3,A4,https://singingcarrots.com/artist-range?artist=Keane
Bedshaped,Keane,E3,A4,https://singingcarrots.com/artist-range?artist=Keane
Black Burning Heart,Keane,B2,A4,https://singingcarrots.com/artist-range?artist=Keane
Broken Toy,Keane,D3,A4,https://singingcarrots.com/artist-range?artist=Keane
Can't Stop Now,Keane,F3,A4,https://singingcarrots.com/artist-range?artist=Keane
Crystal Ball,Keane,G#2,A#4,https://singingcarrots.com/artist-range?artist=Keane
Everybody's Changing,Keane,F3,A4,https://singingcarrots.com/artist-range?artist=Keane
Fly To Me,Keane,D3,A4,https://singingcarrots.com/artist-range?artist=Keane
Hamburg Song,Keane,D3,A4,https://singingcarrots.com/artist-range?artist=Keane
Is It Any Wonder?,Keane,D3,A4,https://singingcarrots.com/artist-range?artist=Keane
Ishin Denshin,Keane,C3,G4,https://singingcarrots.com/artist-range?artist=Keane
Looking Back,Keane,D3,A4,https://singingcarrots.com/artist-range?artist=Keane
Love Is the End,Keane,E3,B4,https://singingcarrots.com/artist-range?artist=Keane
Love Too Much,Keane,E3,G#4,https://singingcarrots.com/artist-range?artist=Keane
On a Day Like Today,Keane,E3,G4,https://singingcarrots.com/artist-range?artist=Keane
Perfect Symmetry,Keane,A#2,A#4,https://singingcarrots.com/artist-range?artist=Keane
Silenced By the Night,Keane,D#3,A#4,https://singingcarrots.com/artist-range?artist=Keane
Snowed Under,Keane,F3,A4,https://singingcarrots.com/artist-range?artist=Keane
Spiralling,Keane,B2,A4,https://singingcarrots.com/artist-range?artist=Keane
Stupid Things,Keane,C#3,G#4,https://singingcarrots.com/artist-range?artist=Keane
Sunshine,Keane,E3,A4,https://singingcarrots.com/artist-range?artist=Keane
The Frog Prince,Keane,E3,A4,https://singingcarrots.com/artist-range?artist=Keane
The Lovers Are Losing,Keane,D3,G4,https://singingcarrots.com/artist-range?artist=Keane
The Night Sky,Keane,E3,A4,https://singingcarrots.com/artist-range?artist=Keane
The Starting Line,Keane,C3,A4,https://singingcarrots.com/artist-range?artist=Keane
Untitled 1,Keane,D3,B4,https://singingcarrots.com/artist-range?artist=Keane
Untitled I,Keane,E3,A#4,https://singingcarrots.com/artist-range?artist=Keane
Walnut Tree,Keane,A#2,G#4,https://singingcarrots.com/artist-range?artist=Keane
Watch How You Go,Keane,B2,B4,https://singingcarrots.com/artist-range?artist=Keane
We Might As Well Be Strangers,Keane,D3,A4,https://singingcarrots.com/artist-range?artist=Keane
You Are Young,Keane,D3,A4,https://singingcarrots.com/artist-range?artist=Keane
Your Eyes Open,Keane,E3,A4,https://singingcarrots.com/artist-range?artist=Keane
Your Love,Keane,E3,A#4,https://singingcarrots.com/artist-range?artist=Keane
He Will Hold Me Fast,Keith & Kristyn Getty,G2,C4,https://singingcarrots.com/artist-range?artist=Keith%20%26%20Kristyn%20Getty
Living Waters,Keith & Kristyn Getty,G2,C4,https://singingcarrots.com/artist-range?artist=Keith%20%26%20Kristyn%20Getty
O Church Arise,Keith & Kristyn Getty,C3,G4,https://singingcarrots.com/artist-range?artist=Keith%20%26%20Kristyn%20Getty
The Power of the Cross,Keith & Kristyn Getty,C3,E4,https://singingcarrots.com/artist-range?artist=Keith%20%26%20Kristyn%20Getty
There Is an Everlasting Kindness,Keith & Kristyn Getty,A2,D#4,https://singingcarrots.com/artist-range?artist=Keith%20%26%20Kristyn%20Getty
There is a Higher Throne,Keith & Kristyn Getty,B2,B3,https://singingcarrots.com/artist-range?artist=Keith%20%26%20Kristyn%20Getty
All the Pretty Little Ponies,Kenny Loggins,C3,G4,https://singingcarrots.com/artist-range?artist=Kenny%20Loggins
Angels In the Snow,Kenny Loggins,G#2,B4,https://singingcarrots.com/artist-range?artist=Kenny%20Loggins
December,Kenny Loggins,G#2,F4,https://singingcarrots.com/artist-range?artist=Kenny%20Loggins
For the First Time,Kenny Loggins,D#3,A#4,https://singingcarrots.com/artist-range?artist=Kenny%20Loggins
I'm Free (Heaven Helps the Man),Kenny Loggins,C3,G#4,https://singingcarrots.com/artist-range?artist=Kenny%20Loggins
It Must Be Imagination,Kenny Loggins,A#2,D4,https://singingcarrots.com/artist-range?artist=Kenny%20Loggins
Keep the Fire,Kenny Loggins,B2,B4,https://singingcarrots.com/artist-range?artist=Kenny%20Loggins
On Christmas Morning,Kenny Loggins,C3,A4,https://singingcarrots.com/artist-range?artist=Kenny%20Loggins
Return to Pooh Corner,Kenny Loggins,E3,G4,https://singingcarrots.com/artist-range?artist=Kenny%20Loggins
The Bells of Christmas,Kenny Loggins,G2,A4,https://singingcarrots.com/artist-range?artist=Kenny%20Loggins
With This Ring,Kenny Loggins,D3,B4,https://singingcarrots.com/artist-range?artist=Kenny%20Loggins
'Til the Season Comes 'Round Again,Kenny Rogers,B2,E4,https://singingcarrots.com/artist-range?artist=Kenny%20Rogers
A Soldier's King,Kenny Rogers,A#2,F4,https://singingcarrots.com/artist-range?artist=Kenny%20Rogers
Buy Me a Rose,Kenny Rogers,A#2,F4,https://singingcarrots.com/artist-range?artist=Kenny%20Rogers
Christmas Everyday,Kenny Rogers,C3,G4,https://singingcarrots.com/artist-range?artist=Kenny%20Rogers
Christmas Is My Favorite Time of the Year,Kenny Rogers,G#2,D#4,https://singingcarrots.com/artist-range?artist=Kenny%20Rogers
I Can't Unlove You,Kenny Rogers,A#2,G4,https://singingcarrots.com/artist-range?artist=Kenny%20Rogers
I Trust You,Kenny Rogers,A2,D4,https://singingcarrots.com/artist-range?artist=Kenny%20Rogers
It's the Messiah,Kenny Rogers,A2,E4,https://singingcarrots.com/artist-range?artist=Kenny%20Rogers
Just Dropped In,Kenny Rogers,D3,F#4,https://singingcarrots.com/artist-range?artist=Kenny%20Rogers
Lady,Kenny Rogers,D3,F4,https://singingcarrots.com/artist-range?artist=Kenny%20Rogers
Lucille,Kenny Rogers,A2,A#3,https://singingcarrots.com/artist-range?artist=Kenny%20Rogers
"Mary, Did You Know?",Kenny Rogers,G2,F4,https://singingcarrots.com/artist-range?artist=Kenny%20Rogers
Pretty Little Baby Child,Kenny Rogers,A#2,D#4,https://singingcarrots.com/artist-range?artist=Kenny%20Rogers
Reuben James,Kenny Rogers,B2,D4,https://singingcarrots.com/artist-range?artist=Kenny%20Rogers
"Ruby, Don't Take Your Love to Town",Kenny Rogers,B2,C4,https://singingcarrots.com/artist-range?artist=Kenny%20Rogers
Share Your Love With Me,Kenny Rogers,C3,E4,https://singingcarrots.com/artist-range?artist=Kenny%20Rogers
She Believes in Me,Kenny Rogers,G2,G4,https://singingcarrots.com/artist-range?artist=Kenny%20Rogers
Someone Somewhere Tonight,Kenny Rogers,G2,D4,https://singingcarrots.com/artist-range?artist=Kenny%20Rogers
The Greatest Gift of All,Kenny Rogers,G2,G4,https://singingcarrots.com/artist-range?artist=Kenny%20Rogers
Through the Years,Kenny Rogers,A2,D#4,https://singingcarrots.com/artist-range?artist=Kenny%20Rogers
To Me,Kenny Rogers,A2,D4,https://singingcarrots.com/artist-range?artist=Kenny%20Rogers
What About Me,Kenny Rogers,B2,F4,https://singingcarrots.com/artist-range?artist=Kenny%20Rogers
You Can't Make Old Friends,Kenny Rogers,C3,D#4,https://singingcarrots.com/artist-range?artist=Kenny%20Rogers
You Decorated My Life,Kenny Rogers,D3,E4,https://singingcarrots.com/artist-range?artist=Kenny%20Rogers
Brand New Day,Kodaline,D#3,G4,https://singingcarrots.com/artist-range?artist=Kodaline
Brother,Kodaline,F3,A#4,https://singingcarrots.com/artist-range?artist=Kodaline
Follow Your Fire,Kodaline,A2,A4,https://singingcarrots.com/artist-range?artist=Kodaline
Shed a Tear,Kodaline,B2,B4,https://singingcarrots.com/artist-range?artist=Kodaline
For the Good Times,Kris Kristofferson,C3,D4,https://singingcarrots.com/artist-range?artist=Kris%20Kristofferson
Help Me Make It Through the Night,Kris Kristofferson,C3,G4,https://singingcarrots.com/artist-range?artist=Kris%20Kristofferson
Loving Her Was Easier (Than Anything I'll Ever Do Again),Kris Kristofferson,C3,D4,https://singingcarrots.com/artist-range?artist=Kris%20Kristofferson
Sunday Mornin' Comin' Down,Kris Kristofferson,E2,F#4,https://singingcarrots.com/artist-range?artist=Kris%20Kristofferson
The Silver Tongued Devil,Kris Kristofferson,B2,D4,https://singingcarrots.com/artist-range?artist=Kris%20Kristofferson
Why Me?,Kris Kristofferson,E2,E4,https://singingcarrots.com/artist-range?artist=Kris%20Kristofferson
Honky-Tonk Stardust Cowboy,Lefty Frizzell,C3,E4,https://singingcarrots.com/artist-range?artist=Lefty%20Frizzell
Look What Thoughts Will Do,Lefty Frizzell,G2,D4,https://singingcarrots.com/artist-range?artist=Lefty%20Frizzell
Mom and Dad's Waltz,Lefty Frizzell,G2,E4,https://singingcarrots.com/artist-range?artist=Lefty%20Frizzell
Mom and Dad's Waltz,Lefty Frizzell,G2,E4,https://singingcarrots.com/artist-range?artist=Lefty%20Frizzell
"Saginaw, Michigan",Lefty Frizzell,B2,D4,https://singingcarrots.com/artist-range?artist=Lefty%20Frizzell
That's the Way Love Goes,Lefty Frizzell,G#2,A#3,https://singingcarrots.com/artist-range?artist=Lefty%20Frizzell
The Long Black Veil,Lefty Frizzell,C3,C4,https://singingcarrots.com/artist-range?artist=Lefty%20Frizzell
A Long and Sad Goodbye,Lenny Kravitz,E3,A4,https://singingcarrots.com/artist-range?artist=Lenny%20Kravitz
Again,Lenny Kravitz,E3,A4,https://singingcarrots.com/artist-range?artist=Lenny%20Kravitz
Always on the Run,Lenny Kravitz,B2,E4,https://singingcarrots.com/artist-range?artist=Lenny%20Kravitz
Black Velveteen,Lenny Kravitz,A#2,A4,https://singingcarrots.com/artist-range?artist=Lenny%20Kravitz
Can't Get You Off My Mind,Lenny Kravitz,D3,A#4,https://singingcarrots.com/artist-range?artist=Lenny%20Kravitz
I Belong To You,Lenny Kravitz,D3,D#4,https://singingcarrots.com/artist-range?artist=Lenny%20Kravitz
I'll Be Waiting,Lenny Kravitz,F3,A#4,https://singingcarrots.com/artist-range?artist=Lenny%20Kravitz
If You Can't Say No,Lenny Kravitz,A2,B4,https://singingcarrots.com/artist-range?artist=Lenny%20Kravitz
(No) Diamonds In the Mine,Leonard Cohen,C3,B3,https://singingcarrots.com/artist-range?artist=Leonard%20Cohen
A Bunch of Lonesome Heroes,Leonard Cohen,G#2,E4,https://singingcarrots.com/artist-range?artist=Leonard%20Cohen
A Singer Must Die,Leonard Cohen,E3,F4,https://singingcarrots.com/artist-range?artist=Leonard%20Cohen
A Thousand Kisses Deep,Leonard Cohen,A2,A#3,https://singingcarrots.com/artist-range?artist=Leonard%20Cohen
Ain't No Cure for Love,Leonard Cohen,C3,E4,https://singingcarrots.com/artist-range?artist=Leonard%20Cohen
Alexandra Leaving,Leonard Cohen,C3,D4,https://singingcarrots.com/artist-range?artist=Leonard%20Cohen
Almost Like the Blues,Leonard Cohen,D3,G4,https://singingcarrots.com/artist-range?artist=Leonard%20Cohen
Anthem,Leonard Cohen,A2,D4,https://singingcarrots.com/artist-range?artist=Leonard%20Cohen
Avalanche,Leonard Cohen,D#3,C#4,https://singingcarrots.com/artist-range?artist=Leonard%20Cohen
Born in Chains,Leonard Cohen,E2,D4,https://singingcarrots.com/artist-range?artist=Leonard%20Cohen
Came So Far for Beauty,Leonard Cohen,A#2,A#3,https://singingcarrots.com/artist-range?artist=Leonard%20Cohen
Chelsea Hotel #2,Leonard Cohen,F3,F4,https://singingcarrots.com/artist-range?artist=Leonard%20Cohen
Closing Time,Leonard Cohen,D3,F#4,https://singingcarrots.com/artist-range?artist=Leonard%20Cohen
Dance Me to the End of Love,Leonard Cohen,D3,D4,https://singingcarrots.com/artist-range?artist=Leonard%20Cohen
Democracy,Leonard Cohen,C3,C4,https://singingcarrots.com/artist-range?artist=Leonard%20Cohen
Did I Ever Love You,Leonard Cohen,A#2,A#3,https://singingcarrots.com/artist-range?artist=Leonard%20Cohen
Dress Rehearsal Rag,Leonard Cohen,G2,G#3,https://singingcarrots.com/artist-range?artist=Leonard%20Cohen
Everybody Knows,Leonard Cohen,A#2,C4,https://singingcarrots.com/artist-range?artist=Leonard%20Cohen
Famous Blue Raincoat,Leonard Cohen,G2,G3,https://singingcarrots.com/artist-range?artist=Leonard%20Cohen
First We Take Manhattan,Leonard Cohen,A2,G4,https://singingcarrots.com/artist-range?artist=Leonard%20Cohen
Hallelujah,Leonard Cohen,C2,A3,https://singingcarrots.com/artist-range?artist=Leonard%20Cohen
Hallelujah (Live Version),Leonard Cohen,F2,C4,https://singingcarrots.com/artist-range?artist=Leonard%20Cohen
Heart With No Companion,Leonard Cohen,E2,E3,https://singingcarrots.com/artist-range?artist=Leonard%20Cohen
Here It Is,Leonard Cohen,A#2,A#3,https://singingcarrots.com/artist-range?artist=Leonard%20Cohen
"Hey, That's No Way to Say Goodbye",Leonard Cohen,C3,A#3,https://singingcarrots.com/artist-range?artist=Leonard%20Cohen
Humbled In Love,Leonard Cohen,E2,G3,https://singingcarrots.com/artist-range?artist=Leonard%20Cohen
I'm Your Man,Leonard Cohen,G2,C4,https://singingcarrots.com/artist-range?artist=Leonard%20Cohen
If It Be Your Will,Leonard Cohen,B2,F4,https://singingcarrots.com/artist-range?artist=Leonard%20Cohen
Is This What You Wanted,Leonard Cohen,A2,E4,https://singingcarrots.com/artist-range?artist=Leonard%20Cohen
Jazz Police,Leonard Cohen,D3,G4,https://singingcarrots.com/artist-range?artist=Leonard%20Cohen
Joan of Arc,Leonard Cohen,C#3,E4,https://singingcarrots.com/artist-range?artist=Leonard%20Cohen
Lady Midnight,Leonard Cohen,F3,F4,https://singingcarrots.com/artist-range?artist=Leonard%20Cohen
Love Calls You By Your Name,Leonard Cohen,F3,D4,https://singingcarrots.com/artist-range?artist=Leonard%20Cohen
Lover Lover Lover,Leonard Cohen,D3,C4,https://singingcarrots.com/artist-range?artist=Leonard%20Cohen
My Oh My,Leonard Cohen,E3,E4,https://singingcarrots.com/artist-range?artist=Leonard%20Cohen
One of Us Cannot Be Wrong,Leonard Cohen,G2,C4,https://singingcarrots.com/artist-range?artist=Leonard%20Cohen
Samson in New Orleans,Leonard Cohen,C#3,G#4,https://singingcarrots.com/artist-range?artist=Leonard%20Cohen
"Seems So Long Ago, Nancy",Leonard Cohen,A2,C#4,https://singingcarrots.com/artist-range?artist=Leonard%20Cohen
"Sing Another Song, Boys",Leonard Cohen,C3,F4,https://singingcarrots.com/artist-range?artist=Leonard%20Cohen
Slow,Leonard Cohen,D3,A#3,https://singingcarrots.com/artist-range?artist=Leonard%20Cohen
Story of Isaac,Leonard Cohen,G2,G3,https://singingcarrots.com/artist-range?artist=Leonard%20Cohen
Take This Longing,Leonard Cohen,D3,D4,https://singingcarrots.com/artist-range?artist=Leonard%20Cohen
Take This Waltz,Leonard Cohen,B2,F#4,https://singingcarrots.com/artist-range?artist=Leonard%20Cohen
The Future,Leonard Cohen,G2,C4,https://singingcarrots.com/artist-range?artist=Leonard%20Cohen
The Guests,Leonard Cohen,B2,G#3,https://singingcarrots.com/artist-range?artist=Leonard%20Cohen
The Gypsy's Wife,Leonard Cohen,B2,A3,https://singingcarrots.com/artist-range?artist=Leonard%20Cohen
The Smokey Life,Leonard Cohen,A2,C4,https://singingcarrots.com/artist-range?artist=Leonard%20Cohen
The Traitor,Leonard Cohen,D3,B3,https://singingcarrots.com/artist-range?artist=Leonard%20Cohen
The Window,Leonard Cohen,C3,C4,https://singingcarrots.com/artist-range?artist=Leonard%20Cohen
There Is a War,Leonard Cohen,B2,B3,https://singingcarrots.com/artist-range?artist=Leonard%20Cohen
Tower of Song,Leonard Cohen,C3,D4,https://singingcarrots.com/artist-range?artist=Leonard%20Cohen
Waiting for the Miracle,Leonard Cohen,A2,C#4,https://singingcarrots.com/artist-range?artist=Leonard%20Cohen
Who By Fire,Leonard Cohen,E3,E4,https://singingcarrots.com/artist-range?artist=Leonard%20Cohen
Why Don't You Try,Leonard Cohen,A2,D4,https://singingcarrots.com/artist-range?artist=Leonard%20Cohen
Winter Lady,Leonard Cohen,A2,A3,https://singingcarrots.com/artist-range?artist=Leonard%20Cohen
You Got Me Singing,Leonard Cohen,F2,G3,https://singingcarrots.com/artist-range?artist=Leonard%20Cohen
You Know Who I Am,Leonard Cohen,D3,C4,https://singingcarrots.com/artist-range?artist=Leonard%20Cohen
A Reason for the Season,Lonestar,E3,A4,https://singingcarrots.com/artist-range?artist=Lonestar
I'm Already There,Lonestar,F3,A#4,https://singingcarrots.com/artist-range?artist=Lonestar
Let's Be Us Again,Lonestar,C3,A4,https://singingcarrots.com/artist-range?artist=Lonestar
Mountains,Lonestar,A#2,G4,https://singingcarrots.com/artist-range?artist=Lonestar
Mr. Mom,Lonestar,F3,G4,https://singingcarrots.com/artist-range?artist=Lonestar
My Front Porch Looking In,Lonestar,A#2,A4,https://singingcarrots.com/artist-range?artist=Lonestar
Reason for the Season,Lonestar,B2,F4,https://singingcarrots.com/artist-range?artist=Lonestar
You're Like Comin' Home,Lonestar,D3,B4,https://singingcarrots.com/artist-range?artist=Lonestar
'Zat You Santa Claus?,Louis Armstrong,C3,D#4,https://singingcarrots.com/artist-range?artist=Louis%20Armstrong
A Kiss to Build a Dream On,Louis Armstrong,C3,E4,https://singingcarrots.com/artist-range?artist=Louis%20Armstrong
Ain't Misbehavin',Louis Armstrong,A2,F#4,https://singingcarrots.com/artist-range?artist=Louis%20Armstrong
Basin Street Blues,Louis Armstrong,A2,F4,https://singingcarrots.com/artist-range?artist=Louis%20Armstrong
Because of You,Louis Armstrong,C3,D#4,https://singingcarrots.com/artist-range?artist=Louis%20Armstrong
Cabaret,Louis Armstrong,A#2,F4,https://singingcarrots.com/artist-range?artist=Louis%20Armstrong
Cool Yule,Louis Armstrong,C3,F4,https://singingcarrots.com/artist-range?artist=Louis%20Armstrong
Do You Know What It Means to Miss New Orleans,Louis Armstrong,B2,E4,https://singingcarrots.com/artist-range?artist=Louis%20Armstrong
Dream a Little Dream of Me,Louis Armstrong,G2,E4,https://singingcarrots.com/artist-range?artist=Louis%20Armstrong
Georgia on My Mind,Louis Armstrong,A#2,E4,https://singingcarrots.com/artist-range?artist=Louis%20Armstrong
Gully Low Blues,Louis Armstrong,D#3,D#4,https://singingcarrots.com/artist-range?artist=Louis%20Armstrong
Hello Dolly,Louis Armstrong,A#2,F4,https://singingcarrots.com/artist-range?artist=Louis%20Armstrong
Home (When Shadows Fall),Louis Armstrong,B2,D4,https://singingcarrots.com/artist-range?artist=Louis%20Armstrong
How High the Moon,Louis Armstrong,C3,D4,https://singingcarrots.com/artist-range?artist=Louis%20Armstrong
Just a Gigolo,Louis Armstrong,D3,D4,https://singingcarrots.com/artist-range?artist=Louis%20Armstrong
Let's Call the Whole Thing Off,Louis Armstrong,D3,E4,https://singingcarrots.com/artist-range?artist=Louis%20Armstrong
Mack the Knife,Louis Armstrong,C3,E4,https://singingcarrots.com/artist-range?artist=Louis%20Armstrong
Makin' Whoopee!,Louis Armstrong,A#2,D#4,https://singingcarrots.com/artist-range?artist=Louis%20Armstrong
Muskrat Ramble,Louis Armstrong,C3,D#4,https://singingcarrots.com/artist-range?artist=Louis%20Armstrong
On the Sunny Side of the Street,Louis Armstrong,C3,D4,https://singingcarrots.com/artist-range?artist=Louis%20Armstrong
Struttin' with Some Barbecue,Louis Armstrong,C3,D#4,https://singingcarrots.com/artist-range?artist=Louis%20Armstrong
Sweet Sue - Just You,Louis Armstrong,D3,D4,https://singingcarrots.com/artist-range?artist=Louis%20Armstrong
The Dummy Song,Louis Armstrong,C3,D4,https://singingcarrots.com/artist-range?artist=Louis%20Armstrong
The Song Is Ended (But the Melody Lingers on),Louis Armstrong,D3,D#4,https://singingcarrots.com/artist-range?artist=Louis%20Armstrong
When It's Sleepy Time Down South,Louis Armstrong,C3,G4,https://singingcarrots.com/artist-range?artist=Louis%20Armstrong
Zip-a-Dee-Doo-Dah,Louis Armstrong,A#2,F4,https://singingcarrots.com/artist-range?artist=Louis%20Armstrong
Any Love,Luther Vandross,E3,B4,https://singingcarrots.com/artist-range?artist=Luther%20Vandross
Don't Want To Be a Fool,Luther Vandross,D3,B4,https://singingcarrots.com/artist-range?artist=Luther%20Vandross
Give Me the Reason,Luther Vandross,D#3,A#4,https://singingcarrots.com/artist-range?artist=Luther%20Vandross
So Amazing,Luther Vandross,F3,G4,https://singingcarrots.com/artist-range?artist=Luther%20Vandross
Superstar,Luther Vandross,D3,A4,https://singingcarrots.com/artist-range?artist=Luther%20Vandross
Take You Out,Luther Vandross,A#2,A#4,https://singingcarrots.com/artist-range?artist=Luther%20Vandross
Ain't No Good Life,Lynyrd Skynyrd,A2,B4,https://singingcarrots.com/artist-range?artist=Lynyrd%20Skynyrd
All I Can Do Is Write About It (Acoustic Version),Lynyrd Skynyrd,D3,E4,https://singingcarrots.com/artist-range?artist=Lynyrd%20Skynyrd
"Blue Yodel (""T"" for Texas)",Lynyrd Skynyrd,D3,D#4,https://singingcarrots.com/artist-range?artist=Lynyrd%20Skynyrd
Don't Ask Me No Questions,Lynyrd Skynyrd,D3,G4,https://singingcarrots.com/artist-range?artist=Lynyrd%20Skynyrd
Double Trouble,Lynyrd Skynyrd,A#2,G#4,https://singingcarrots.com/artist-range?artist=Lynyrd%20Skynyrd
Free Bird (Live),Lynyrd Skynyrd,C3,F4,https://singingcarrots.com/artist-range?artist=Lynyrd%20Skynyrd
Gimme Back My Bullets,Lynyrd Skynyrd,D3,F4,https://singingcarrots.com/artist-range?artist=Lynyrd%20Skynyrd
Honky Tonk Night Time Man,Lynyrd Skynyrd,G2,G4,https://singingcarrots.com/artist-range?artist=Lynyrd%20Skynyrd
I Know a Little,Lynyrd Skynyrd,A2,G#4,https://singingcarrots.com/artist-range?artist=Lynyrd%20Skynyrd
Saturday Night Special,Lynyrd Skynyrd,D3,D4,https://singingcarrots.com/artist-range?artist=Lynyrd%20Skynyrd
That Smell,Lynyrd Skynyrd,F2,A4,https://singingcarrots.com/artist-range?artist=Lynyrd%20Skynyrd
The Ballad of Curtis Loew,Lynyrd Skynyrd,C3,A4,https://singingcarrots.com/artist-range?artist=Lynyrd%20Skynyrd
The Needle and the Spoon,Lynyrd Skynyrd,D3,A4,https://singingcarrots.com/artist-range?artist=Lynyrd%20Skynyrd
Travellin' Man,Lynyrd Skynyrd,D3,A4,https://singingcarrots.com/artist-range?artist=Lynyrd%20Skynyrd
Tuesday's Gone,Lynyrd Skynyrd,E3,F#4,https://singingcarrots.com/artist-range?artist=Lynyrd%20Skynyrd
Whiskey Rock-a-Roller,Lynyrd Skynyrd,D3,F4,https://singingcarrots.com/artist-range?artist=Lynyrd%20Skynyrd
Working for MCA,Lynyrd Skynyrd,F3,B4,https://singingcarrots.com/artist-range?artist=Lynyrd%20Skynyrd
A Little Gossip,Man of La Mancha,C3,F4,https://singingcarrots.com/artist-range?artist=Man%20of%20La%20Mancha
Aldonza,Man of La Mancha,G#2,E4,https://singingcarrots.com/artist-range?artist=Man%20of%20La%20Mancha
Dulcinea,Man of La Mancha,B2,E4,https://singingcarrots.com/artist-range?artist=Man%20of%20La%20Mancha
Knight of the Woeful Countenance (The Dubbing),Man of La Mancha,C3,D4,https://singingcarrots.com/artist-range?artist=Man%20of%20La%20Mancha
"Man of La Mancha (I, Don Quixote)",Man of La Mancha,A#2,D4,https://singingcarrots.com/artist-range?artist=Man%20of%20La%20Mancha
"Man of La Mancha (I, Don Quixote) [Excerpt]",Man of La Mancha,C3,E4,https://singingcarrots.com/artist-range?artist=Man%20of%20La%20Mancha
The Impossible Dream (The Quest),Man of La Mancha,C3,D#4,https://singingcarrots.com/artist-range?artist=Man%20of%20La%20Mancha
The Impossible Dream (The Quest) [Excerpt],Man of La Mancha,D3,D#4,https://singingcarrots.com/artist-range?artist=Man%20of%20La%20Mancha
To Each His Dulcinea [Excerpt],Man of La Mancha,C3,F4,https://singingcarrots.com/artist-range?artist=Man%20of%20La%20Mancha
What Does He Want of Me,Man of La Mancha,D3,F4,https://singingcarrots.com/artist-range?artist=Man%20of%20La%20Mancha
Best 4 U,Maroon 5,G2,A4,https://singingcarrots.com/artist-range?artist=Maroon%205
Bet My Heart,Maroon 5,G#2,G#4,https://singingcarrots.com/artist-range?artist=Maroon%205
Come Away To the Water,Maroon 5,G2,E4,https://singingcarrots.com/artist-range?artist=Maroon%205
Coming Back for You,Maroon 5,E3,B4,https://singingcarrots.com/artist-range?artist=Maroon%205
Fortune Teller,Maroon 5,E3,A4,https://singingcarrots.com/artist-range?artist=Maroon%205
Girls Like You,Maroon 5,C3,A4,https://singingcarrots.com/artist-range?artist=Maroon%205
Goodnight Goodnight,Maroon 5,E3,A4,https://singingcarrots.com/artist-range?artist=Maroon%205
Hands All Over,Maroon 5,D#3,G4,https://singingcarrots.com/artist-range?artist=Maroon%205
If I Fell,Maroon 5,A#2,A4,https://singingcarrots.com/artist-range?artist=Maroon%205
Kiwi,Maroon 5,B2,B4,https://singingcarrots.com/artist-range?artist=Maroon%205
Little of Your Time,Maroon 5,A2,A#4,https://singingcarrots.com/artist-range?artist=Maroon%205
Memories,Maroon 5,E3,A4,https://singingcarrots.com/artist-range?artist=Maroon%205
Moves Like Jagger,Maroon 5,E3,B4,https://singingcarrots.com/artist-range?artist=Maroon%205
My Heart Is Open,Maroon 5,F2,C#4,https://singingcarrots.com/artist-range?artist=Maroon%205
Not Coming Home,Maroon 5,C#3,B4,https://singingcarrots.com/artist-range?artist=Maroon%205
Plastic Rose,Maroon 5,B2,B4,https://singingcarrots.com/artist-range?artist=Maroon%205
Sad,Maroon 5,D3,G4,https://singingcarrots.com/artist-range?artist=Maroon%205
Sex and Candy,Maroon 5,E3,A4,https://singingcarrots.com/artist-range?artist=Maroon%205
Tangled,Maroon 5,E3,A4,https://singingcarrots.com/artist-range?artist=Maroon%205
The Sun,Maroon 5,E3,A4,https://singingcarrots.com/artist-range?artist=Maroon%205
This Summer's Gonna Hurt Like a Motherf***er,Maroon 5,G2,E4,https://singingcarrots.com/artist-range?artist=Maroon%205
Unkiss Me,Maroon 5,G2,A4,https://singingcarrots.com/artist-range?artist=Maroon%205
Visions,Maroon 5,D3,F4,https://singingcarrots.com/artist-range?artist=Maroon%205
A White Sport Coat (and a Pink Carnation),Marty Robbins,C3,C4,https://singingcarrots.com/artist-range?artist=Marty%20Robbins
Ballad of the Alamo,Marty Robbins,B2,E4,https://singingcarrots.com/artist-range?artist=Marty%20Robbins
Begging To You,Marty Robbins,C3,F4,https://singingcarrots.com/artist-range?artist=Marty%20Robbins
Camelia,Marty Robbins,C3,F4,https://singingcarrots.com/artist-range?artist=Marty%20Robbins
Don't Worry,Marty Robbins,B2,C4,https://singingcarrots.com/artist-range?artist=Marty%20Robbins
Good Night Cincinnati ( And Good Morning Tennessee ),Marty Robbins,F3,D4,https://singingcarrots.com/artist-range?artist=Marty%20Robbins
It's Your World,Marty Robbins,E3,F4,https://singingcarrots.com/artist-range?artist=Marty%20Robbins
My Woman My Woman My Wife,Marty Robbins,E3,E4,https://singingcarrots.com/artist-range?artist=Marty%20Robbins
Singing the Blues,Marty Robbins,A2,C4,https://singingcarrots.com/artist-range?artist=Marty%20Robbins
Strawberry Roan,Marty Robbins,B2,C4,https://singingcarrots.com/artist-range?artist=Marty%20Robbins
The Cowboy In the Continental Suit,Marty Robbins,G#2,D#4,https://singingcarrots.com/artist-range?artist=Marty%20Robbins
The Story of My Life,Marty Robbins,C3,E4,https://singingcarrots.com/artist-range?artist=Marty%20Robbins
Tonight Carmen,Marty Robbins,C3,G4,https://singingcarrots.com/artist-range?artist=Marty%20Robbins
Ain't No Mountain High Enough,Marvin Gaye,B2,D#4,https://singingcarrots.com/artist-range?artist=Marvin%20Gaye
Ain't Nothing Like the Real Thing,Marvin Gaye,A#2,C4,https://singingcarrots.com/artist-range?artist=Marvin%20Gaye
Got To Give It Up,Marvin Gaye,A2,E4,https://singingcarrots.com/artist-range?artist=Marvin%20Gaye
How Sweet It Is (To Be Loved by You),Marvin Gaye,D3,E4,https://singingcarrots.com/artist-range?artist=Marvin%20Gaye
Inner City Blues (Make Me Wanna Holler),Marvin Gaye,A2,D4,https://singingcarrots.com/artist-range?artist=Marvin%20Gaye
"Mercy, Mercy Me",Marvin Gaye,C#3,G#4,https://singingcarrots.com/artist-range?artist=Marvin%20Gaye
Pride and Joy,Marvin Gaye,A#2,A#4,https://singingcarrots.com/artist-range?artist=Marvin%20Gaye
Stubborn Kind of Fellow,Marvin Gaye,D3,A4,https://singingcarrots.com/artist-range?artist=Marvin%20Gaye
Try It Baby,Marvin Gaye,F3,A4,https://singingcarrots.com/artist-range?artist=Marvin%20Gaye
Your Precious Love,Marvin Gaye,D3,B4,https://singingcarrots.com/artist-range?artist=Marvin%20Gaye
Ain't Nothing Like the Real Thing,Marvin Gaye & Tammi Terrell,A#2,C4,https://singingcarrots.com/artist-range?artist=Marvin%20Gaye
Got To Give It Up,Marvin Gaye & Tammi Terrell,A2,E4,https://singingcarrots.com/artist-range?artist=Marvin%20Gaye
How Sweet It Is (To Be Loved by You),Marvin Gaye & Tammi Terrell,D3,E4,https://singingcarrots.com/artist-range?artist=Marvin%20Gaye
Inner City Blues (Make Me Wanna Holler),Marvin Gaye & Tammi Terrell,A2,D4,https://singingcarrots.com/artist-range?artist=Marvin%20Gaye
Let's Get It On,Marvin Gaye & Tammi Terrell,A#2,D#4,https://singingcarrots.com/artist-range?artist=Marvin%20Gaye
"Mercy, Mercy Me",Marvin Gaye & Tammi Terrell,C#3,G#4,https://singingcarrots.com/artist-range?artist=Marvin%20Gaye
Pride and Joy,Marvin Gaye & Tammi Terrell,A#2,A#4,https://singingcarrots.com/artist-range?artist=Marvin%20Gaye
Sexual Healing,Marvin Gaye & Tammi Terrell,E3,A4,https://singingcarrots.com/artist-range?artist=Marvin%20Gaye
Stubborn Kind of Fellow,Marvin Gaye & Tammi Terrell,D3,A4,https://singingcarrots.com/artist-range?artist=Marvin%20Gaye
Try It Baby,Marvin Gaye & Tammi Terrell,F3,A4,https://singingcarrots.com/artist-range?artist=Marvin%20Gaye
What's Going On,Marvin Gaye & Tammi Terrell,E3,B4,https://singingcarrots.com/artist-range?artist=Marvin%20Gaye
Your Precious Love,Marvin Gaye & Tammi Terrell,D3,B4,https://singingcarrots.com/artist-range?artist=Marvin%20Gaye
3 AM,Matchbox Twenty,D#3,F4,https://singingcarrots.com/artist-range?artist=Matchbox%20Twenty
Angry,Matchbox Twenty,F#2,E4,https://singingcarrots.com/artist-range?artist=Matchbox%20Twenty
Argue,Matchbox Twenty,C3,A4,https://singingcarrots.com/artist-range?artist=Matchbox%20Twenty
Back 2 Good,Matchbox Twenty,A2,F#4,https://singingcarrots.com/artist-range?artist=Matchbox%20Twenty
Bed of Lies,Matchbox Twenty,A2,A4,https://singingcarrots.com/artist-range?artist=Matchbox%20Twenty
Bent,Matchbox Twenty,A2,A4,https://singingcarrots.com/artist-range?artist=Matchbox%20Twenty
Bright Lights,Matchbox Twenty,G#2,A4,https://singingcarrots.com/artist-range?artist=Matchbox%20Twenty
Busted,Matchbox Twenty,B2,A4,https://singingcarrots.com/artist-range?artist=Matchbox%20Twenty
Crutch,Matchbox Twenty,C3,A#4,https://singingcarrots.com/artist-range?artist=Matchbox%20Twenty
Damn,Matchbox Twenty,C3,G4,https://singingcarrots.com/artist-range?artist=Matchbox%20Twenty
Downfall,Matchbox Twenty,D3,G4,https://singingcarrots.com/artist-range?artist=Matchbox%20Twenty
Girl Like That,Matchbox Twenty,A2,A4,https://singingcarrots.com/artist-range?artist=Matchbox%20Twenty
Hand Me Down,Matchbox Twenty,D3,A4,https://singingcarrots.com/artist-range?artist=Matchbox%20Twenty
Hang,Matchbox Twenty,B2,G4,https://singingcarrots.com/artist-range?artist=Matchbox%20Twenty
How Far We've Come,Matchbox Twenty,C3,G4,https://singingcarrots.com/artist-range?artist=Matchbox%20Twenty
I Can't Let You Go,Matchbox Twenty,D3,G4,https://singingcarrots.com/artist-range?artist=Matchbox%20Twenty
If You're Gone,Matchbox Twenty,A2,E4,https://singingcarrots.com/artist-range?artist=Matchbox%20Twenty
Kody,Matchbox Twenty,C3,F4,https://singingcarrots.com/artist-range?artist=Matchbox%20Twenty
Long Day,Matchbox Twenty,C3,F4,https://singingcarrots.com/artist-range?artist=Matchbox%20Twenty
Push,Matchbox Twenty,D3,G4,https://singingcarrots.com/artist-range?artist=Matchbox%20Twenty
Real World,Matchbox Twenty,A#2,A#4,https://singingcarrots.com/artist-range?artist=Matchbox%20Twenty
Rest Stop,Matchbox Twenty,A2,G4,https://singingcarrots.com/artist-range?artist=Matchbox%20Twenty
Shame,Matchbox Twenty,B2,F#4,https://singingcarrots.com/artist-range?artist=Matchbox%20Twenty
She's So Mean,Matchbox Twenty,C3,A4,https://singingcarrots.com/artist-range?artist=Matchbox%20Twenty
Stop,Matchbox Twenty,A2,B4,https://singingcarrots.com/artist-range?artist=Matchbox%20Twenty
The Burn,Matchbox Twenty,A2,B4,https://singingcarrots.com/artist-range?artist=Matchbox%20Twenty
These Hard Times,Matchbox Twenty,A2,G4,https://singingcarrots.com/artist-range?artist=Matchbox%20Twenty
You Won't Be Mine,Matchbox Twenty,G2,D4,https://singingcarrots.com/artist-range?artist=Matchbox%20Twenty
You're So Real,Matchbox Twenty,C#3,A#4,https://singingcarrots.com/artist-range?artist=Matchbox%20Twenty
Alive Again,Matt Maher,A2,G4,https://singingcarrots.com/artist-range?artist=Matt%20Maher
All the People Said Amen,Matt Maher,E3,G4,https://singingcarrots.com/artist-range?artist=Matt%20Maher
Alleluia,Matt Maher,F3,D4,https://singingcarrots.com/artist-range?artist=Matt%20Maher
Because He Lives (Amen),Matt Maher,C3,F4,https://singingcarrots.com/artist-range?artist=Matt%20Maher
Behold the Lamb of God,Matt Maher,C#3,F4,https://singingcarrots.com/artist-range?artist=Matt%20Maher
Born on That Day,Matt Maher,D3,E4,https://singingcarrots.com/artist-range?artist=Matt%20Maher
Canticle of Zechariah,Matt Maher,D#2,F4,https://singingcarrots.com/artist-range?artist=Matt%20Maher
Christ Is Risen,Matt Maher,D3,E4,https://singingcarrots.com/artist-range?artist=Matt%20Maher
Come to the Water,Matt Maher,A#2,D#4,https://singingcarrots.com/artist-range?artist=Matt%20Maher
Deliverer,Matt Maher,D#3,F#4,https://singingcarrots.com/artist-range?artist=Matt%20Maher
Divine Mercy Chaplet,Matt Maher,F#2,F#4,https://singingcarrots.com/artist-range?artist=Matt%20Maher
Empty and Beautiful,Matt Maher,D#3,F#4,https://singingcarrots.com/artist-range?artist=Matt%20Maher
Flesh and Bone,Matt Maher,F2,G4,https://singingcarrots.com/artist-range?artist=Matt%20Maher
For Your Glory,Matt Maher,D#3,E4,https://singingcarrots.com/artist-range?artist=Matt%20Maher
Garden,Matt Maher,B2,F#4,https://singingcarrots.com/artist-range?artist=Matt%20Maher
Glory (Let There Be Peace),Matt Maher,D#3,F#4,https://singingcarrots.com/artist-range?artist=Matt%20Maher
Great Things,Matt Maher,D3,E4,https://singingcarrots.com/artist-range?artist=Matt%20Maher
Here and Now,Matt Maher,G#2,F4,https://singingcarrots.com/artist-range?artist=Matt%20Maher
Hold Us Together,Matt Maher,G2,G4,https://singingcarrots.com/artist-range?artist=Matt%20Maher
"Holy, Holy, Holy",Matt Maher,F3,D4,https://singingcarrots.com/artist-range?artist=Matt%20Maher
"Holy, Holy, Holy (God With Us)",Matt Maher,C#3,F#4,https://singingcarrots.com/artist-range?artist=Matt%20Maher
Hope for Everyone,Matt Maher,G#2,A#4,https://singingcarrots.com/artist-range?artist=Matt%20Maher
I Rejoice,Matt Maher,D3,E4,https://singingcarrots.com/artist-range?artist=Matt%20Maher
I'll Leave a Light on,Matt Maher,E3,G4,https://singingcarrots.com/artist-range?artist=Matt%20Maher
Kyrie,Matt Maher,E3,D4,https://singingcarrots.com/artist-range?artist=Matt%20Maher
Lamb of God,Matt Maher,E3,D4,https://singingcarrots.com/artist-range?artist=Matt%20Maher
Lay It Down,Matt Maher,A#2,F#4,https://singingcarrots.com/artist-range?artist=Matt%20Maher
Leave a Light On,Matt Maher,C3,G4,https://singingcarrots.com/artist-range?artist=Matt%20Maher
Letting Go,Matt Maher,E2,D4,https://singingcarrots.com/artist-range?artist=Matt%20Maher
Look Like a Fool,Matt Maher,F3,F4,https://singingcarrots.com/artist-range?artist=Matt%20Maher
"Lord, I Need You",Matt Maher,A#2,F4,https://singingcarrots.com/artist-range?artist=Matt%20Maher
Love Comes Down,Matt Maher,C3,F4,https://singingcarrots.com/artist-range?artist=Matt%20Maher
Maranatha (Come Again),Matt Maher,E3,G4,https://singingcarrots.com/artist-range?artist=Matt%20Maher
Memorial Acclamation,Matt Maher,D3,A#3,https://singingcarrots.com/artist-range?artist=Matt%20Maher
No Greater Love,Matt Maher,F3,G4,https://singingcarrots.com/artist-range?artist=Matt%20Maher
Overflow,Matt Maher,C3,F4,https://singingcarrots.com/artist-range?artist=Matt%20Maher
Remembrance (Communion Song),Matt Maher,B2,F#4,https://singingcarrots.com/artist-range?artist=Matt%20Maher
Resurrection Day,Matt Maher,A2,A4,https://singingcarrots.com/artist-range?artist=Matt%20Maher
Rise Up,Matt Maher,G#2,F#4,https://singingcarrots.com/artist-range?artist=Matt%20Maher
Set Me As a Seal,Matt Maher,B2,D4,https://singingcarrots.com/artist-range?artist=Matt%20Maher
Shine Like the Son,Matt Maher,A2,G4,https://singingcarrots.com/artist-range?artist=Matt%20Maher
Shout of the King,Matt Maher,C#3,F#4,https://singingcarrots.com/artist-range?artist=Matt%20Maher
Sing Over Your Children,Matt Maher,B2,G4,https://singingcarrots.com/artist-range?artist=Matt%20Maher
The Rivers of Babylon,Matt Maher,E3,G#4,https://singingcarrots.com/artist-range?artist=Matt%20Maher
Turn Around,Matt Maher,B2,G4,https://singingcarrots.com/artist-range?artist=Matt%20Maher
Unwavering,Matt Maher,B2,E4,https://singingcarrots.com/artist-range?artist=Matt%20Maher
What a Friend,Matt Maher,B2,G#4,https://singingcarrots.com/artist-range?artist=Matt%20Maher
You Were on the Cross,Matt Maher,F3,F4,https://singingcarrots.com/artist-range?artist=Matt%20Maher
Your Grace Is Enough,Matt Maher,D#3,F4,https://singingcarrots.com/artist-range?artist=Matt%20Maher
Your Love Defends Me,Matt Maher,E3,E4,https://singingcarrots.com/artist-range?artist=Matt%20Maher
27 Million,Matt Redman,C3,E4,https://singingcarrots.com/artist-range?artist=Matt%20Redman
A Greater Song,Matt Redman,E3,F#4,https://singingcarrots.com/artist-range?artist=Matt%20Redman
Abide with Me,Matt Redman,B2,E4,https://singingcarrots.com/artist-range?artist=Matt%20Redman
All That Really Matters,Matt Redman,F3,F4,https://singingcarrots.com/artist-range?artist=Matt%20Redman
Angels (Singing Gloria),Matt Redman,A#2,G4,https://singingcarrots.com/artist-range?artist=Matt%20Redman
Benediction,Matt Redman,E3,G4,https://singingcarrots.com/artist-range?artist=Matt%20Redman
Better Is One Day,Matt Redman,B2,E4,https://singingcarrots.com/artist-range?artist=Matt%20Redman
Bowing Down,Matt Redman,A2,E4,https://singingcarrots.com/artist-range?artist=Matt%20Redman
Can I Ascend,Matt Redman,A2,E4,https://singingcarrots.com/artist-range?artist=Matt%20Redman
Center,Matt Redman,B2,E4,https://singingcarrots.com/artist-range?artist=Matt%20Redman
Come and See,Matt Redman,D#3,E4,https://singingcarrots.com/artist-range?artist=Matt%20Redman
Dancing Generation,Matt Redman,D3,E4,https://singingcarrots.com/artist-range?artist=Matt%20Redman
Endless Hallelujah,Matt Redman,D#3,F4,https://singingcarrots.com/artist-range?artist=Matt%20Redman
Facedown,Matt Redman,D3,D4,https://singingcarrots.com/artist-range?artist=Matt%20Redman
Fearfully and Wonderfully Made,Matt Redman,C3,F4,https://singingcarrots.com/artist-range?artist=Matt%20Redman
Fires,Matt Redman,D3,G4,https://singingcarrots.com/artist-range?artist=Matt%20Redman
Flames,Matt Redman,B2,F#4,https://singingcarrots.com/artist-range?artist=Matt%20Redman
Friend of Sinners,Matt Redman,C#3,C#4,https://singingcarrots.com/artist-range?artist=Matt%20Redman
Gifted Response (We Will Worship You),Matt Redman,F#2,F#4,https://singingcarrots.com/artist-range?artist=Matt%20Redman
Gloria,Matt Redman,A2,F#4,https://singingcarrots.com/artist-range?artist=Matt%20Redman
"Glory to You in the Highest (O Come, Let Us Adore)",Matt Redman,B2,E4,https://singingcarrots.com/artist-range?artist=Matt%20Redman
"Glory, Hallelujah",Matt Redman,C3,G4,https://singingcarrots.com/artist-range?artist=Matt%20Redman
Good Forever,Matt Redman,C3,F4,https://singingcarrots.com/artist-range?artist=Matt%20Redman
Gracefully Broken,Matt Redman,A2,A4,https://singingcarrots.com/artist-range?artist=Matt%20Redman
Greatest Hallelujah,Matt Redman,A#2,G4,https://singingcarrots.com/artist-range?artist=Matt%20Redman
Hearts Waiting (Joy to the World),Matt Redman,E3,F#4,https://singingcarrots.com/artist-range?artist=Matt%20Redman
Help From Heaven,Matt Redman,D3,F4,https://singingcarrots.com/artist-range?artist=Matt%20Redman
Here for You,Matt Redman,G2,G4,https://singingcarrots.com/artist-range?artist=Matt%20Redman
His Name Shall Be,Matt Redman,C3,F4,https://singingcarrots.com/artist-range?artist=Matt%20Redman
Holy,Matt Redman,C3,D#4,https://singingcarrots.com/artist-range?artist=Matt%20Redman
Holy Moment,Matt Redman,F#2,D4,https://singingcarrots.com/artist-range?artist=Matt%20Redman
Holy Night,Matt Redman,A2,D4,https://singingcarrots.com/artist-range?artist=Matt%20Redman
Hope Is Marching On,Matt Redman,E3,E4,https://singingcarrots.com/artist-range?artist=Matt%20Redman
How Far,Matt Redman,D3,D4,https://singingcarrots.com/artist-range?artist=Matt%20Redman
How Great Is Your Faithfulness,Matt Redman,B2,F#4,https://singingcarrots.com/artist-range?artist=Matt%20Redman
I Need You Now,Matt Redman,E3,E4,https://singingcarrots.com/artist-range?artist=Matt%20Redman
I Will Offer Up My Life,Matt Redman,C#3,B3,https://singingcarrots.com/artist-range?artist=Matt%20Redman
I'm Making Melody,Matt Redman,B2,E4,https://singingcarrots.com/artist-range?artist=Matt%20Redman
If You Know You're Loved,Matt Redman,D3,B3,https://singingcarrots.com/artist-range?artist=Matt%20Redman
In the Name,Matt Redman,E3,E4,https://singingcarrots.com/artist-range?artist=Matt%20Redman
It Is Well with My Soul,Matt Redman,E3,E4,https://singingcarrots.com/artist-range?artist=Matt%20Redman
It's Rising Up,Matt Redman,E3,E4,https://singingcarrots.com/artist-range?artist=Matt%20Redman
Jesus Your Name,Matt Redman,E3,E4,https://singingcarrots.com/artist-range?artist=Matt%20Redman
"Jesus, Only Jesus",Matt Redman,C3,G4,https://singingcarrots.com/artist-range?artist=Matt%20Redman
King Jesus,Matt Redman,B2,F#4,https://singingcarrots.com/artist-range?artist=Matt%20Redman
Knocking on the Door of Heaven,Matt Redman,C3,F4,https://singingcarrots.com/artist-range?artist=Matt%20Redman
Let Everything That Has Breath,Matt Redman,E3,C#4,https://singingcarrots.com/artist-range?artist=Matt%20Redman
Let My People Go (For the A21 Campaign),Matt Redman,B2,A4,https://singingcarrots.com/artist-range?artist=Matt%20Redman
Let There Be Wonder,Matt Redman,E3,F#4,https://singingcarrots.com/artist-range?artist=Matt%20Redman
Light of the World,Matt Redman,F#2,D#4,https://singingcarrots.com/artist-range?artist=Matt%20Redman
"Lord, Let Your Glory Fall",Matt Redman,D3,G4,https://singingcarrots.com/artist-range?artist=Matt%20Redman
Louder,Matt Redman,E3,F#4,https://singingcarrots.com/artist-range?artist=Matt%20Redman
Love So High,Matt Redman,A2,F#4,https://singingcarrots.com/artist-range?artist=Matt%20Redman
Magnificent,Matt Redman,C3,F4,https://singingcarrots.com/artist-range?artist=Matt%20Redman
Majesty of the Most High,Matt Redman,E3,E4,https://singingcarrots.com/artist-range?artist=Matt%20Redman
Mercies (New Every Morning),Matt Redman,D3,E4,https://singingcarrots.com/artist-range?artist=Matt%20Redman
Merciful Father,Matt Redman,D3,F#4,https://singingcarrots.com/artist-range?artist=Matt%20Redman
Mercy,Matt Redman,A2,F4,https://singingcarrots.com/artist-range?artist=Matt%20Redman
Mission's Flame,Matt Redman,A2,F#4,https://singingcarrots.com/artist-range?artist=Matt%20Redman
My Hope,Matt Redman,D3,A#4,https://singingcarrots.com/artist-range?artist=Matt%20Redman
Never Once,Matt Redman,C3,F4,https://singingcarrots.com/artist-range?artist=Matt%20Redman
No Longer I,Matt Redman,C#3,F#4,https://singingcarrots.com/artist-range?artist=Matt%20Redman
No One Like Our God,Matt Redman,G2,F4,https://singingcarrots.com/artist-range?artist=Matt%20Redman
Nothing But the Blood,Matt Redman,B2,C#4,https://singingcarrots.com/artist-range?artist=Matt%20Redman
O Little Town (The Glory of Christmas),Matt Redman,A2,G4,https://singingcarrots.com/artist-range?artist=Matt%20Redman
O This God,Matt Redman,C#3,F#4,https://singingcarrots.com/artist-range?artist=Matt%20Redman
Once Again,Matt Redman,A#2,C4,https://singingcarrots.com/artist-range?artist=Matt%20Redman
One Day (When We All Get to Heaven),Matt Redman,B2,F4,https://singingcarrots.com/artist-range?artist=Matt%20Redman
One Name Alone,Matt Redman,C3,G4,https://singingcarrots.com/artist-range?artist=Matt%20Redman
Remembrance (Communion Song),Matt Redman,A#2,G#4,https://singingcarrots.com/artist-range?artist=Matt%20Redman
Send Me Lord,Matt Redman,F3,F4,https://singingcarrots.com/artist-range?artist=Matt%20Redman
Shine,Matt Redman,D#3,F4,https://singingcarrots.com/artist-range?artist=Matt%20Redman
Simple Pursuit (Glory Song),Matt Redman,G2,G4,https://singingcarrots.com/artist-range?artist=Matt%20Redman
Sing and Shout,Matt Redman,E3,F#4,https://singingcarrots.com/artist-range?artist=Matt%20Redman
Songs in the Night,Matt Redman,D#3,F4,https://singingcarrots.com/artist-range?artist=Matt%20Redman
Still I Will Sing,Matt Redman,E3,F#4,https://singingcarrots.com/artist-range?artist=Matt%20Redman
Thank You for Healing Me,Matt Redman,G#2,F#4,https://singingcarrots.com/artist-range?artist=Matt%20Redman
The Awesome God You Are,Matt Redman,D#3,E4,https://singingcarrots.com/artist-range?artist=Matt%20Redman
The Cross Has Said It All,Matt Redman,E3,E4,https://singingcarrots.com/artist-range?artist=Matt%20Redman
The Father's Song,Matt Redman,F2,C4,https://singingcarrots.com/artist-range?artist=Matt%20Redman
The Friendship and the Fear,Matt Redman,G2,A3,https://singingcarrots.com/artist-range?artist=Matt%20Redman
The Glory of Our King,Matt Redman,G#2,F#4,https://singingcarrots.com/artist-range?artist=Matt%20Redman
The Heart of Worship,Matt Redman,B2,B3,https://singingcarrots.com/artist-range?artist=Matt%20Redman
The More We See,Matt Redman,D3,G4,https://singingcarrots.com/artist-range?artist=Matt%20Redman
The Name of Emmanuel,Matt Redman,A#2,G4,https://singingcarrots.com/artist-range?artist=Matt%20Redman
The Same Jesus,Matt Redman,B2,F#4,https://singingcarrots.com/artist-range?artist=Matt%20Redman
The Savior of All,Matt Redman,A#2,F4,https://singingcarrots.com/artist-range?artist=Matt%20Redman
The Way of the Cross,Matt Redman,A2,D4,https://singingcarrots.com/artist-range?artist=Matt%20Redman
There Is a Louder Shout To Come,Matt Redman,E3,E4,https://singingcarrots.com/artist-range?artist=Matt%20Redman
These Christmas Lights,Matt Redman,A#2,F4,https://singingcarrots.com/artist-range?artist=Matt%20Redman
This Beating Heart,Matt Redman,E3,G4,https://singingcarrots.com/artist-range?artist=Matt%20Redman
This Is How We Know,Matt Redman,B2,F#4,https://singingcarrots.com/artist-range?artist=Matt%20Redman
Through It All,Matt Redman,B2,E4,https://singingcarrots.com/artist-range?artist=Matt%20Redman
Upon Him,Matt Redman,C3,F4,https://singingcarrots.com/artist-range?artist=Matt%20Redman
We Are the Free,Matt Redman,F3,G4,https://singingcarrots.com/artist-range?artist=Matt%20Redman
We Could Change the World,Matt Redman,E3,F#4,https://singingcarrots.com/artist-range?artist=Matt%20Redman
We Have Nothing To Give,Matt Redman,F#2,D4,https://singingcarrots.com/artist-range?artist=Matt%20Redman
We Praise You,Matt Redman,E3,F#4,https://singingcarrots.com/artist-range?artist=Matt%20Redman
We Shall Not Be Shaken,Matt Redman,C3,G4,https://singingcarrots.com/artist-range?artist=Matt%20Redman
When All Is Said and Done,Matt Redman,A2,E4,https://singingcarrots.com/artist-range?artist=Matt%20Redman
Where Would We Be,Matt Redman,C#3,F#4,https://singingcarrots.com/artist-range?artist=Matt%20Redman
Yes and Amen,Matt Redman,B2,G4,https://singingcarrots.com/artist-range?artist=Matt%20Redman
You Alone Can Rescue,Matt Redman,B2,E4,https://singingcarrots.com/artist-range?artist=Matt%20Redman
You Never Let Go,Matt Redman,A2,E4,https://singingcarrots.com/artist-range?artist=Matt%20Redman
Your Grace Finds Me,Matt Redman,A#2,G4,https://singingcarrots.com/artist-range?artist=Matt%20Redman
Your Ways,Matt Redman,E3,E4,https://singingcarrots.com/artist-range?artist=Matt%20Redman
1990,Michael W. Smith,G2,E4,https://singingcarrots.com/artist-range?artist=Michael%20W.%20Smith
A New Hallelujah,Michael W. Smith,B2,E4,https://singingcarrots.com/artist-range?artist=Michael%20W.%20Smith
Agnus Dei,Michael W. Smith,E3,F4,https://singingcarrots.com/artist-range?artist=Michael%20W.%20Smith
All I Want,Michael W. Smith,A2,E4,https://singingcarrots.com/artist-range?artist=Michael%20W.%20Smith
All Is Well,Michael W. Smith,C3,A3,https://singingcarrots.com/artist-range?artist=Michael%20W.%20Smith
All Year Long,Michael W. Smith,A2,F4,https://singingcarrots.com/artist-range?artist=Michael%20W.%20Smith
Almost There,Michael W. Smith,A2,A3,https://singingcarrots.com/artist-range?artist=Michael%20W.%20Smith
Amazing Grace (My Chains Are Gone),Michael W. Smith,C3,F4,https://singingcarrots.com/artist-range?artist=Michael%20W.%20Smith
Ancient Words,Michael W. Smith,G2,E4,https://singingcarrots.com/artist-range?artist=Michael%20W.%20Smith
Awesome God,Michael W. Smith,D3,F#4,https://singingcarrots.com/artist-range?artist=Michael%20W.%20Smith
Be Lifted High,Michael W. Smith,D3,F#4,https://singingcarrots.com/artist-range?artist=Michael%20W.%20Smith
Breathe,Michael W. Smith,D3,F4,https://singingcarrots.com/artist-range?artist=Michael%20W.%20Smith
Christ Be All Around Me,Michael W. Smith,D3,F4,https://singingcarrots.com/artist-range?artist=Michael%20W.%20Smith
Christmas Angels,Michael W. Smith,C#3,F4,https://singingcarrots.com/artist-range?artist=Michael%20W.%20Smith
Christmas Day,Michael W. Smith,G2,E4,https://singingcarrots.com/artist-range?artist=Michael%20W.%20Smith
Christmastime,Michael W. Smith,D3,F#4,https://singingcarrots.com/artist-range?artist=Michael%20W.%20Smith
Come See,Michael W. Smith,G2,C4,https://singingcarrots.com/artist-range?artist=Michael%20W.%20Smith
Come to the Cross,Michael W. Smith,A2,G4,https://singingcarrots.com/artist-range?artist=Michael%20W.%20Smith
Could He Be the Messiah,Michael W. Smith,A2,E4,https://singingcarrots.com/artist-range?artist=Michael%20W.%20Smith
Cover Me,Michael W. Smith,A2,F4,https://singingcarrots.com/artist-range?artist=Michael%20W.%20Smith
Cross My Heart,Michael W. Smith,A2,G4,https://singingcarrots.com/artist-range?artist=Michael%20W.%20Smith
Cross of Gold,Michael W. Smith,C3,F4,https://singingcarrots.com/artist-range?artist=Michael%20W.%20Smith
Cry for Love,Michael W. Smith,A#2,D#4,https://singingcarrots.com/artist-range?artist=Michael%20W.%20Smith
Deep In Love With You,Michael W. Smith,F3,D#4,https://singingcarrots.com/artist-range?artist=Michael%20W.%20Smith
Do You Dream of Me,Michael W. Smith,D#3,G#4,https://singingcarrots.com/artist-range?artist=Michael%20W.%20Smith
Eagles Fly,Michael W. Smith,B2,E4,https://singingcarrots.com/artist-range?artist=Michael%20W.%20Smith
Emily,Michael W. Smith,A#2,E4,https://singingcarrots.com/artist-range?artist=Michael%20W.%20Smith
Escape Your Love,Michael W. Smith,G2,G4,https://singingcarrots.com/artist-range?artist=Michael%20W.%20Smith
Fly To the Moon,Michael W. Smith,G2,F4,https://singingcarrots.com/artist-range?artist=Michael%20W.%20Smith
For You,Michael W. Smith,E2,D#4,https://singingcarrots.com/artist-range?artist=Michael%20W.%20Smith
Forever Yours,Michael W. Smith,C#3,F#4,https://singingcarrots.com/artist-range?artist=Michael%20W.%20Smith
Give It Away,Michael W. Smith,B2,E4,https://singingcarrots.com/artist-range?artist=Michael%20W.%20Smith
Gloria,Michael W. Smith,C3,F4,https://singingcarrots.com/artist-range?artist=Michael%20W.%20Smith
Go West Young Man,Michael W. Smith,C3,G4,https://singingcarrots.com/artist-range?artist=Michael%20W.%20Smith
Grace,Michael W. Smith,F2,G3,https://singingcarrots.com/artist-range?artist=Michael%20W.%20Smith
Hang On,Michael W. Smith,A2,E4,https://singingcarrots.com/artist-range?artist=Michael%20W.%20Smith
He Will Never End,Michael W. Smith,D3,G4,https://singingcarrots.com/artist-range?artist=Michael%20W.%20Smith
Healing Rain,Michael W. Smith,C3,F4,https://singingcarrots.com/artist-range?artist=Michael%20W.%20Smith
Heaven Come Down,Michael W. Smith,F3,G4,https://singingcarrots.com/artist-range?artist=Michael%20W.%20Smith
Help Is on the Way,Michael W. Smith,E3,B4,https://singingcarrots.com/artist-range?artist=Michael%20W.%20Smith
Here I Am,Michael W. Smith,C3,D4,https://singingcarrots.com/artist-range?artist=Michael%20W.%20Smith
Here I Am to Worship,Michael W. Smith,D3,E4,https://singingcarrots.com/artist-range?artist=Michael%20W.%20Smith
Hide Myself,Michael W. Smith,F3,F4,https://singingcarrots.com/artist-range?artist=Michael%20W.%20Smith
Hosanna,Michael W. Smith,B2,D4,https://singingcarrots.com/artist-range?artist=Michael%20W.%20Smith
How Long Will Be Too Long,Michael W. Smith,C#3,E4,https://singingcarrots.com/artist-range?artist=Michael%20W.%20Smith
How Majestic Is Your Name,Michael W. Smith,F#2,B4,https://singingcarrots.com/artist-range?artist=Michael%20W.%20Smith
How To Say Goodbye,Michael W. Smith,C3,F4,https://singingcarrots.com/artist-range?artist=Michael%20W.%20Smith
Human Spark,Michael W. Smith,D#3,D#4,https://singingcarrots.com/artist-range?artist=Michael%20W.%20Smith
I Am Love,Michael W. Smith,B2,G4,https://singingcarrots.com/artist-range?artist=Michael%20W.%20Smith
I Am Sure,Michael W. Smith,G2,C4,https://singingcarrots.com/artist-range?artist=Michael%20W.%20Smith
I Can Hear Your Voice,Michael W. Smith,D2,E4,https://singingcarrots.com/artist-range?artist=Michael%20W.%20Smith
I Give You My Heart,Michael W. Smith,D3,C4,https://singingcarrots.com/artist-range?artist=Michael%20W.%20Smith
I Lay Me Down,Michael W. Smith,C#3,F#4,https://singingcarrots.com/artist-range?artist=Michael%20W.%20Smith
I Miss the Way,Michael W. Smith,D3,A#4,https://singingcarrots.com/artist-range?artist=Michael%20W.%20Smith
I Surrender All,Michael W. Smith,D#3,G4,https://singingcarrots.com/artist-range?artist=Michael%20W.%20Smith
I Wanna Tell the World,Michael W. Smith,F2,E4,https://singingcarrots.com/artist-range?artist=Michael%20W.%20Smith
I Will Be Here for You,Michael W. Smith,B2,G4,https://singingcarrots.com/artist-range?artist=Michael%20W.%20Smith
I Will Be Your Friend,Michael W. Smith,C3,F4,https://singingcarrots.com/artist-range?artist=Michael%20W.%20Smith
I'll Be Around,Michael W. Smith,C3,E4,https://singingcarrots.com/artist-range?artist=Michael%20W.%20Smith
In Silence,Michael W. Smith,C3,F4,https://singingcarrots.com/artist-range?artist=Michael%20W.%20Smith
Intro/Prepare Ye the Way,Michael W. Smith,F3,G4,https://singingcarrots.com/artist-range?artist=Michael%20W.%20Smith
Kentucky Rose,Michael W. Smith,C3,E4,https://singingcarrots.com/artist-range?artist=Michael%20W.%20Smith
Live Forever,Michael W. Smith,C#3,F#4,https://singingcarrots.com/artist-range?artist=Michael%20W.%20Smith
Live the Life,Michael W. Smith,G#2,F4,https://singingcarrots.com/artist-range?artist=Michael%20W.%20Smith
Lord Have Mercy,Michael W. Smith,B2,A4,https://singingcarrots.com/artist-range?artist=Michael%20W.%20Smith
Love Crusade,Michael W. Smith,A#2,F4,https://singingcarrots.com/artist-range?artist=Michael%20W.%20Smith
Love Me Good,Michael W. Smith,B2,E4,https://singingcarrots.com/artist-range?artist=Michael%20W.%20Smith
Love One Another,Michael W. Smith,C3,F4,https://singingcarrots.com/artist-range?artist=Michael%20W.%20Smith
Love of My Life,Michael W. Smith,C3,G4,https://singingcarrots.com/artist-range?artist=Michael%20W.%20Smith
Majesty,Michael W. Smith,B2,A4,https://singingcarrots.com/artist-range?artist=Michael%20W.%20Smith
Mighty to Save,Michael W. Smith,E3,F#4,https://singingcarrots.com/artist-range?artist=Michael%20W.%20Smith
Missing Person,Michael W. Smith,A2,E4,https://singingcarrots.com/artist-range?artist=Michael%20W.%20Smith
No Eye Had Seen,Michael W. Smith,F3,G4,https://singingcarrots.com/artist-range?artist=Michael%20W.%20Smith
No One Like Jesus,Michael W. Smith,E3,E4,https://singingcarrots.com/artist-range?artist=Michael%20W.%20Smith
"Oh Lord, You're Beautiful",Michael W. Smith,A2,F4,https://singingcarrots.com/artist-range?artist=Michael%20W.%20Smith
Open Arms,Michael W. Smith,G2,E4,https://singingcarrots.com/artist-range?artist=Michael%20W.%20Smith
Out of This World,Michael W. Smith,C#3,F4,https://singingcarrots.com/artist-range?artist=Michael%20W.%20Smith
Place in This World,Michael W. Smith,C3,G4,https://singingcarrots.com/artist-range?artist=Michael%20W.%20Smith
Pray for Me,Michael W. Smith,D3,G4,https://singingcarrots.com/artist-range?artist=Michael%20W.%20Smith
Raging Sea,Michael W. Smith,D#3,F4,https://singingcarrots.com/artist-range?artist=Michael%20W.%20Smith
Rocketown,Michael W. Smith,E3,A4,https://singingcarrots.com/artist-range?artist=Michael%20W.%20Smith
Secret Ambition,Michael W. Smith,C3,A4,https://singingcarrots.com/artist-range?artist=Michael%20W.%20Smith
Seed To Sow,Michael W. Smith,G2,F4,https://singingcarrots.com/artist-range?artist=Michael%20W.%20Smith
Shout Unto God,Michael W. Smith,B2,F#4,https://singingcarrots.com/artist-range?artist=Michael%20W.%20Smith
Signs,Michael W. Smith,D3,D#4,https://singingcarrots.com/artist-range?artist=Michael%20W.%20Smith
Sky Spills Over,Michael W. Smith,C#3,A4,https://singingcarrots.com/artist-range?artist=Michael%20W.%20Smith
Somebody Love Me,Michael W. Smith,C3,F#4,https://singingcarrots.com/artist-range?artist=Michael%20W.%20Smith
Somewhere Somehow,Michael W. Smith,G#2,A4,https://singingcarrots.com/artist-range?artist=Michael%20W.%20Smith
Son of God,Michael W. Smith,B2,F#4,https://singingcarrots.com/artist-range?artist=Michael%20W.%20Smith
Sovereign Over Us,Michael W. Smith,C#3,F#4,https://singingcarrots.com/artist-range?artist=Michael%20W.%20Smith
Step By Step / Forever We Will Sing,Michael W. Smith,D3,G4,https://singingcarrots.com/artist-range?artist=Michael%20W.%20Smith
Straight to the Heart,Michael W. Smith,D3,G4,https://singingcarrots.com/artist-range?artist=Michael%20W.%20Smith
Surrounded (Fight My Battles),Michael W. Smith,F3,D4,https://singingcarrots.com/artist-range?artist=Michael%20W.%20Smith
Take Me Home,Michael W. Smith,A2,G4,https://singingcarrots.com/artist-range?artist=Michael%20W.%20Smith
The One That Really Matters,Michael W. Smith,C3,E4,https://singingcarrots.com/artist-range?artist=Michael%20W.%20Smith
The Other Side of Me,Michael W. Smith,E3,E4,https://singingcarrots.com/artist-range?artist=Michael%20W.%20Smith
The Same Power,Michael W. Smith,D3,E4,https://singingcarrots.com/artist-range?artist=Michael%20W.%20Smith
The Stand,Michael W. Smith,F3,D4,https://singingcarrots.com/artist-range?artist=Michael%20W.%20Smith
The Wonderful Cross,Michael W. Smith,C#3,E4,https://singingcarrots.com/artist-range?artist=Michael%20W.%20Smith
There Is None Like You,Michael W. Smith,D3,D#4,https://singingcarrots.com/artist-range?artist=Michael%20W.%20Smith
There She Stands,Michael W. Smith,A2,F4,https://singingcarrots.com/artist-range?artist=Michael%20W.%20Smith
This is Your Time,Michael W. Smith,C3,G4,https://singingcarrots.com/artist-range?artist=Michael%20W.%20Smith
We Can't Wait Any Longer,Michael W. Smith,A2,F4,https://singingcarrots.com/artist-range?artist=Michael%20W.%20Smith
Welcome Home,Michael W. Smith,C3,G4,https://singingcarrots.com/artist-range?artist=Michael%20W.%20Smith
Welcome To Our World,Michael W. Smith,A#2,D#4,https://singingcarrots.com/artist-range?artist=Michael%20W.%20Smith
What Child Is This?,Michael W. Smith,G#2,E4,https://singingcarrots.com/artist-range?artist=Michael%20W.%20Smith
When I Think of You,Michael W. Smith,E3,F4,https://singingcarrots.com/artist-range?artist=Michael%20W.%20Smith
You Are Holy (Prince of Peace),Michael W. Smith,D3,E4,https://singingcarrots.com/artist-range?artist=Michael%20W.%20Smith
You Are the Fire,Michael W. Smith,C3,F4,https://singingcarrots.com/artist-range?artist=Michael%20W.%20Smith
You Belong To Me,Michael W. Smith,C3,F4,https://singingcarrots.com/artist-range?artist=Michael%20W.%20Smith
You Won't Let Go,Michael W. Smith,B2,G#4,https://singingcarrots.com/artist-range?artist=Michael%20W.%20Smith
Maybe,Miss Saigon,E3,B4,https://singingcarrots.com/artist-range?artist=Miss%20Saigon
All in the Name Of…,Mötley Crüe,C3,B3,https://singingcarrots.com/artist-range?artist=M%C3%B6tley%20Cr%C3%BCe
Bad Boy Boogie,Mötley Crüe,G2,G4,https://singingcarrots.com/artist-range?artist=M%C3%B6tley%20Cr%C3%BCe
Bastard,Mötley Crüe,D3,C4,https://singingcarrots.com/artist-range?artist=M%C3%B6tley%20Cr%C3%BCe
Danger,Mötley Crüe,A#2,D#4,https://singingcarrots.com/artist-range?artist=M%C3%B6tley%20Cr%C3%BCe
Five Years Dead,Mötley Crüe,C3,D4,https://singingcarrots.com/artist-range?artist=M%C3%B6tley%20Cr%C3%BCe
"Girls, Girls, Girls",Mötley Crüe,A2,D4,https://singingcarrots.com/artist-range?artist=M%C3%B6tley%20Cr%C3%BCe
Kickstart My Heart,Mötley Crüe,E3,D4,https://singingcarrots.com/artist-range?artist=M%C3%B6tley%20Cr%C3%BCe
"Knock 'Em Dead, Kid",Mötley Crüe,C3,F4,https://singingcarrots.com/artist-range?artist=M%C3%B6tley%20Cr%C3%BCe
Live Wire,Mötley Crüe,F2,G4,https://singingcarrots.com/artist-range?artist=M%C3%B6tley%20Cr%C3%BCe
Looks That Kill,Mötley Crüe,G2,D#4,https://singingcarrots.com/artist-range?artist=M%C3%B6tley%20Cr%C3%BCe
Nona,Mötley Crüe,E3,F4,https://singingcarrots.com/artist-range?artist=M%C3%B6tley%20Cr%C3%BCe
Piece of Your Action,Mötley Crüe,F3,D4,https://singingcarrots.com/artist-range?artist=M%C3%B6tley%20Cr%C3%BCe
Red Hot,Mötley Crüe,C3,D4,https://singingcarrots.com/artist-range?artist=M%C3%B6tley%20Cr%C3%BCe
Shout at the Devil,Mötley Crüe,F3,F4,https://singingcarrots.com/artist-range?artist=M%C3%B6tley%20Cr%C3%BCe
Sumthin' for Nuthin',Mötley Crüe,D3,A#3,https://singingcarrots.com/artist-range?artist=M%C3%B6tley%20Cr%C3%BCe
Take Me to the Top,Mötley Crüe,D3,A#3,https://singingcarrots.com/artist-range?artist=M%C3%B6tley%20Cr%C3%BCe
Ten Seconds To Love,Mötley Crüe,C3,C#4,https://singingcarrots.com/artist-range?artist=M%C3%B6tley%20Cr%C3%BCe
Too Young To Fall In Love,Mötley Crüe,G2,C4,https://singingcarrots.com/artist-range?artist=M%C3%B6tley%20Cr%C3%BCe
You're All I Need,Mötley Crüe,A#2,C#4,https://singingcarrots.com/artist-range?artist=M%C3%B6tley%20Cr%C3%BCe
(I Love You) For Sentimental Reasons,Nat King Cole,C3,E4,https://singingcarrots.com/artist-range?artist=Nat%20King%20Cole
A Blossom Fell,Nat King Cole,B2,D#4,https://singingcarrots.com/artist-range?artist=Nat%20King%20Cole
Acércate Mas (Come Closer to Me),Nat King Cole,B2,D4,https://singingcarrots.com/artist-range?artist=Nat%20King%20Cole
All for You,Nat King Cole,C3,D#4,https://singingcarrots.com/artist-range?artist=Nat%20King%20Cole
Answer Me My Love,Nat King Cole,A#2,D4,https://singingcarrots.com/artist-range?artist=Nat%20King%20Cole
Autumn Leaves,Nat King Cole,A2,C4,https://singingcarrots.com/artist-range?artist=Nat%20King%20Cole
Because You're Mine,Nat King Cole,C3,D4,https://singingcarrots.com/artist-range?artist=Nat%20King%20Cole
Blue and Sentimental,Nat King Cole,G2,D4,https://singingcarrots.com/artist-range?artist=Nat%20King%20Cole
Calypso Blues,Nat King Cole,F3,D4,https://singingcarrots.com/artist-range?artist=Nat%20King%20Cole
"Caroling, Caroling",Nat King Cole,C3,G4,https://singingcarrots.com/artist-range?artist=Nat%20King%20Cole
"Dance, Ballerina, Dance",Nat King Cole,C3,E4,https://singingcarrots.com/artist-range?artist=Nat%20King%20Cole
"Darling, Je Vous Aime Beaucoup",Nat King Cole,C3,D4,https://singingcarrots.com/artist-range?artist=Nat%20King%20Cole
For All We Know,Nat King Cole,C3,E4,https://singingcarrots.com/artist-range?artist=Nat%20King%20Cole
Funny (Not Much),Nat King Cole,D3,D4,https://singingcarrots.com/artist-range?artist=Nat%20King%20Cole
Honey (I'm in Love with You),Nat King Cole,B2,E4,https://singingcarrots.com/artist-range?artist=Nat%20King%20Cole
If Love Ain't There,Nat King Cole,A#2,D4,https://singingcarrots.com/artist-range?artist=Nat%20King%20Cole
It's Only a Paper Moon,Nat King Cole,C3,D4,https://singingcarrots.com/artist-range?artist=Nat%20King%20Cole
Love Is the Thing,Nat King Cole,C3,E4,https://singingcarrots.com/artist-range?artist=Nat%20King%20Cole
Lush Life,Nat King Cole,G#2,D4,https://singingcarrots.com/artist-range?artist=Nat%20King%20Cole
Non Dimenticar,Nat King Cole,D#3,D4,https://singingcarrots.com/artist-range?artist=Nat%20King%20Cole
On the Sunny Side of the Street,Nat King Cole,A#2,D#4,https://singingcarrots.com/artist-range?artist=Nat%20King%20Cole
Pretend,Nat King Cole,C3,E4,https://singingcarrots.com/artist-range?artist=Nat%20King%20Cole
Red Sails in the Sunset,Nat King Cole,D3,D4,https://singingcarrots.com/artist-range?artist=Nat%20King%20Cole
Stardust,Nat King Cole,C3,E4,https://singingcarrots.com/artist-range?artist=Nat%20King%20Cole
Sweet Lorraine,Nat King Cole,D3,F4,https://singingcarrots.com/artist-range?artist=Nat%20King%20Cole
"That Sunday, That Summer",Nat King Cole,A#2,D#4,https://singingcarrots.com/artist-range?artist=Nat%20King%20Cole
That's My Girl,Nat King Cole,A#2,C#4,https://singingcarrots.com/artist-range?artist=Nat%20King%20Cole
The Christmas Song (Chestnuts Roasting on an Open Fire),Nat King Cole,B2,C4,https://singingcarrots.com/artist-range?artist=Nat%20King%20Cole
The Frim Fram Sauce,Nat King Cole,C#3,D4,https://singingcarrots.com/artist-range?artist=Nat%20King%20Cole
The Happiest Christmas Tree,Nat King Cole,B2,C4,https://singingcarrots.com/artist-range?artist=Nat%20King%20Cole
"The Late, Late Show",Nat King Cole,C3,D#4,https://singingcarrots.com/artist-range?artist=Nat%20King%20Cole
The Little Boy that Santa Claus Forgot,Nat King Cole,C3,E4,https://singingcarrots.com/artist-range?artist=Nat%20King%20Cole
There Goes My Heart,Nat King Cole,C3,D#4,https://singingcarrots.com/artist-range?artist=Nat%20King%20Cole
These Foolish Things,Nat King Cole,C3,G4,https://singingcarrots.com/artist-range?artist=Nat%20King%20Cole
Those Lazy-Hazy-Crazy Days of Summer,Nat King Cole,G2,A3,https://singingcarrots.com/artist-range?artist=Nat%20King%20Cole
Tonight You Belong to Me,Nat King Cole,D#3,F4,https://singingcarrots.com/artist-range?artist=Nat%20King%20Cole
Too Marvelous for Words,Nat King Cole,A2,C4,https://singingcarrots.com/artist-range?artist=Nat%20King%20Cole
Too Young,Nat King Cole,D3,D#4,https://singingcarrots.com/artist-range?artist=Nat%20King%20Cole
Twilight on the Trail,Nat King Cole,C3,G4,https://singingcarrots.com/artist-range?artist=Nat%20King%20Cole
What Can I Say After I Say I'm Sorry?,Nat King Cole,D3,E4,https://singingcarrots.com/artist-range?artist=Nat%20King%20Cole
What'll I Do?,Nat King Cole,C3,D4,https://singingcarrots.com/artist-range?artist=Nat%20King%20Cole
When I Take My Sugar to Tea,Nat King Cole,C3,D4,https://singingcarrots.com/artist-range?artist=Nat%20King%20Cole
When It's Summer,Nat King Cole,A#2,C4,https://singingcarrots.com/artist-range?artist=Nat%20King%20Cole
When Sunny Gets Blue,Nat King Cole,C3,D#4,https://singingcarrots.com/artist-range?artist=Nat%20King%20Cole
Where Can I Go Without You?,Nat King Cole,A2,C4,https://singingcarrots.com/artist-range?artist=Nat%20King%20Cole
Yes! We Have No Bananas,Nat King Cole,E3,E4,https://singingcarrots.com/artist-range?artist=Nat%20King%20Cole
You Call It Madness (But I Call It Love),Nat King Cole,D3,E4,https://singingcarrots.com/artist-range?artist=Nat%20King%20Cole
You Stepped Out of a Dream,Nat King Cole,C3,D4,https://singingcarrots.com/artist-range?artist=Nat%20King%20Cole
You're the Cream in My Coffee,Nat King Cole,C3,F4,https://singingcarrots.com/artist-range?artist=Nat%20King%20Cole
A Mission of Love,Neil Diamond,F#2,E4,https://singingcarrots.com/artist-range?artist=Neil%20Diamond
Act Like a Man,Neil Diamond,F2,D4,https://singingcarrots.com/artist-range?artist=Neil%20Diamond
Alone Again Naturally,Neil Diamond,E2,A3,https://singingcarrots.com/artist-range?artist=Neil%20Diamond
And the Grass Won't Pay No Mind,Neil Diamond,G2,E4,https://singingcarrots.com/artist-range?artist=Neil%20Diamond
At the Movies,Neil Diamond,G2,D#4,https://singingcarrots.com/artist-range?artist=Neil%20Diamond
Baby Let's Drive,Neil Diamond,B2,D4,https://singingcarrots.com/artist-range?artist=Neil%20Diamond
Be Mine Tonight,Neil Diamond,D3,F4,https://singingcarrots.com/artist-range?artist=Neil%20Diamond
Beautiful Noise,Neil Diamond,G2,D4,https://singingcarrots.com/artist-range?artist=Neil%20Diamond
Brooklyn Roads,Neil Diamond,G2,D4,https://singingcarrots.com/artist-range?artist=Neil%20Diamond
Brother Love's Traveling Salvation Show,Neil Diamond,C3,F4,https://singingcarrots.com/artist-range?artist=Neil%20Diamond
Captain Sunshine,Neil Diamond,A2,D#4,https://singingcarrots.com/artist-range?artist=Neil%20Diamond
Captain of a Shipwreck,Neil Diamond,G2,C4,https://singingcarrots.com/artist-range?artist=Neil%20Diamond
"Cherry, Cherry",Neil Diamond,C3,G4,https://singingcarrots.com/artist-range?artist=Neil%20Diamond
Comin' Home,Neil Diamond,D3,D4,https://singingcarrots.com/artist-range?artist=Neil%20Diamond
Cracklin' Rosie,Neil Diamond,A#2,G4,https://singingcarrots.com/artist-range?artist=Neil%20Diamond
Create Me,Neil Diamond,C2,D4,https://singingcarrots.com/artist-range?artist=Neil%20Diamond
Crunchy Granola Suite,Neil Diamond,A2,D4,https://singingcarrots.com/artist-range?artist=Neil%20Diamond
Delirious Love,Neil Diamond,C3,D#4,https://singingcarrots.com/artist-range?artist=Neil%20Diamond
Desirée,Neil Diamond,C3,F4,https://singingcarrots.com/artist-range?artist=Neil%20Diamond
Don't Forget Me,Neil Diamond,A2,C4,https://singingcarrots.com/artist-range?artist=Neil%20Diamond
Don't Go There,Neil Diamond,D#2,D#4,https://singingcarrots.com/artist-range?artist=Neil%20Diamond
Don't Look Down,Neil Diamond,A#2,D4,https://singingcarrots.com/artist-range?artist=Neil%20Diamond
Elijah's Song,Neil Diamond,E2,B3,https://singingcarrots.com/artist-range?artist=Neil%20Diamond
Evermore,Neil Diamond,G2,C4,https://singingcarrots.com/artist-range?artist=Neil%20Diamond
Face Me,Neil Diamond,D2,C4,https://singingcarrots.com/artist-range?artist=Neil%20Diamond
First You Have To Say You Love Me,Neil Diamond,B2,E4,https://singingcarrots.com/artist-range?artist=Neil%20Diamond
Forever in Blue Jeans,Neil Diamond,C3,D4,https://singingcarrots.com/artist-range?artist=Neil%20Diamond
Forgotten,Neil Diamond,A2,D4,https://singingcarrots.com/artist-range?artist=Neil%20Diamond
"Girl, You'll Be a Woman Soon",Neil Diamond,D3,E4,https://singingcarrots.com/artist-range?artist=Neil%20Diamond
Heartlight,Neil Diamond,G2,A3,https://singingcarrots.com/artist-range?artist=Neil%20Diamond
Hello Again,Neil Diamond,G2,D4,https://singingcarrots.com/artist-range?artist=Neil%20Diamond
Holly Holy,Neil Diamond,B2,E4,https://singingcarrots.com/artist-range?artist=Neil%20Diamond
Home Before Dark,Neil Diamond,F#2,B3,https://singingcarrots.com/artist-range?artist=Neil%20Diamond
I Am... I Said,Neil Diamond,A#2,A#4,https://singingcarrots.com/artist-range?artist=Neil%20Diamond
I Believe In Happy Endings,Neil Diamond,C3,E4,https://singingcarrots.com/artist-range?artist=Neil%20Diamond
I Got the Feelin',Neil Diamond,D3,D4,https://singingcarrots.com/artist-range?artist=Neil%20Diamond
I Haven't Played This Song In Years,Neil Diamond,D2,C4,https://singingcarrots.com/artist-range?artist=Neil%20Diamond
I'm On To You,Neil Diamond,G2,C4,https://singingcarrots.com/artist-range?artist=Neil%20Diamond
I'm a Believer,Neil Diamond,C#3,E4,https://singingcarrots.com/artist-range?artist=Neil%20Diamond
I've Been This Way Before,Neil Diamond,A2,E4,https://singingcarrots.com/artist-range?artist=Neil%20Diamond
If I Don't See You Again,Neil Diamond,G2,A3,https://singingcarrots.com/artist-range?artist=Neil%20Diamond
If You Know What I Mean,Neil Diamond,G2,C4,https://singingcarrots.com/artist-range?artist=Neil%20Diamond
Jerusalem,Neil Diamond,C3,F4,https://singingcarrots.com/artist-range?artist=Neil%20Diamond
Kentucky Woman,Neil Diamond,D3,F4,https://singingcarrots.com/artist-range?artist=Neil%20Diamond
Lady Magdelene,Neil Diamond,E2,D4,https://singingcarrots.com/artist-range?artist=Neil%20Diamond
Leave a Little Room for God,Neil Diamond,E2,E4,https://singingcarrots.com/artist-range?artist=Neil%20Diamond
Let the Little Boy Sing,Neil Diamond,A#2,F4,https://singingcarrots.com/artist-range?artist=Neil%20Diamond
Love Song,Neil Diamond,C3,C4,https://singingcarrots.com/artist-range?artist=Neil%20Diamond
Love on the Rocks,Neil Diamond,F2,F#4,https://singingcarrots.com/artist-range?artist=Neil%20Diamond
Man of God,Neil Diamond,G2,C4,https://singingcarrots.com/artist-range?artist=Neil%20Diamond
Men Are So Easy,Neil Diamond,D2,A3,https://singingcarrots.com/artist-range?artist=Neil%20Diamond
Midnight Dream,Neil Diamond,G#2,D#4,https://singingcarrots.com/artist-range?artist=Neil%20Diamond
Morningside,Neil Diamond,G#2,E4,https://singingcarrots.com/artist-range?artist=Neil%20Diamond
My Special Someone,Neil Diamond,G2,D4,https://singingcarrots.com/artist-range?artist=Neil%20Diamond
No Words,Neil Diamond,G2,C4,https://singingcarrots.com/artist-range?artist=Neil%20Diamond
Oh Mary,Neil Diamond,G2,C4,https://singingcarrots.com/artist-range?artist=Neil%20Diamond
On the Robert E. Lee,Neil Diamond,F3,A4,https://singingcarrots.com/artist-range?artist=Neil%20Diamond
On the Way to the Sky,Neil Diamond,C3,F4,https://singingcarrots.com/artist-range?artist=Neil%20Diamond
One More Bite of the Apple,Neil Diamond,E2,D4,https://singingcarrots.com/artist-range?artist=Neil%20Diamond
Play Me,Neil Diamond,A2,D4,https://singingcarrots.com/artist-range?artist=Neil%20Diamond
Porcupine Pie,Neil Diamond,C3,D#4,https://singingcarrots.com/artist-range?artist=Neil%20Diamond
Pretty Amazing Grace,Neil Diamond,F#2,D4,https://singingcarrots.com/artist-range?artist=Neil%20Diamond
"Red, Red Wine",Neil Diamond,G2,C4,https://singingcarrots.com/artist-range?artist=Neil%20Diamond
Rosemary's Wine,Neil Diamond,C3,F4,https://singingcarrots.com/artist-range?artist=Neil%20Diamond
Save Me a Saturday Night,Neil Diamond,E2,A3,https://singingcarrots.com/artist-range?artist=Neil%20Diamond
September Morn,Neil Diamond,G#2,F4,https://singingcarrots.com/artist-range?artist=Neil%20Diamond
Shilo,Neil Diamond,G2,E4,https://singingcarrots.com/artist-range?artist=Neil%20Diamond
Slow It Down,Neil Diamond,E2,C4,https://singingcarrots.com/artist-range?artist=Neil%20Diamond
Solitary Man,Neil Diamond,C3,D4,https://singingcarrots.com/artist-range?artist=Neil%20Diamond
Song Sung Blue,Neil Diamond,G2,C4,https://singingcarrots.com/artist-range?artist=Neil%20Diamond
Soolaimon,Neil Diamond,A2,C4,https://singingcarrots.com/artist-range?artist=Neil%20Diamond
Stones,Neil Diamond,C3,A4,https://singingcarrots.com/artist-range?artist=Neil%20Diamond
The Ballad of Silverman,Neil Diamond,A2,D4,https://singingcarrots.com/artist-range?artist=Neil%20Diamond
The Power of Two,Neil Diamond,A2,D4,https://singingcarrots.com/artist-range?artist=Neil%20Diamond
The Story of My Life,Neil Diamond,G2,D4,https://singingcarrots.com/artist-range?artist=Neil%20Diamond
Turn Around,Neil Diamond,E3,D#4,https://singingcarrots.com/artist-range?artist=Neil%20Diamond
Turn Down the Lights,Neil Diamond,G2,E4,https://singingcarrots.com/artist-range?artist=Neil%20Diamond
We,Neil Diamond,G2,C4,https://singingcarrots.com/artist-range?artist=Neil%20Diamond
What's It Gonna Be,Neil Diamond,E2,A3,https://singingcarrots.com/artist-range?artist=Neil%20Diamond
Whose Hands Are These,Neil Diamond,E2,B3,https://singingcarrots.com/artist-range?artist=Neil%20Diamond
Yes I Will,Neil Diamond,G#2,C#4,https://singingcarrots.com/artist-range?artist=Neil%20Diamond
Yesterday's Songs,Neil Diamond,A2,C4,https://singingcarrots.com/artist-range?artist=Neil%20Diamond
You Don't Bring Me Flowers,Neil Diamond,G2,C4,https://singingcarrots.com/artist-range?artist=Neil%20Diamond
You Got To Me,Neil Diamond,D3,E4,https://singingcarrots.com/artist-range?artist=Neil%20Diamond
You Make It Feel Like Christmas,Neil Diamond,E2,D4,https://singingcarrots.com/artist-range?artist=Neil%20Diamond
A Man Needs a Maid,Neil Young,F3,G4,https://singingcarrots.com/artist-range?artist=Neil%20Young
After the Garden,Neil Young,F3,G4,https://singingcarrots.com/artist-range?artist=Neil%20Young
Albuquerque,Neil Young,A2,G3,https://singingcarrots.com/artist-range?artist=Neil%20Young
Already One,Neil Young,D3,D4,https://singingcarrots.com/artist-range?artist=Neil%20Young
Ambulance Blues,Neil Young,G2,D4,https://singingcarrots.com/artist-range?artist=Neil%20Young
Are You Ready for the Country?,Neil Young,D3,D4,https://singingcarrots.com/artist-range?artist=Neil%20Young
Bandit,Neil Young,A2,A4,https://singingcarrots.com/artist-range?artist=Neil%20Young
Birds,Neil Young,E3,G4,https://singingcarrots.com/artist-range?artist=Neil%20Young
Bite the Bullet,Neil Young,E3,D4,https://singingcarrots.com/artist-range?artist=Neil%20Young
Borrowed Tune,Neil Young,F3,G4,https://singingcarrots.com/artist-range?artist=Neil%20Young
Bringin' Down Dinner,Neil Young,A2,C4,https://singingcarrots.com/artist-range?artist=Neil%20Young
Broken Arrow,Neil Young,D3,A4,https://singingcarrots.com/artist-range?artist=Neil%20Young
Cinnamon Girl,Neil Young,D3,E4,https://singingcarrots.com/artist-range?artist=Neil%20Young
Come on Baby Let's Go Downtown,Neil Young,E3,E4,https://singingcarrots.com/artist-range?artist=Neil%20Young
Country Girl,Neil Young,C3,A#4,https://singingcarrots.com/artist-range?artist=Neil%20Young
Crime In the City,Neil Young,F2,E3,https://singingcarrots.com/artist-range?artist=Neil%20Young
Cripple Creek Ferry,Neil Young,C3,B4,https://singingcarrots.com/artist-range?artist=Neil%20Young
Danger Bird,Neil Young,D3,A4,https://singingcarrots.com/artist-range?artist=Neil%20Young
Deep Forbidden Lake,Neil Young,C3,D4,https://singingcarrots.com/artist-range?artist=Neil%20Young
Differently,Neil Young,D3,E4,https://singingcarrots.com/artist-range?artist=Neil%20Young
Everybody Knows This Is Nowhere,Neil Young,D3,G4,https://singingcarrots.com/artist-range?artist=Neil%20Young
Fallen Angel,Neil Young,E3,E4,https://singingcarrots.com/artist-range?artist=Neil%20Young
Falling From Above,Neil Young,D3,E4,https://singingcarrots.com/artist-range?artist=Neil%20Young
Familes,Neil Young,D3,A4,https://singingcarrots.com/artist-range?artist=Neil%20Young
Field of Opportunity,Neil Young,E3,F#4,https://singingcarrots.com/artist-range?artist=Neil%20Young
Flags of Freedom,Neil Young,C3,D4,https://singingcarrots.com/artist-range?artist=Neil%20Young
Fontainebleau,Neil Young,E3,E4,https://singingcarrots.com/artist-range?artist=Neil%20Young
From Hank To Hendrix,Neil Young,C3,A4,https://singingcarrots.com/artist-range?artist=Neil%20Young
Grandpa's Interview,Neil Young,F2,E4,https://singingcarrots.com/artist-range?artist=Neil%20Young
Harvest,Neil Young,D3,D4,https://singingcarrots.com/artist-range?artist=Neil%20Young
Here We Are In the Years,Neil Young,D3,G4,https://singingcarrots.com/artist-range?artist=Neil%20Young
Hey Babe!,Neil Young,D3,E4,https://singingcarrots.com/artist-range?artist=Neil%20Young
Hold Back the Tears,Neil Young,F3,G4,https://singingcarrots.com/artist-range?artist=Neil%20Young
Homegrown,Neil Young,B2,B3,https://singingcarrots.com/artist-range?artist=Neil%20Young
Human Highway,Neil Young,E3,E4,https://singingcarrots.com/artist-range?artist=Neil%20Young
I Believe In You,Neil Young,C#3,A#4,https://singingcarrots.com/artist-range?artist=Neil%20Young
I've Been Waiting for You,Neil Young,E3,E4,https://singingcarrots.com/artist-range?artist=Neil%20Young
If I Could Have Her Tonight,Neil Young,E3,G4,https://singingcarrots.com/artist-range?artist=Neil%20Young
Last Dance,Neil Young,D3,G#4,https://singingcarrots.com/artist-range?artist=Neil%20Young
Let It Shine,Neil Young,B2,C#4,https://singingcarrots.com/artist-range?artist=Neil%20Young
Let's Impeach the President,Neil Young,D3,B4,https://singingcarrots.com/artist-range?artist=Neil%20Young
Let's Roll,Neil Young,D3,G4,https://singingcarrots.com/artist-range?artist=Neil%20Young
Long May You Run,Neil Young,D3,F#4,https://singingcarrots.com/artist-range?artist=Neil%20Young
Look Out for My Love,Neil Young,E3,G#4,https://singingcarrots.com/artist-range?artist=Neil%20Young
Lookin' for a Leader,Neil Young,D3,E4,https://singingcarrots.com/artist-range?artist=Neil%20Young
Lookin' for a Love,Neil Young,C#3,F#4,https://singingcarrots.com/artist-range?artist=Neil%20Young
Lookout Joe,Neil Young,A2,F#4,https://singingcarrots.com/artist-range?artist=Neil%20Young
Lotta Love,Neil Young,D3,G4,https://singingcarrots.com/artist-range?artist=Neil%20Young
Love In Mind,Neil Young,C3,F4,https://singingcarrots.com/artist-range?artist=Neil%20Young
Love Is a Rose,Neil Young,C3,A3,https://singingcarrots.com/artist-range?artist=Neil%20Young
Mellow My Mind,Neil Young,A2,C4,https://singingcarrots.com/artist-range?artist=Neil%20Young
Midnight on the Bay,Neil Young,E3,F#4,https://singingcarrots.com/artist-range?artist=Neil%20Young
Motion Pictures,Neil Young,G2,A3,https://singingcarrots.com/artist-range?artist=Neil%20Young
Motorcycle Mama,Neil Young,G#2,E4,https://singingcarrots.com/artist-range?artist=Neil%20Young
Mr. Disappointment,Neil Young,G2,G4,https://singingcarrots.com/artist-range?artist=Neil%20Young
Natural Beauty,Neil Young,D3,G4,https://singingcarrots.com/artist-range?artist=Neil%20Young
New Mama,Neil Young,D3,F#4,https://singingcarrots.com/artist-range?artist=Neil%20Young
No Wonder,Neil Young,D3,F4,https://singingcarrots.com/artist-range?artist=Neil%20Young
"Oh, Lonesome Me",Neil Young,E3,F#4,https://singingcarrots.com/artist-range?artist=Neil%20Young
Old Country Waltz,Neil Young,B2,G4,https://singingcarrots.com/artist-range?artist=Neil%20Young
Out on the Weekend,Neil Young,D3,E4,https://singingcarrots.com/artist-range?artist=Neil%20Young
Pardon My Heart,Neil Young,C3,D4,https://singingcarrots.com/artist-range?artist=Neil%20Young
Peace of Mind,Neil Young,E3,E4,https://singingcarrots.com/artist-range?artist=Neil%20Young
Pocohantas,Neil Young,C3,E4,https://singingcarrots.com/artist-range?artist=Neil%20Young
Prairie Wind,Neil Young,E3,B4,https://singingcarrots.com/artist-range?artist=Neil%20Young
Revolution Blues,Neil Young,E3,A4,https://singingcarrots.com/artist-range?artist=Neil%20Young
Ride My Llama,Neil Young,D3,G#4,https://singingcarrots.com/artist-range?artist=Neil%20Young
Roger and Out,Neil Young,G2,E4,https://singingcarrots.com/artist-range?artist=Neil%20Young
Roll Another Number,Neil Young,A2,D4,https://singingcarrots.com/artist-range?artist=Neil%20Young
Running Dry,Neil Young,C3,D4,https://singingcarrots.com/artist-range?artist=Neil%20Young
Saddle Up the Palomino,Neil Young,D3,D4,https://singingcarrots.com/artist-range?artist=Neil%20Young
Sail Away,Neil Young,D3,E4,https://singingcarrots.com/artist-range?artist=Neil%20Young
Sedan Delivery,Neil Young,E3,G#4,https://singingcarrots.com/artist-range?artist=Neil%20Young
Shock and Awe,Neil Young,B2,E4,https://singingcarrots.com/artist-range?artist=Neil%20Young
Song X,Neil Young,D3,E4,https://singingcarrots.com/artist-range?artist=Neil%20Young
Star of Bethlehem,Neil Young,C#3,D4,https://singingcarrots.com/artist-range?artist=Neil%20Young
Stringman,Neil Young,G2,D4,https://singingcarrots.com/artist-range?artist=Neil%20Young
Stupid Girl,Neil Young,E3,G#4,https://singingcarrots.com/artist-range?artist=Neil%20Young
Tell Me Why,Neil Young,D3,F4,https://singingcarrots.com/artist-range?artist=Neil%20Young
The Bridge,Neil Young,F3,F4,https://singingcarrots.com/artist-range?artist=Neil%20Young
The Campaigner,Neil Young,E3,F4,https://singingcarrots.com/artist-range?artist=Neil%20Young
The Old Laughing Lady,Neil Young,D3,D4,https://singingcarrots.com/artist-range?artist=Neil%20Young
The Painter,Neil Young,D3,G4,https://singingcarrots.com/artist-range?artist=Neil%20Young
The Restless Consumer,Neil Young,A2,G4,https://singingcarrots.com/artist-range?artist=Neil%20Young
The Will To Love,Neil Young,E3,E4,https://singingcarrots.com/artist-range?artist=Neil%20Young
There's a World,Neil Young,F3,D#4,https://singingcarrots.com/artist-range?artist=Neil%20Young
This Old Guitar,Neil Young,A2,F#4,https://singingcarrots.com/artist-range?artist=Neil%20Young
Thrasher,Neil Young,B2,B3,https://singingcarrots.com/artist-range?artist=Neil%20Young
Through My Sails,Neil Young,D3,D4,https://singingcarrots.com/artist-range?artist=Neil%20Young
Throw Your Hatred Down,Neil Young,E3,G4,https://singingcarrots.com/artist-range?artist=Neil%20Young
Time Fades Away,Neil Young,C#3,A4,https://singingcarrots.com/artist-range?artist=Neil%20Young
Tonight's the Night,Neil Young,D3,G4,https://singingcarrots.com/artist-range?artist=Neil%20Young
Truth Be Known,Neil Young,C#3,B3,https://singingcarrots.com/artist-range?artist=Neil%20Young
Two Old Friends,Neil Young,E3,F#4,https://singingcarrots.com/artist-range?artist=Neil%20Young
Unknown Legend,Neil Young,C3,B4,https://singingcarrots.com/artist-range?artist=Neil%20Young
Vampire Blues,Neil Young,E3,E4,https://singingcarrots.com/artist-range?artist=Neil%20Young
Walk On,Neil Young,E3,G#4,https://singingcarrots.com/artist-range?artist=Neil%20Young
Welfare Mothers,Neil Young,B2,A3,https://singingcarrots.com/artist-range?artist=Neil%20Young
What Did You Do To My Life?,Neil Young,D3,E4,https://singingcarrots.com/artist-range?artist=Neil%20Young
When God Made Me,Neil Young,E3,F4,https://singingcarrots.com/artist-range?artist=Neil%20Young
World on a String,Neil Young,C3,F4,https://singingcarrots.com/artist-range?artist=Neil%20Young
Yonder Stands the Sinner,Neil Young,E3,A4,https://singingcarrots.com/artist-range?artist=Neil%20Young
You're My Girl,Neil Young,F3,A4,https://singingcarrots.com/artist-range?artist=Neil%20Young
Goodbye,Night Ranger,B2,G#4,https://singingcarrots.com/artist-range?artist=Night%20Ranger
When You Close Your Eyes,Night Ranger,E3,A#4,https://singingcarrots.com/artist-range?artist=Night%20Ranger
Ain't Got No - I Got Life,Nina Simone,E3,B4,https://singingcarrots.com/artist-range?artist=Nina%20Simone
Break Down and Let It All Out,Nina Simone,E3,A4,https://singingcarrots.com/artist-range?artist=Nina%20Simone
Children Go Where I Send You,Nina Simone,D#3,G#4,https://singingcarrots.com/artist-range?artist=Nina%20Simone
Ev'ry Time We Say Goodbye,Nina Simone,D3,A#4,https://singingcarrots.com/artist-range?artist=Nina%20Simone
For All We Know,Nina Simone,D3,G4,https://singingcarrots.com/artist-range?artist=Nina%20Simone
He Needs Me,Nina Simone,E3,G4,https://singingcarrots.com/artist-range?artist=Nina%20Simone
I Put a Spell on You,Nina Simone,E3,B4,https://singingcarrots.com/artist-range?artist=Nina%20Simone
I Want a Little Sugar in My Bowl,Nina Simone,D3,A#4,https://singingcarrots.com/artist-range?artist=Nina%20Simone
I Wish I Knew How It Would Feel to Be Free,Nina Simone,F3,A#4,https://singingcarrots.com/artist-range?artist=Nina%20Simone
If I Should Lose You,Nina Simone,E3,G4,https://singingcarrots.com/artist-range?artist=Nina%20Simone
If You Knew,Nina Simone,D#3,G#4,https://singingcarrots.com/artist-range?artist=Nina%20Simone
It Might As Well Be Spring,Nina Simone,E3,F#4,https://singingcarrots.com/artist-range?artist=Nina%20Simone
Love Me or Leave Me,Nina Simone,D#3,F#4,https://singingcarrots.com/artist-range?artist=Nina%20Simone
My Baby Just Cares for Me,Nina Simone,E3,A4,https://singingcarrots.com/artist-range?artist=Nina%20Simone
My Man's Gone Now,Nina Simone,D3,A4,https://singingcarrots.com/artist-range?artist=Nina%20Simone
Night Song,Nina Simone,D3,A4,https://singingcarrots.com/artist-range?artist=Nina%20Simone
Seems I'm Never Tired Lovin' You,Nina Simone,E3,A4,https://singingcarrots.com/artist-range?artist=Nina%20Simone
Something Wonderful,Nina Simone,E3,A4,https://singingcarrots.com/artist-range?artist=Nina%20Simone
The Other Woman,Nina Simone,F3,G4,https://singingcarrots.com/artist-range?artist=Nina%20Simone
The Twelfth of Never,Nina Simone,D3,A#4,https://singingcarrots.com/artist-range?artist=Nina%20Simone
Willow Weep for Me,Nina Simone,D#3,F#4,https://singingcarrots.com/artist-range?artist=Nina%20Simone
Work Song,Nina Simone,D3,G4,https://singingcarrots.com/artist-range?artist=Nina%20Simone
Can the Circle Be Unbroken,Nitty Gritty Dirt Band,D3,E4,https://singingcarrots.com/artist-range?artist=The%20Nitty%20Gritty%20Dirt%20Band
Mr. Bojangles,Nitty Gritty Dirt Band,A2,C#4,https://singingcarrots.com/artist-range?artist=The%20Nitty%20Gritty%20Dirt%20Band
Shadow Dream Song,Nitty Gritty Dirt Band,B2,C4,https://singingcarrots.com/artist-range?artist=The%20Nitty%20Gritty%20Dirt%20Band
(It's Good) To Be Free,Oasis,E3,E4,https://singingcarrots.com/artist-range?artist=Oasis
Ain't Got Nothin',Oasis,E2,A4,https://singingcarrots.com/artist-range?artist=Oasis
Bag It Up,Oasis,D3,E4,https://singingcarrots.com/artist-range?artist=Oasis
Better Man,Oasis,C#3,C#4,https://singingcarrots.com/artist-range?artist=Oasis
Born on a Different Cloud,Oasis,E3,E4,https://singingcarrots.com/artist-range?artist=Oasis
Champagne Supernova,Oasis,E3,F#4,https://singingcarrots.com/artist-range?artist=Oasis
Cigarettes & Alcohol,Oasis,E3,G#4,https://singingcarrots.com/artist-range?artist=Oasis
Cloudburst,Oasis,E3,G#4,https://singingcarrots.com/artist-range?artist=Oasis
D'Yer Wanna Be a Spaceman?,Oasis,D3,E4,https://singingcarrots.com/artist-range?artist=Oasis
D'You Know What I Mean?,Oasis,C#3,F#4,https://singingcarrots.com/artist-range?artist=Oasis
Digsy's Dinner,Oasis,E3,F#4,https://singingcarrots.com/artist-range?artist=Oasis
Fade In-Out,Oasis,D3,F4,https://singingcarrots.com/artist-range?artist=Oasis
Force of Nature,Oasis,C#3,B4,https://singingcarrots.com/artist-range?artist=Oasis
Going Nowhere,Oasis,E3,E4,https://singingcarrots.com/artist-range?artist=Oasis
Half the World Away,Oasis,C3,E4,https://singingcarrots.com/artist-range?artist=Oasis
Hey Now,Oasis,E3,G4,https://singingcarrots.com/artist-range?artist=Oasis
Hung In a Bad Place,Oasis,E3,F#4,https://singingcarrots.com/artist-range?artist=Oasis
I'm Outta Time,Oasis,D2,G3,https://singingcarrots.com/artist-range?artist=Oasis
It's Better People,Oasis,C#3,G#4,https://singingcarrots.com/artist-range?artist=Oasis
It's Gettin' Better (Man!!),Oasis,E3,F#4,https://singingcarrots.com/artist-range?artist=Oasis
Little By Little,Oasis,A2,A4,https://singingcarrots.com/artist-range?artist=Oasis
Live Forever,Oasis,D3,B4,https://singingcarrots.com/artist-range?artist=Oasis
Lord Don't Slow Me Down,Oasis,F#2,F#3,https://singingcarrots.com/artist-range?artist=Oasis
Love Like a Bomb,Oasis,E2,G#4,https://singingcarrots.com/artist-range?artist=Oasis
Lyla,Oasis,B2,G#3,https://singingcarrots.com/artist-range?artist=Oasis
Magic Pie,Oasis,D3,B4,https://singingcarrots.com/artist-range?artist=Oasis
Married With Children,Oasis,C3,E4,https://singingcarrots.com/artist-range?artist=Oasis
Mucky Fingers,Oasis,A2,F#3,https://singingcarrots.com/artist-range?artist=Oasis
Part of the Queue,Oasis,E3,G4,https://singingcarrots.com/artist-range?artist=Oasis
Pass Me Down the Wine,Oasis,C#3,E4,https://singingcarrots.com/artist-range?artist=Oasis
Roll With It,Oasis,E3,F4,https://singingcarrots.com/artist-range?artist=Oasis
She Is Love,Oasis,D3,E4,https://singingcarrots.com/artist-range?artist=Oasis
She's Electric,Oasis,E2,G#4,https://singingcarrots.com/artist-range?artist=Oasis
Soldier On,Oasis,C#2,G#4,https://singingcarrots.com/artist-range?artist=Oasis
Songbird,Oasis,E3,D4,https://singingcarrots.com/artist-range?artist=Oasis
Stand by Me,Oasis,E3,E4,https://singingcarrots.com/artist-range?artist=Oasis
Sunday Morning Call,Oasis,F3,F4,https://singingcarrots.com/artist-range?artist=Oasis
Supersonic,Oasis,E3,F#4,https://singingcarrots.com/artist-range?artist=Oasis
Take Me Away,Oasis,A2,F#4,https://singingcarrots.com/artist-range?artist=Oasis
Talk Tonight,Oasis,D3,E4,https://singingcarrots.com/artist-range?artist=Oasis
The Girl In the Dirty Shirt,Oasis,E3,G4,https://singingcarrots.com/artist-range?artist=Oasis
The Importance of Being Idle,Oasis,G2,A3,https://singingcarrots.com/artist-range?artist=Oasis
The Meaning of Soul,Oasis,D3,E4,https://singingcarrots.com/artist-range?artist=Oasis
The Nature of Reality,Oasis,F2,D3,https://singingcarrots.com/artist-range?artist=Oasis
The Turning,Oasis,D3,G4,https://singingcarrots.com/artist-range?artist=Oasis
To Be Where There's Life,Oasis,D3,F4,https://singingcarrots.com/artist-range?artist=Oasis
Underneath the Sky,Oasis,D3,F#4,https://singingcarrots.com/artist-range?artist=Oasis
Where Did It All Go Wrong?,Oasis,E2,A4,https://singingcarrots.com/artist-range?artist=Oasis
Who Feels Love?,Oasis,G2,G4,https://singingcarrots.com/artist-range?artist=Oasis
Who Put the Weight of the World on My Shoulders?,Oasis,E3,F#4,https://singingcarrots.com/artist-range?artist=Oasis
All Er Nothin',Oklahoma!,D3,F4,https://singingcarrots.com/artist-range?artist=Oklahoma%21
Farmer Dance,Oklahoma!,D3,D#4,https://singingcarrots.com/artist-range?artist=Oklahoma%21
Finale Ultimo,Oklahoma!,D3,F#4,https://singingcarrots.com/artist-range?artist=Oklahoma%21
I Cain't Say No (Encore),Oklahoma!,C3,D4,https://singingcarrots.com/artist-range?artist=Oklahoma%21
I Cain't Say No [Excerpt],Oklahoma!,C3,D4,https://singingcarrots.com/artist-range?artist=Oklahoma%21
I Cain't Say No!,Oklahoma!,C3,D4,https://singingcarrots.com/artist-range?artist=Oklahoma%21
It's a Scandal! It's a Outrage!,Oklahoma!,B2,F#4,https://singingcarrots.com/artist-range?artist=Oklahoma%21
Kansas City,Oklahoma!,F2,F4,https://singingcarrots.com/artist-range?artist=Oklahoma%21
Kansas City [Excerpt],Oklahoma!,D#3,F4,https://singingcarrots.com/artist-range?artist=Oklahoma%21
Laurey's Entrance,Oklahoma!,D#3,E4,https://singingcarrots.com/artist-range?artist=Oklahoma%21
Lonely Room,Oklahoma!,D3,C#4,https://singingcarrots.com/artist-range?artist=Oklahoma%21
Lonely Room [Excerpt],Oklahoma!,D3,C#4,https://singingcarrots.com/artist-range?artist=Oklahoma%21
Many A New Day,Oklahoma!,E3,G4,https://singingcarrots.com/artist-range?artist=Oklahoma%21
Oklahoma,Oklahoma!,C3,E4,https://singingcarrots.com/artist-range?artist=Oklahoma%21
People Will Say We're in Love [Excerpt],Oklahoma!,C3,E4,https://singingcarrots.com/artist-range?artist=Oklahoma%21
The Farmer and the Cowman,Oklahoma!,G2,F4,https://singingcarrots.com/artist-range?artist=Oklahoma%21
The Surrey With the Fringe on Top (Reprise),Oklahoma!,D#3,E4,https://singingcarrots.com/artist-range?artist=Oklahoma%21
As Long as He Needs Me,Oliver!,F2,C4,https://singingcarrots.com/artist-range?artist=Oliver%21
As Long as He Needs Me [Excerpt],Oliver!,F2,C4,https://singingcarrots.com/artist-range?artist=Oliver%21
Boy for Sale,Oliver!,C3,A4,https://singingcarrots.com/artist-range?artist=Oliver%21
Boy for Sale [Excerpt],Oliver!,D3,A4,https://singingcarrots.com/artist-range?artist=Oliver%21
Fings Ain't Wot They Used T'Be,Oliver!,C3,F4,https://singingcarrots.com/artist-range?artist=Oliver%21
"Food, Glorious Food",Oliver!,B2,E4,https://singingcarrots.com/artist-range?artist=Oliver%21
I'd Do Anything,Oliver!,A#2,A#4,https://singingcarrots.com/artist-range?artist=Oliver%21
It's a Fine Life,Oliver!,C3,D4,https://singingcarrots.com/artist-range?artist=Oliver%21
My Name,Oliver!,C#3,E4,https://singingcarrots.com/artist-range?artist=Oliver%21
My Name [Excerpt],Oliver!,C#3,D4,https://singingcarrots.com/artist-range?artist=Oliver%21
Oliver!,Oliver!,D3,F4,https://singingcarrots.com/artist-range?artist=Oliver%21
Oom-Pah-Pah,Oliver!,C3,D4,https://singingcarrots.com/artist-range?artist=Oliver%21
Pick a Pocket or Two,Oliver!,C3,G4,https://singingcarrots.com/artist-range?artist=Oliver%21
That's Your Funeral,Oliver!,C3,F4,https://singingcarrots.com/artist-range?artist=Oliver%21
Where Is Love?,Oliver!,C3,D4,https://singingcarrots.com/artist-range?artist=Oliver%21
Who Will Buy?,Oliver!,D3,D4,https://singingcarrots.com/artist-range?artist=Oliver%21
Au Revoir,OneRepublic,A2,A4,https://singingcarrots.com/artist-range?artist=OneRepublic
Better Days,OneRepublic,C3,A#4,https://singingcarrots.com/artist-range?artist=OneRepublic
Christmas Without You,OneRepublic,D3,B4,https://singingcarrots.com/artist-range?artist=OneRepublic
Didn't I,OneRepublic,B2,B4,https://singingcarrots.com/artist-range?artist=OneRepublic
Don't Look Down,OneRepublic,A2,B3,https://singingcarrots.com/artist-range?artist=OneRepublic
No Vacancy,OneRepublic,C3,F4,https://singingcarrots.com/artist-range?artist=OneRepublic
Preacher,OneRepublic,G2,A4,https://singingcarrots.com/artist-range?artist=OneRepublic
Rescue Me,OneRepublic,A2,A4,https://singingcarrots.com/artist-range?artist=OneRepublic
Someone To Save You,OneRepublic,E3,A4,https://singingcarrots.com/artist-range?artist=OneRepublic
Something's Gotta Give,OneRepublic,B2,B4,https://singingcarrots.com/artist-range?artist=OneRepublic
Wanted,OneRepublic,F#2,C#4,https://singingcarrots.com/artist-range?artist=OneRepublic
Wherever I Go,OneRepublic,D2,F#4,https://singingcarrots.com/artist-range?artist=OneRepublic
Wild Life,OneRepublic,A2,F#4,https://singingcarrots.com/artist-range?artist=OneRepublic
Champagne and Wine,Otis Redding,B2,G#4,https://singingcarrots.com/artist-range?artist=Otis%20Redding
Hard to Handle,Otis Redding,G2,D4,https://singingcarrots.com/artist-range?artist=Otis%20Redding
I've Got Dreams To Remember,Otis Redding,E3,A4,https://singingcarrots.com/artist-range?artist=Otis%20Redding
My Lover's Prayer,Otis Redding,E3,A4,https://singingcarrots.com/artist-range?artist=Otis%20Redding
Pain In My Heart,Otis Redding,F3,A#4,https://singingcarrots.com/artist-range?artist=Otis%20Redding
Better,Pat Barrett,D3,G4,https://singingcarrots.com/artist-range?artist=Pat%20Barrett
Canvas and Clay,Pat Barrett,B2,F#4,https://singingcarrots.com/artist-range?artist=Pat%20Barrett
Everything Is Sacred,Pat Barrett,D3,D4,https://singingcarrots.com/artist-range?artist=Pat%20Barrett
God Is So Good (You Are Worthy),Pat Barrett,A2,E4,https://singingcarrots.com/artist-range?artist=Pat%20Barrett
Hymn of the Holy Spirit,Pat Barrett,A#2,D#4,https://singingcarrots.com/artist-range?artist=Pat%20Barrett
Let Everything (Praise the Lord),Pat Barrett,C3,F4,https://singingcarrots.com/artist-range?artist=Pat%20Barrett
My Hallelujah,Pat Barrett,D3,E4,https://singingcarrots.com/artist-range?artist=Pat%20Barrett
No Weapon,Pat Barrett,C#3,F#4,https://singingcarrots.com/artist-range?artist=Pat%20Barrett
Praise Upon Praise,Pat Barrett,C3,E4,https://singingcarrots.com/artist-range?artist=Pat%20Barrett
Sing to the Lord (Banner),Pat Barrett,C3,F4,https://singingcarrots.com/artist-range?artist=Pat%20Barrett
The Way (New Horizon),Pat Barrett,F3,F4,https://singingcarrots.com/artist-range?artist=Pat%20Barrett
This Is the Day,Pat Barrett,D#3,F#4,https://singingcarrots.com/artist-range?artist=Pat%20Barrett
I Love You So Much It Hurts Me,Patsy Cline,D3,B4,https://singingcarrots.com/artist-range?artist=Patsy%20Cline
So Wrong,Patsy Cline,F3,A4,https://singingcarrots.com/artist-range?artist=Patsy%20Cline
Three Cigarettes In An Ashtray,Patsy Cline,E3,A4,https://singingcarrots.com/artist-range?artist=Patsy%20Cline
When I Get Through With You (You'll Love Me Too),Patsy Cline,F3,G#4,https://singingcarrots.com/artist-range?artist=Patsy%20Cline
Why Can't He Be You,Patsy Cline,F3,A#4,https://singingcarrots.com/artist-range?artist=Patsy%20Cline
50 Ways to Leave Your Lover,Paul Simon,A2,C4,https://singingcarrots.com/artist-range?artist=Paul%20Simon
Ace in the Hole,Paul Simon,E3,A4,https://singingcarrots.com/artist-range?artist=Paul%20Simon
Cool Papa Bell,Paul Simon,D#3,D#4,https://singingcarrots.com/artist-range?artist=Paul%20Simon
"Crazy Love, Vol. II",Paul Simon,D3,F4,https://singingcarrots.com/artist-range?artist=Paul%20Simon
Duncan,Paul Simon,D3,E4,https://singingcarrots.com/artist-range?artist=Paul%20Simon
Everything Put Together Falls Apart,Paul Simon,G2,C#4,https://singingcarrots.com/artist-range?artist=Paul%20Simon
Father and Daughter,Paul Simon,E3,G#4,https://singingcarrots.com/artist-range?artist=Paul%20Simon
Fifty Ways to Leave Your Lover,Paul Simon,E3,G4,https://singingcarrots.com/artist-range?artist=Paul%20Simon
Gone At Last,Paul Simon,D3,G4,https://singingcarrots.com/artist-range?artist=Paul%20Simon
Have a Good Time,Paul Simon,F3,G#4,https://singingcarrots.com/artist-range?artist=Paul%20Simon
Hearts and Bones,Paul Simon,A2,G#4,https://singingcarrots.com/artist-range?artist=Paul%20Simon
Homeless,Paul Simon,C#3,A#4,https://singingcarrots.com/artist-range?artist=Paul%20Simon
How the Heart Approaches What It Yearns,Paul Simon,D#3,F#4,https://singingcarrots.com/artist-range?artist=Paul%20Simon
Hurricane Eye,Paul Simon,D3,A4,https://singingcarrots.com/artist-range?artist=Paul%20Simon
I Do It for Your Love,Paul Simon,D3,G#4,https://singingcarrots.com/artist-range?artist=Paul%20Simon
I Know What I Know,Paul Simon,C3,F4,https://singingcarrots.com/artist-range?artist=Paul%20Simon
Jonah,Paul Simon,D3,G4,https://singingcarrots.com/artist-range?artist=Paul%20Simon
Kodachrome™,Paul Simon,C3,A#3,https://singingcarrots.com/artist-range?artist=Paul%20Simon
Late in the Evening,Paul Simon,F3,E4,https://singingcarrots.com/artist-range?artist=Paul%20Simon
Learn How to Fall,Paul Simon,B2,E4,https://singingcarrots.com/artist-range?artist=Paul%20Simon
Loves Me Like a Rock,Paul Simon,D3,D4,https://singingcarrots.com/artist-range?artist=Paul%20Simon
Me And Julio Down by the Schoolyard,Paul Simon,C3,F4,https://singingcarrots.com/artist-range?artist=Paul%20Simon
Mother and Child Reunion,Paul Simon,C3,D4,https://singingcarrots.com/artist-range?artist=Paul%20Simon
My Little Town,Paul Simon,G2,F4,https://singingcarrots.com/artist-range?artist=Paul%20Simon
"Oh, Marion",Paul Simon,D#3,G#4,https://singingcarrots.com/artist-range?artist=Paul%20Simon
One Man's Ceiling Is Another Man's Floor,Paul Simon,G2,A4,https://singingcarrots.com/artist-range?artist=Paul%20Simon
Outrageous,Paul Simon,F3,F4,https://singingcarrots.com/artist-range?artist=Paul%20Simon
Rene and Georgette Magritte With Their Dog After the War,Paul Simon,B2,F#4,https://singingcarrots.com/artist-range?artist=Paul%20Simon
Slip Slidin' Away,Paul Simon,C3,D4,https://singingcarrots.com/artist-range?artist=Paul%20Simon
Some Folks' Lives Roll Easy,Paul Simon,D3,A4,https://singingcarrots.com/artist-range?artist=Paul%20Simon
Something So Right,Paul Simon,C3,G4,https://singingcarrots.com/artist-range?artist=Paul%20Simon
St. Judy's Comet,Paul Simon,E3,E4,https://singingcarrots.com/artist-range?artist=Paul%20Simon
Still Crazy After All These Years,Paul Simon,G2,D4,https://singingcarrots.com/artist-range?artist=Paul%20Simon
Stranded in a Limousine,Paul Simon,B2,G#4,https://singingcarrots.com/artist-range?artist=Paul%20Simon
Tenderness,Paul Simon,C3,G4,https://singingcarrots.com/artist-range?artist=Paul%20Simon
That Was Your Mother,Paul Simon,F3,F4,https://singingcarrots.com/artist-range?artist=Paul%20Simon
The Boy In the Bubble,Paul Simon,D3,D4,https://singingcarrots.com/artist-range?artist=Paul%20Simon
The Dangling Conversation,Paul Simon,A#2,D#4,https://singingcarrots.com/artist-range?artist=Paul%20Simon
The Obvious Child,Paul Simon,G#2,F#4,https://singingcarrots.com/artist-range?artist=Paul%20Simon
Train In the Distance,Paul Simon,C3,D#4,https://singingcarrots.com/artist-range?artist=Paul%20Simon
Under African Skies,Paul Simon,D#3,D#4,https://singingcarrots.com/artist-range?artist=Paul%20Simon
Wristband,Paul Simon,D#3,D#4,https://singingcarrots.com/artist-range?artist=Paul%20Simon
You Can Call Me Al,Paul Simon,F3,G4,https://singingcarrots.com/artist-range?artist=Paul%20Simon
You're Kind,Paul Simon,E3,G#4,https://singingcarrots.com/artist-range?artist=Paul%20Simon
Little Boxes,Pete Seeger,C3,E4,https://singingcarrots.com/artist-range?artist=Pete%20Seeger
Masters In This Hall,Pete Seeger,C#3,F4,https://singingcarrots.com/artist-range?artist=Pete%20Seeger
Turn! Turn! Turn! (To Everything There Is a Season),Pete Seeger,C3,E4,https://singingcarrots.com/artist-range?artist=Pete%20Seeger
We Shall Overcome,Pete Seeger,C3,D4,https://singingcarrots.com/artist-range?artist=Pete%20Seeger
Leaving on a Jet Plane,"Peter, Paul and Mary",E3,F#4,https://singingcarrots.com/artist-range?artist=Peter%20Paul%20and%20Mary
One Kind Favor,"Peter, Paul and Mary",D3,A#4,https://singingcarrots.com/artist-range?artist=Peter%20Paul%20and%20Mary
Always Forever,Phil Wickham,D#3,A#4,https://singingcarrots.com/artist-range?artist=Phil%20Wickham
Battle Belongs,Phil Wickham,C#3,G#4,https://singingcarrots.com/artist-range?artist=Phil%20Wickham
Beautiful,Phil Wickham,D#3,G#4,https://singingcarrots.com/artist-range?artist=Phil%20Wickham
Christ Is Risen,Phil Wickham,B2,E4,https://singingcarrots.com/artist-range?artist=Phil%20Wickham
Doxology // Amen,Phil Wickham,F3,G4,https://singingcarrots.com/artist-range?artist=Phil%20Wickham
Eyes Fixed,Phil Wickham,F#2,A4,https://singingcarrots.com/artist-range?artist=Phil%20Wickham
Move Me Again,Phil Wickham,D#2,C#4,https://singingcarrots.com/artist-range?artist=Phil%20Wickham
My All in All,Phil Wickham,A#2,G4,https://singingcarrots.com/artist-range?artist=Phil%20Wickham
Safe,Phil Wickham,F3,G4,https://singingcarrots.com/artist-range?artist=Phil%20Wickham
Stand in Awe,Phil Wickham,E3,F#4,https://singingcarrots.com/artist-range?artist=Phil%20Wickham
Till I Found You,Phil Wickham,C#3,B4,https://singingcarrots.com/artist-range?artist=Phil%20Wickham
True Love,Phil Wickham,G#2,G#3,https://singingcarrots.com/artist-range?artist=Phil%20Wickham
Wild River,Phil Wickham,G2,G4,https://singingcarrots.com/artist-range?artist=Phil%20Wickham
Your Love Awakens Me,Phil Wickham,C3,A4,https://singingcarrots.com/artist-range?artist=Phil%20Wickham
Another Brick In the Wall (Part 1),Pink Floyd,A2,A4,https://singingcarrots.com/artist-range?artist=Pink%20Floyd
Another Brick In the Wall (Part 2),Pink Floyd,A2,A3,https://singingcarrots.com/artist-range?artist=Pink%20Floyd
Brain Damage,Pink Floyd,A2,C4,https://singingcarrots.com/artist-range?artist=Pink%20Floyd
Comfortably Numb,Pink Floyd,F#2,E4,https://singingcarrots.com/artist-range?artist=Pink%20Floyd
Dogs,Pink Floyd,F3,A4,https://singingcarrots.com/artist-range?artist=Pink%20Floyd
Echoes,Pink Floyd,E3,C#4,https://singingcarrots.com/artist-range?artist=Pink%20Floyd
Free Four,Pink Floyd,G2,D4,https://singingcarrots.com/artist-range?artist=Pink%20Floyd
Goodbye Blue Sky,Pink Floyd,B2,G4,https://singingcarrots.com/artist-range?artist=Pink%20Floyd
Goodbye Cruel World,Pink Floyd,A2,F#3,https://singingcarrots.com/artist-range?artist=Pink%20Floyd
Hey You,Pink Floyd,A2,D4,https://singingcarrots.com/artist-range?artist=Pink%20Floyd
If,Pink Floyd,A2,G#3,https://singingcarrots.com/artist-range?artist=Pink%20Floyd
Is There Anybody Out There?,Pink Floyd,G2,E4,https://singingcarrots.com/artist-range?artist=Pink%20Floyd
Keep Talking,Pink Floyd,B2,G3,https://singingcarrots.com/artist-range?artist=Pink%20Floyd
Mother,Pink Floyd,E2,G4,https://singingcarrots.com/artist-range?artist=Pink%20Floyd
Nobody Home,Pink Floyd,E2,C4,https://singingcarrots.com/artist-range?artist=Pink%20Floyd
Not Now John,Pink Floyd,D3,B4,https://singingcarrots.com/artist-range?artist=Pink%20Floyd
One of My Turns,Pink Floyd,G2,A#4,https://singingcarrots.com/artist-range?artist=Pink%20Floyd
Paranoid Eyes,Pink Floyd,G2,E3,https://singingcarrots.com/artist-range?artist=Pink%20Floyd
Pigs (Three Different Ones),Pink Floyd,E3,B4,https://singingcarrots.com/artist-range?artist=Pink%20Floyd
Pigs on the Wing (One),Pink Floyd,G2,B3,https://singingcarrots.com/artist-range?artist=Pink%20Floyd
Pigs on the Wing (Two),Pink Floyd,G2,B3,https://singingcarrots.com/artist-range?artist=Pink%20Floyd
San Tropez,Pink Floyd,D3,D#4,https://singingcarrots.com/artist-range?artist=Pink%20Floyd
See Emily Play,Pink Floyd,D3,E4,https://singingcarrots.com/artist-range?artist=Pink%20Floyd
Shine on You Crazy Diamond,Pink Floyd,F2,A#4,https://singingcarrots.com/artist-range?artist=Pink%20Floyd
The Fletcher Memorial Home,Pink Floyd,D3,B4,https://singingcarrots.com/artist-range?artist=Pink%20Floyd
The Great Gig In the Sky,Pink Floyd,C3,A4,https://singingcarrots.com/artist-range?artist=Pink%20Floyd
The Happiest Days of Our Lives,Pink Floyd,E2,A4,https://singingcarrots.com/artist-range?artist=Pink%20Floyd
Vera,Pink Floyd,D3,E4,https://singingcarrots.com/artist-range?artist=Pink%20Floyd
Wots...Uh the Deal,Pink Floyd,D3,E4,https://singingcarrots.com/artist-range?artist=Pink%20Floyd
Young Lust,Pink Floyd,D3,G4,https://singingcarrots.com/artist-range?artist=Pink%20Floyd
Extraordinary,Pippin,C3,G4,https://singingcarrots.com/artist-range?artist=Pippin
Finale from Pippin,Pippin,C#3,G4,https://singingcarrots.com/artist-range?artist=Pippin
Guess I'll Miss the Man,Pippin,A2,D4,https://singingcarrots.com/artist-range?artist=Pippin
I Guess I'll Miss the Man,Pippin,G2,C4,https://singingcarrots.com/artist-range?artist=Pippin
Kind of Woman,Pippin,G#2,D4,https://singingcarrots.com/artist-range?artist=Pippin
Love Song,Pippin,B2,E4,https://singingcarrots.com/artist-range?artist=Pippin
Magic To Do,Pippin,E3,A4,https://singingcarrots.com/artist-range?artist=Pippin
Morning Glow,Pippin,C#3,G4,https://singingcarrots.com/artist-range?artist=Pippin
No Time At All,Pippin,E2,A3,https://singingcarrots.com/artist-range?artist=Pippin
Pippin (Finale),Pippin,C#3,G4,https://singingcarrots.com/artist-range?artist=Pippin
Simple Joys,Pippin,E3,A4,https://singingcarrots.com/artist-range?artist=Pippin
Spread a Little Sunshine,Pippin,B2,G4,https://singingcarrots.com/artist-range?artist=Pippin
With You,Pippin,B2,G4,https://singingcarrots.com/artist-range?artist=Pippin
"1, 2, 3, 4",Plain White T's,B2,D4,https://singingcarrots.com/artist-range?artist=Plain%20White%20T%27s
Airplane,Plain White T's,D3,F4,https://singingcarrots.com/artist-range?artist=Plain%20White%20T%27s
Body Parts,Plain White T's,C3,G4,https://singingcarrots.com/artist-range?artist=Plain%20White%20T%27s
Figure It Out,Plain White T's,E3,G4,https://singingcarrots.com/artist-range?artist=Plain%20White%20T%27s
Friends Don't Let Friends Dial Drunk,Plain White T's,B2,B4,https://singingcarrots.com/artist-range?artist=Plain%20White%20T%27s
Hate (I Really Don't Like You),Plain White T's,E3,A4,https://singingcarrots.com/artist-range?artist=Plain%20White%20T%27s
Irrational Anthem,Plain White T's,E3,A4,https://singingcarrots.com/artist-range?artist=Plain%20White%20T%27s
Killer,Plain White T's,D3,G4,https://singingcarrots.com/artist-range?artist=Plain%20White%20T%27s
Last Breath,Plain White T's,B2,G#4,https://singingcarrots.com/artist-range?artist=Plain%20White%20T%27s
Let Me Take You There,Plain White T's,E3,B4,https://singingcarrots.com/artist-range?artist=Plain%20White%20T%27s
Our Song,Plain White T's,B2,G#4,https://singingcarrots.com/artist-range?artist=Plain%20White%20T%27s
Our Time Now,Plain White T's,D3,B4,https://singingcarrots.com/artist-range?artist=Plain%20White%20T%27s
Rhythm of Love,Plain White T's,D3,A4,https://singingcarrots.com/artist-range?artist=Plain%20White%20T%27s
So Damn Clever,Plain White T's,D3,A4,https://singingcarrots.com/artist-range?artist=Plain%20White%20T%27s
Tearin' Us Apart,Plain White T's,E3,A4,https://singingcarrots.com/artist-range?artist=Plain%20White%20T%27s
Welcome To Mystery,Plain White T's,C3,A4,https://singingcarrots.com/artist-range?artist=Plain%20White%20T%27s
Wonders of the Younger,Plain White T's,D3,F4,https://singingcarrots.com/artist-range?artist=Plain%20White%20T%27s
Write You a Song,Plain White T's,B2,F#4,https://singingcarrots.com/artist-range?artist=Plain%20White%20T%27s
You and Me,Plain White T's,D3,B4,https://singingcarrots.com/artist-range?artist=Plain%20White%20T%27s
I Won't Forget You,Poison,E3,F#4,https://singingcarrots.com/artist-range?artist=Poison
Something to Believe In,Poison,A#2,A#4,https://singingcarrots.com/artist-range?artist=Poison
Talk Dirty to Me,Poison,E3,A4,https://singingcarrots.com/artist-range?artist=Poison
Your Mama Don't Dance,Poison,D3,A4,https://singingcarrots.com/artist-range?artist=Poison
'39,Queen,E3,A4,https://singingcarrots.com/artist-range?artist=Queen
"All dead, All dead",Queen,F2,A#4,https://singingcarrots.com/artist-range?artist=Queen
Barcelona,Queen,A#2,A#4,https://singingcarrots.com/artist-range?artist=Queen
Brighton Rock,Queen,C#3,C#4,https://singingcarrots.com/artist-range?artist=Queen
Calling All Girls,Queen,E3,G4,https://singingcarrots.com/artist-range?artist=Queen
Don't Stop Me Now,Queen,F3,A#4,https://singingcarrots.com/artist-range?artist=Queen
I'm Going Slightly Mad,Queen,G#2,G4,https://singingcarrots.com/artist-range?artist=Queen
I'm In Love With My Car,Queen,A2,D#4,https://singingcarrots.com/artist-range?artist=Queen
Is This the World We Created…?,Queen,C#3,A#4,https://singingcarrots.com/artist-range?artist=Queen
Killer Queen,Queen,D3,A#4,https://singingcarrots.com/artist-range?artist=Queen
Lazing on a Sunday Afternoon,Queen,D#3,A#4,https://singingcarrots.com/artist-range?artist=Queen
Let Me in Your Heart Again,Queen,F3,B4,https://singingcarrots.com/artist-range?artist=Queen
Love of My Life,Queen,F3,A#4,https://singingcarrots.com/artist-range?artist=Queen
Mother Love,Queen,D#3,B4,https://singingcarrots.com/artist-range?artist=Queen
My Melancholy Blues,Queen,D#3,A#4,https://singingcarrots.com/artist-range?artist=Queen
Need Your Loving Tonight,Queen,E3,B4,https://singingcarrots.com/artist-range?artist=Queen
No One But You (Only the Good Die Young),Queen,G#2,E4,https://singingcarrots.com/artist-range?artist=Queen
Radio Ga Ga,Queen,G2,A#3,https://singingcarrots.com/artist-range?artist=Queen
Thank God It's Christmas,Queen,E3,B4,https://singingcarrots.com/artist-range?artist=Queen
These Are the Days of Our Lives,Queen,F3,G4,https://singingcarrots.com/artist-range?artist=Queen
Too Much Love Will Kill You,Queen,E3,B4,https://singingcarrots.com/artist-range?artist=Queen
We Will Rock You,Queen,E3,A4,https://singingcarrots.com/artist-range?artist=Queen
(Don't Go Back To) Rockville,R.E.M.,C#3,E4,https://singingcarrots.com/artist-range?artist=R.E.M.
Accelerate,R.E.M.,B2,G4,https://singingcarrots.com/artist-range?artist=R.E.M.
Aftermath,R.E.M.,C3,C4,https://singingcarrots.com/artist-range?artist=R.E.M.
All the Way To Reno,R.E.M.,C3,F4,https://singingcarrots.com/artist-range?artist=R.E.M.
Animal,R.E.M.,E3,E4,https://singingcarrots.com/artist-range?artist=R.E.M.
Bad Day,R.E.M.,A#2,A4,https://singingcarrots.com/artist-range?artist=R.E.M.
Beachball,R.E.M.,C3,B3,https://singingcarrots.com/artist-range?artist=R.E.M.
Beat a Drum,R.E.M.,D3,D4,https://singingcarrots.com/artist-range?artist=R.E.M.
Boy In the Well,R.E.M.,F#2,D4,https://singingcarrots.com/artist-range?artist=R.E.M.
Chorus and the Ring,R.E.M.,A2,F#4,https://singingcarrots.com/artist-range?artist=R.E.M.
Country Feedback,R.E.M.,A2,G4,https://singingcarrots.com/artist-range?artist=R.E.M.
Crush with Eyeliner,R.E.M.,D3,F#4,https://singingcarrots.com/artist-range?artist=R.E.M.
Diminished,R.E.M.,C#3,D4,https://singingcarrots.com/artist-range?artist=R.E.M.
Disappear,R.E.M.,A2,C4,https://singingcarrots.com/artist-range?artist=R.E.M.
Drive,R.E.M.,A2,A3,https://singingcarrots.com/artist-range?artist=R.E.M.
Driver 8,R.E.M.,D3,D4,https://singingcarrots.com/artist-range?artist=R.E.M.
Electrolite,R.E.M.,D3,B3,https://singingcarrots.com/artist-range?artist=R.E.M.
Electron Blue,R.E.M.,D3,F4,https://singingcarrots.com/artist-range?artist=R.E.M.
Fall on Me,R.E.M.,C3,F4,https://singingcarrots.com/artist-range?artist=R.E.M.
Falls To Climb,R.E.M.,D3,D4,https://singingcarrots.com/artist-range?artist=R.E.M.
Find the River,R.E.M.,A2,D4,https://singingcarrots.com/artist-range?artist=R.E.M.
Half a World Away,R.E.M.,B2,C4,https://singingcarrots.com/artist-range?artist=R.E.M.
Hollow Man,R.E.M.,C#3,F#4,https://singingcarrots.com/artist-range?artist=R.E.M.
Hope,R.E.M.,C3,A3,https://singingcarrots.com/artist-range?artist=R.E.M.
Horse To Water,R.E.M.,F3,C#4,https://singingcarrots.com/artist-range?artist=R.E.M.
I'll Take the Rain,R.E.M.,E3,D4,https://singingcarrots.com/artist-range?artist=R.E.M.
I'm Not Over You,R.E.M.,D3,C4,https://singingcarrots.com/artist-range?artist=R.E.M.
I've Been High,R.E.M.,C3,F4,https://singingcarrots.com/artist-range?artist=R.E.M.
Imitation of Life,R.E.M.,E3,G4,https://singingcarrots.com/artist-range?artist=R.E.M.
It's the End of the World As We Know It,R.E.M.,D3,G4,https://singingcarrots.com/artist-range?artist=R.E.M.
Leaving New York,R.E.M.,G2,D4,https://singingcarrots.com/artist-range?artist=R.E.M.
Living Well Is the Best Revenge,R.E.M.,E3,F#4,https://singingcarrots.com/artist-range?artist=R.E.M.
Low,R.E.M.,F#2,D#4,https://singingcarrots.com/artist-range?artist=R.E.M.
Make It All Okay,R.E.M.,C3,D4,https://singingcarrots.com/artist-range?artist=R.E.M.
Man on the Moon,R.E.M.,C3,G4,https://singingcarrots.com/artist-range?artist=R.E.M.
Me In Honey,R.E.M.,C3,F4,https://singingcarrots.com/artist-range?artist=R.E.M.
Monty Got a Raw Deal,R.E.M.,G2,C4,https://singingcarrots.com/artist-range?artist=R.E.M.
Mr. Richards,R.E.M.,E3,E4,https://singingcarrots.com/artist-range?artist=R.E.M.
Near Wild Heaven,R.E.M.,E3,A4,https://singingcarrots.com/artist-range?artist=R.E.M.
Nightswimming,R.E.M.,D3,C4,https://singingcarrots.com/artist-range?artist=R.E.M.
Orange Crush,R.E.M.,D3,A4,https://singingcarrots.com/artist-range?artist=R.E.M.
Parakeet,R.E.M.,B2,B3,https://singingcarrots.com/artist-range?artist=R.E.M.
Radio Free Europe,R.E.M.,E3,E4,https://singingcarrots.com/artist-range?artist=R.E.M.
Radio Song,R.E.M.,C3,C#4,https://singingcarrots.com/artist-range?artist=R.E.M.
Sad Professor,R.E.M.,C#3,E4,https://singingcarrots.com/artist-range?artist=R.E.M.
Saturn Return,R.E.M.,C3,G4,https://singingcarrots.com/artist-range?artist=R.E.M.
She Just Wants To Be,R.E.M.,E3,E4,https://singingcarrots.com/artist-range?artist=R.E.M.
Sing for the Submarine,R.E.M.,E3,D4,https://singingcarrots.com/artist-range?artist=R.E.M.
So. Central Rain,R.E.M.,C3,E4,https://singingcarrots.com/artist-range?artist=R.E.M.
So. Central Rain (I'm Sorry),R.E.M.,C3,E4,https://singingcarrots.com/artist-range?artist=R.E.M.
Stand,R.E.M.,E3,F4,https://singingcarrots.com/artist-range?artist=R.E.M.
Star Me Kitten,R.E.M.,F2,G3,https://singingcarrots.com/artist-range?artist=R.E.M.
Summer Turns To High,R.E.M.,B2,G4,https://singingcarrots.com/artist-range?artist=R.E.M.
Superman,R.E.M.,E3,G#4,https://singingcarrots.com/artist-range?artist=R.E.M.
Supernatural Superserious,R.E.M.,A2,E4,https://singingcarrots.com/artist-range?artist=R.E.M.
Suspicion,R.E.M.,D3,F4,https://singingcarrots.com/artist-range?artist=R.E.M.
Sweetness Follows,R.E.M.,A2,C#4,https://singingcarrots.com/artist-range?artist=R.E.M.
The Apologist,R.E.M.,E3,E4,https://singingcarrots.com/artist-range?artist=R.E.M.
The Ascent of Man,R.E.M.,A2,G4,https://singingcarrots.com/artist-range?artist=R.E.M.
The Great Beyond,R.E.M.,G2,D4,https://singingcarrots.com/artist-range?artist=R.E.M.
The Lifting,R.E.M.,E3,F4,https://singingcarrots.com/artist-range?artist=R.E.M.
The One I Love,R.E.M.,D3,E4,https://singingcarrots.com/artist-range?artist=R.E.M.
The Sidewinder Sleeps Tonite,R.E.M.,D3,A4,https://singingcarrots.com/artist-range?artist=R.E.M.
The Worst Joke Ever,R.E.M.,A2,E4,https://singingcarrots.com/artist-range?artist=R.E.M.
Try Not To Breathe,R.E.M.,D3,E4,https://singingcarrots.com/artist-range?artist=R.E.M.
Until the Day Is Done,R.E.M.,D3,C#4,https://singingcarrots.com/artist-range?artist=R.E.M.
Walk Unafraid,R.E.M.,E3,E4,https://singingcarrots.com/artist-range?artist=R.E.M.
Wanderlust,R.E.M.,C3,F#4,https://singingcarrots.com/artist-range?artist=R.E.M.
Why Not Smile,R.E.M.,A2,B3,https://singingcarrots.com/artist-range?artist=R.E.M.
You're In the Air,R.E.M.,A2,G4,https://singingcarrots.com/artist-range?artist=R.E.M.
A Few Ole Country Boys,Randy Travis,F2,F4,https://singingcarrots.com/artist-range?artist=Randy%20Travis
Above All,Randy Travis,A2,C4,https://singingcarrots.com/artist-range?artist=Randy%20Travis
Dig Two Graves,Randy Travis,A2,E4,https://singingcarrots.com/artist-range?artist=Randy%20Travis
Diggin' Up Bones,Randy Travis,G2,E4,https://singingcarrots.com/artist-range?artist=Randy%20Travis
He Walked on Water,Randy Travis,A2,B3,https://singingcarrots.com/artist-range?artist=Randy%20Travis
How Great Thou Art,Randy Travis,A2,D4,https://singingcarrots.com/artist-range?artist=Randy%20Travis
I'll Fly Away,Randy Travis,A2,E4,https://singingcarrots.com/artist-range?artist=Randy%20Travis
If You Only Knew,Randy Travis,G2,E4,https://singingcarrots.com/artist-range?artist=Randy%20Travis
On the Other Hand,Randy Travis,C3,A#3,https://singingcarrots.com/artist-range?artist=Randy%20Travis
Open the Eyes of My Heart,Randy Travis,E2,C4,https://singingcarrots.com/artist-range?artist=Randy%20Travis
Peace in the Valley,Randy Travis,G2,D#4,https://singingcarrots.com/artist-range?artist=Randy%20Travis
Room at the Cross for You,Randy Travis,A2,A3,https://singingcarrots.com/artist-range?artist=Randy%20Travis
The Box,Randy Travis,E2,B3,https://singingcarrots.com/artist-range?artist=Randy%20Travis
Three Wooden Crosses,Randy Travis,A2,B3,https://singingcarrots.com/artist-range?artist=Randy%20Travis
Turn Your Radio On,Randy Travis,A#2,E4,https://singingcarrots.com/artist-range?artist=Randy%20Travis
Valley of Pain,Randy Travis,A2,E4,https://singingcarrots.com/artist-range?artist=Randy%20Travis
We Fall Down,Randy Travis,G2,E4,https://singingcarrots.com/artist-range?artist=Randy%20Travis
You Are Worthy of My Praise,Randy Travis,A2,C#4,https://singingcarrots.com/artist-range?artist=Randy%20Travis
Ain't That Love,Ray Charles,C#3,G#4,https://singingcarrots.com/artist-range?artist=Ray%20Charles
America the Beautiful,Ray Charles,A2,G4,https://singingcarrots.com/artist-range?artist=Ray%20Charles
Born to Lose,Ray Charles,A#1,F3,https://singingcarrots.com/artist-range?artist=Ray%20Charles
Busted,Ray Charles,D#3,F4,https://singingcarrots.com/artist-range?artist=Ray%20Charles
Christmas In My Heart,Ray Charles,D3,A4,https://singingcarrots.com/artist-range?artist=Ray%20Charles
Crying Time,Ray Charles,D#3,F#4,https://singingcarrots.com/artist-range?artist=Ray%20Charles
Desafinado,Ray Charles,B2,D4,https://singingcarrots.com/artist-range?artist=Ray%20Charles
Don't Change on Me,Ray Charles,D3,B4,https://singingcarrots.com/artist-range?artist=Ray%20Charles
"Hallelujah, I Love Her So",Ray Charles,E3,G4,https://singingcarrots.com/artist-range?artist=Ray%20Charles
Hard Times (No One Knows Better Than I),Ray Charles,A#1,C4,https://singingcarrots.com/artist-range?artist=Ray%20Charles
Here We Go Again,Ray Charles,A#2,C4,https://singingcarrots.com/artist-range?artist=Ray%20Charles
"Hit the Road, Jack",Ray Charles,F2,D#4,https://singingcarrots.com/artist-range?artist=Ray%20Charles
I Believe To My Soul,Ray Charles,D#2,G#3,https://singingcarrots.com/artist-range?artist=Ray%20Charles
I Got a Woman,Ray Charles,A#2,D#4,https://singingcarrots.com/artist-range?artist=Ray%20Charles
In the Heat of the Night,Ray Charles,D3,E4,https://singingcarrots.com/artist-range?artist=Ray%20Charles
Let the Good Times Roll,Ray Charles,C3,D#4,https://singingcarrots.com/artist-range?artist=Ray%20Charles
My Bonnie,Ray Charles,F3,A#4,https://singingcarrots.com/artist-range?artist=Ray%20Charles
No One,Ray Charles,F3,D#4,https://singingcarrots.com/artist-range?artist=Ray%20Charles
Ruby,Ray Charles,G#2,F4,https://singingcarrots.com/artist-range?artist=Ray%20Charles
Sinner's Prayer,Ray Charles,E3,A#4,https://singingcarrots.com/artist-range?artist=Ray%20Charles
Swanee River Rock,Ray Charles,C3,F4,https://singingcarrots.com/artist-range?artist=Ray%20Charles
Take These Chains from My Heart,Ray Charles,E2,F3,https://singingcarrots.com/artist-range?artist=Ray%20Charles
That Lucky Old Sun,Ray Charles,F#2,A4,https://singingcarrots.com/artist-range?artist=Ray%20Charles
Unchain My Heart,Ray Charles,E3,E4,https://singingcarrots.com/artist-range?artist=Ray%20Charles
Understanding,Ray Charles,A#2,G3,https://singingcarrots.com/artist-range?artist=Ray%20Charles
What'd I Say,Ray Charles,A#2,F4,https://singingcarrots.com/artist-range?artist=Ray%20Charles
You Don't Know Me,Ray Charles,G2,D4,https://singingcarrots.com/artist-range?artist=Ray%20Charles
Aeroplane,Red Hot Chili Peppers,D#3,B4,https://singingcarrots.com/artist-range?artist=Red%20Hot%20Chili%20Peppers
Annie Wants a Baby,Red Hot Chili Peppers,D3,E4,https://singingcarrots.com/artist-range?artist=Red%20Hot%20Chili%20Peppers
Around the World,Red Hot Chili Peppers,D#3,D#4,https://singingcarrots.com/artist-range?artist=Red%20Hot%20Chili%20Peppers
Brendan's Death Song,Red Hot Chili Peppers,D3,A4,https://singingcarrots.com/artist-range?artist=Red%20Hot%20Chili%20Peppers
By the Way,Red Hot Chili Peppers,E3,E4,https://singingcarrots.com/artist-range?artist=Red%20Hot%20Chili%20Peppers
C'mon Girl,Red Hot Chili Peppers,D3,A4,https://singingcarrots.com/artist-range?artist=Red%20Hot%20Chili%20Peppers
Californication,Red Hot Chili Peppers,E3,A4,https://singingcarrots.com/artist-range?artist=Red%20Hot%20Chili%20Peppers
Can't Stop,Red Hot Chili Peppers,E3,E4,https://singingcarrots.com/artist-range?artist=Red%20Hot%20Chili%20Peppers
"Dance, Dance, Dance",Red Hot Chili Peppers,B2,G4,https://singingcarrots.com/artist-range?artist=Red%20Hot%20Chili%20Peppers
Dark Necessities,Red Hot Chili Peppers,A#2,F4,https://singingcarrots.com/artist-range?artist=Red%20Hot%20Chili%20Peppers
Desecration Smile,Red Hot Chili Peppers,E3,G4,https://singingcarrots.com/artist-range?artist=Red%20Hot%20Chili%20Peppers
Did I Let You Know,Red Hot Chili Peppers,F3,G4,https://singingcarrots.com/artist-range?artist=Red%20Hot%20Chili%20Peppers
Don't Forget Me,Red Hot Chili Peppers,G2,A4,https://singingcarrots.com/artist-range?artist=Red%20Hot%20Chili%20Peppers
Easily,Red Hot Chili Peppers,E3,F4,https://singingcarrots.com/artist-range?artist=Red%20Hot%20Chili%20Peppers
Emit Remmus,Red Hot Chili Peppers,D#3,G4,https://singingcarrots.com/artist-range?artist=Red%20Hot%20Chili%20Peppers
Factory of Faith,Red Hot Chili Peppers,C3,F#4,https://singingcarrots.com/artist-range?artist=Red%20Hot%20Chili%20Peppers
Get on Top,Red Hot Chili Peppers,G2,G4,https://singingcarrots.com/artist-range?artist=Red%20Hot%20Chili%20Peppers
Hard To Concentrate,Red Hot Chili Peppers,B2,D4,https://singingcarrots.com/artist-range?artist=Red%20Hot%20Chili%20Peppers
Higher Ground,Red Hot Chili Peppers,G2,A4,https://singingcarrots.com/artist-range?artist=Red%20Hot%20Chili%20Peppers
Hump de Bump,Red Hot Chili Peppers,E3,G4,https://singingcarrots.com/artist-range?artist=Red%20Hot%20Chili%20Peppers
I Could Die for You,Red Hot Chili Peppers,E3,F#4,https://singingcarrots.com/artist-range?artist=Red%20Hot%20Chili%20Peppers
Look Around,Red Hot Chili Peppers,F3,G4,https://singingcarrots.com/artist-range?artist=Red%20Hot%20Chili%20Peppers
Meet Me At the Corner,Red Hot Chili Peppers,D3,F4,https://singingcarrots.com/artist-range?artist=Red%20Hot%20Chili%20Peppers
Monarchy of Roses,Red Hot Chili Peppers,B2,A4,https://singingcarrots.com/artist-range?artist=Red%20Hot%20Chili%20Peppers
My Friends,Red Hot Chili Peppers,D3,B4,https://singingcarrots.com/artist-range?artist=Red%20Hot%20Chili%20Peppers
Otherside,Red Hot Chili Peppers,E3,G4,https://singingcarrots.com/artist-range?artist=Red%20Hot%20Chili%20Peppers
Police Station,Red Hot Chili Peppers,C3,G4,https://singingcarrots.com/artist-range?artist=Red%20Hot%20Chili%20Peppers
Porcelain,Red Hot Chili Peppers,B2,F#4,https://singingcarrots.com/artist-range?artist=Red%20Hot%20Chili%20Peppers
Readymade,Red Hot Chili Peppers,D3,A4,https://singingcarrots.com/artist-range?artist=Red%20Hot%20Chili%20Peppers
Right on Time,Red Hot Chili Peppers,D#3,B4,https://singingcarrots.com/artist-range?artist=Red%20Hot%20Chili%20Peppers
Road Trippin',Red Hot Chili Peppers,D3,G4,https://singingcarrots.com/artist-range?artist=Red%20Hot%20Chili%20Peppers
Save the Population,Red Hot Chili Peppers,D3,A4,https://singingcarrots.com/artist-range?artist=Red%20Hot%20Chili%20Peppers
Slow Cheetah,Red Hot Chili Peppers,A#2,F#4,https://singingcarrots.com/artist-range?artist=Red%20Hot%20Chili%20Peppers
Snow (Hey Oh),Red Hot Chili Peppers,C#3,D#4,https://singingcarrots.com/artist-range?artist=Red%20Hot%20Chili%20Peppers
Soul To Squeeze,Red Hot Chili Peppers,D3,D4,https://singingcarrots.com/artist-range?artist=Red%20Hot%20Chili%20Peppers
Suck My Kiss,Red Hot Chili Peppers,F3,F#4,https://singingcarrots.com/artist-range?artist=Red%20Hot%20Chili%20Peppers
Tell Me Baby,Red Hot Chili Peppers,E3,G4,https://singingcarrots.com/artist-range?artist=Red%20Hot%20Chili%20Peppers
The Adventures of Rain Dance Maggie,Red Hot Chili Peppers,B2,D4,https://singingcarrots.com/artist-range?artist=Red%20Hot%20Chili%20Peppers
They're Red Hot,Red Hot Chili Peppers,C3,G4,https://singingcarrots.com/artist-range?artist=Red%20Hot%20Chili%20Peppers
Universally Speaking,Red Hot Chili Peppers,B2,F#4,https://singingcarrots.com/artist-range?artist=Red%20Hot%20Chili%20Peppers
Venice Queen,Red Hot Chili Peppers,E3,E4,https://singingcarrots.com/artist-range?artist=Red%20Hot%20Chili%20Peppers
Wet Sand,Red Hot Chili Peppers,D3,G#4,https://singingcarrots.com/artist-range?artist=Red%20Hot%20Chili%20Peppers
Angels,Richard Smallwood,G2,D#4,https://singingcarrots.com/artist-range?artist=Richard%20Smallwood
Anthem of Praise,Richard Smallwood,C#3,A#4,https://singingcarrots.com/artist-range?artist=Richard%20Smallwood
At the Table,Richard Smallwood,C3,G#4,https://singingcarrots.com/artist-range?artist=Richard%20Smallwood
Bless the Lord,Richard Smallwood,G#2,G#4,https://singingcarrots.com/artist-range?artist=Richard%20Smallwood
Calvary,Richard Smallwood,G2,G#4,https://singingcarrots.com/artist-range?artist=Richard%20Smallwood
Center of My Joy,Richard Smallwood,D#3,G#4,https://singingcarrots.com/artist-range?artist=Richard%20Smallwood
Come Before His Presence,Richard Smallwood,F2,D#4,https://singingcarrots.com/artist-range?artist=Richard%20Smallwood
Coronation,Richard Smallwood,F3,G#4,https://singingcarrots.com/artist-range?artist=Richard%20Smallwood
Faith,Richard Smallwood,B2,G#4,https://singingcarrots.com/artist-range?artist=Richard%20Smallwood
God of Promise,Richard Smallwood,G2,G4,https://singingcarrots.com/artist-range?artist=Richard%20Smallwood
Healing,Richard Smallwood,G2,F4,https://singingcarrots.com/artist-range?artist=Richard%20Smallwood
Holy Thou Art God,Richard Smallwood,A2,G4,https://singingcarrots.com/artist-range?artist=Richard%20Smallwood
I'm Forgiven,Richard Smallwood,G#2,G#4,https://singingcarrots.com/artist-range?artist=Richard%20Smallwood
Is There Any Way?,Richard Smallwood,G#2,F4,https://singingcarrots.com/artist-range?artist=Richard%20Smallwood
Mender,Richard Smallwood,F2,G#4,https://singingcarrots.com/artist-range?artist=Richard%20Smallwood
My Everything,Richard Smallwood,E2,F#4,https://singingcarrots.com/artist-range?artist=Richard%20Smallwood
My Everything (Praise Waiteth),Richard Smallwood,D2,A3,https://singingcarrots.com/artist-range?artist=Richard%20Smallwood
Nothing Without Your Love,Richard Smallwood,G2,G4,https://singingcarrots.com/artist-range?artist=Richard%20Smallwood
Oh Lord We Praise You,Richard Smallwood,A2,F4,https://singingcarrots.com/artist-range?artist=Richard%20Smallwood
Persuaded,Richard Smallwood,G#2,F4,https://singingcarrots.com/artist-range?artist=Richard%20Smallwood
Psalm 8,Richard Smallwood,G2,G4,https://singingcarrots.com/artist-range?artist=Richard%20Smallwood
Sow In Tears,Richard Smallwood,G#2,D#4,https://singingcarrots.com/artist-range?artist=Richard%20Smallwood
Thank You,Richard Smallwood,C#2,D#4,https://singingcarrots.com/artist-range?artist=Richard%20Smallwood
The Highest Praise,Richard Smallwood,G2,A4,https://singingcarrots.com/artist-range?artist=Richard%20Smallwood
Unbroken Promises,Richard Smallwood,C3,A4,https://singingcarrots.com/artist-range?artist=Richard%20Smallwood
You Did It All,Richard Smallwood,G2,C4,https://singingcarrots.com/artist-range?artist=Richard%20Smallwood
You're Not Alone,Richard Smallwood,A#2,D#4,https://singingcarrots.com/artist-range?artist=Richard%20Smallwood
Your Love Divine,Richard Smallwood,G2,F4,https://singingcarrots.com/artist-range?artist=Richard%20Smallwood
"Jesus, Draw Me Close",Rick Founds,F2,A4,https://singingcarrots.com/artist-range?artist=Rick%20Founds
"Jesus, Draw Me Close",Rick Founds,F2,A4,https://singingcarrots.com/artist-range?artist=Rick%20Founds
Advertising Space,Robbie Williams,C3,B4,https://singingcarrots.com/artist-range?artist=Robbie%20Williams
All That I Want,Robbie Williams,B2,F#4,https://singingcarrots.com/artist-range?artist=Robbie%20Williams
Be a Boy,Robbie Williams,C3,G4,https://singingcarrots.com/artist-range?artist=Robbie%20Williams
Better Man,Robbie Williams,C#3,A#4,https://singingcarrots.com/artist-range?artist=Robbie%20Williams
Beyond the Sea,Robbie Williams,C3,E4,https://singingcarrots.com/artist-range?artist=Robbie%20Williams
Blasphemy,Robbie Williams,B2,B4,https://singingcarrots.com/artist-range?artist=Robbie%20Williams
Candy,Robbie Williams,F3,G4,https://singingcarrots.com/artist-range?artist=Robbie%20Williams
Cursed,Robbie Williams,A2,F#4,https://singingcarrots.com/artist-range?artist=Robbie%20Williams
Deceptacon,Robbie Williams,E2,B4,https://singingcarrots.com/artist-range?artist=Robbie%20Williams
Different,Robbie Williams,E3,B4,https://singingcarrots.com/artist-range?artist=Robbie%20Williams
Difficult for Weirdos,Robbie Williams,G2,D4,https://singingcarrots.com/artist-range?artist=Robbie%20Williams
Do Nothin' Till You Hear From Me,Robbie Williams,C3,D4,https://singingcarrots.com/artist-range?artist=Robbie%20Williams
Do You Mind,Robbie Williams,B2,G4,https://singingcarrots.com/artist-range?artist=Robbie%20Williams
Eternity,Robbie Williams,C3,F4,https://singingcarrots.com/artist-range?artist=Robbie%20Williams
Go Gentle,Robbie Williams,D3,G4,https://singingcarrots.com/artist-range?artist=Robbie%20Williams
Grace,Robbie Williams,D#3,G4,https://singingcarrots.com/artist-range?artist=Robbie%20Williams
Handsome Man,Robbie Williams,A2,A4,https://singingcarrots.com/artist-range?artist=Robbie%20Williams
Heaven From Here,Robbie Williams,D3,B4,https://singingcarrots.com/artist-range?artist=Robbie%20Williams
Hot Fudge,Robbie Williams,F3,G#4,https://singingcarrots.com/artist-range?artist=Robbie%20Williams
How Peculiar,Robbie Williams,D#3,A#4,https://singingcarrots.com/artist-range?artist=Robbie%20Williams
Into the Silence,Robbie Williams,A2,B4,https://singingcarrots.com/artist-range?artist=Robbie%20Williams
It Was A Very Good Year,Robbie Williams,A2,C4,https://singingcarrots.com/artist-range?artist=Robbie%20Williams
It's Only Us,Robbie Williams,E3,B4,https://singingcarrots.com/artist-range?artist=Robbie%20Williams
Jesus In a Camper Van,Robbie Williams,B2,B4,https://singingcarrots.com/artist-range?artist=Robbie%20Williams
Karma Killer,Robbie Williams,A2,B4,https://singingcarrots.com/artist-range?artist=Robbie%20Williams
Kids,Robbie Williams,A2,B4,https://singingcarrots.com/artist-range?artist=Robbie%20Williams
Last Days of Disco,Robbie Williams,A#2,A4,https://singingcarrots.com/artist-range?artist=Robbie%20Williams
Lazy Days,Robbie Williams,C3,F4,https://singingcarrots.com/artist-range?artist=Robbie%20Williams
Let Love Be Your Energy,Robbie Williams,A#2,A#4,https://singingcarrots.com/artist-range?artist=Robbie%20Williams
Let Me Entertain You,Robbie Williams,D#3,G#4,https://singingcarrots.com/artist-range?artist=Robbie%20Williams
Love My Life,Robbie Williams,F3,G4,https://singingcarrots.com/artist-range?artist=Robbie%20Williams
Love Somebody,Robbie Williams,D3,A4,https://singingcarrots.com/artist-range?artist=Robbie%20Williams
Man Machine,Robbie Williams,E3,A4,https://singingcarrots.com/artist-range?artist=Robbie%20Williams
Me and My Monkey,Robbie Williams,A#2,G#4,https://singingcarrots.com/artist-range?artist=Robbie%20Williams
Me and My Shadow,Robbie Williams,A#2,A#4,https://singingcarrots.com/artist-range?artist=Robbie%20Williams
Millennium,Robbie Williams,C#3,A#4,https://singingcarrots.com/artist-range?artist=Robbie%20Williams
Misunderstood,Robbie Williams,B2,E4,https://singingcarrots.com/artist-range?artist=Robbie%20Williams
Mixed Signals,Robbie Williams,D#3,A#4,https://singingcarrots.com/artist-range?artist=Robbie%20Williams
Morning Sun,Robbie Williams,D3,F4,https://singingcarrots.com/artist-range?artist=Robbie%20Williams
Morning Sun Reprise,Robbie Williams,D3,A4,https://singingcarrots.com/artist-range?artist=Robbie%20Williams
My Heart and I,Robbie Williams,D3,A#4,https://singingcarrots.com/artist-range?artist=Robbie%20Williams
Nan's Song,Robbie Williams,B2,B4,https://singingcarrots.com/artist-range?artist=Robbie%20Williams
No Regrets,Robbie Williams,A#2,G#4,https://singingcarrots.com/artist-range?artist=Robbie%20Williams
Old Before I Die,Robbie Williams,E3,A4,https://singingcarrots.com/artist-range?artist=Robbie%20Williams
One for My Baby,Robbie Williams,G2,C#4,https://singingcarrots.com/artist-range?artist=Robbie%20Williams
One of God's Better People,Robbie Williams,B2,G4,https://singingcarrots.com/artist-range?artist=Robbie%20Williams
Party Like a Russian,Robbie Williams,E3,G#4,https://singingcarrots.com/artist-range?artist=Robbie%20Williams
Radio,Robbie Williams,D#3,G#4,https://singingcarrots.com/artist-range?artist=Robbie%20Williams
Shame,Robbie Williams,A#2,A#4,https://singingcarrots.com/artist-range?artist=Robbie%20Williams
Something Beautiful,Robbie Williams,F3,G#4,https://singingcarrots.com/artist-range?artist=Robbie%20Williams
Somewhere,Robbie Williams,E3,A4,https://singingcarrots.com/artist-range?artist=Robbie%20Williams
Song 3,Robbie Williams,E3,A#4,https://singingcarrots.com/artist-range?artist=Robbie%20Williams
South of the Border,Robbie Williams,E3,A4,https://singingcarrots.com/artist-range?artist=Robbie%20Williams
Stalker's Day Off,Robbie Williams,F3,G4,https://singingcarrots.com/artist-range?artist=Robbie%20Williams
Starstruck,Robbie Williams,A#2,B4,https://singingcarrots.com/artist-range?artist=Robbie%20Williams
Straighten Up and Fly Right,Robbie Williams,C#3,D4,https://singingcarrots.com/artist-range?artist=Robbie%20Williams
Strong,Robbie Williams,C3,A#4,https://singingcarrots.com/artist-range?artist=Robbie%20Williams
Superblind,Robbie Williams,A2,A4,https://singingcarrots.com/artist-range?artist=Robbie%20Williams
Supreme,Robbie Williams,C3,F4,https://singingcarrots.com/artist-range?artist=Robbie%20Williams
The Road To Mandalay,Robbie Williams,A#2,F4,https://singingcarrots.com/artist-range?artist=Robbie%20Williams
These Dreams,Robbie Williams,D3,F#4,https://singingcarrots.com/artist-range?artist=Robbie%20Williams
Won't Do That,Robbie Williams,B2,A4,https://singingcarrots.com/artist-range?artist=Robbie%20Williams
You Know Me,Robbie Williams,C3,G#4,https://singingcarrots.com/artist-range?artist=Robbie%20Williams
All Is Well,Robin Mark,E2,D4,https://singingcarrots.com/artist-range?artist=Robin%20Mark
Ancient Words,Robin Mark,B2,B3,https://singingcarrots.com/artist-range?artist=Robin%20Mark
Be Unto Your Name,Robin Mark,C3,E4,https://singingcarrots.com/artist-range?artist=Robin%20Mark
Everything Cries Holy,Robin Mark,C3,C4,https://singingcarrots.com/artist-range?artist=Robin%20Mark
Glory To Your Name,Robin Mark,C3,C4,https://singingcarrots.com/artist-range?artist=Robin%20Mark
Greater the One,Robin Mark,A2,D4,https://singingcarrots.com/artist-range?artist=Robin%20Mark
Hallelujah (Your Love Is Amazing),Robin Mark,B2,D4,https://singingcarrots.com/artist-range?artist=Robin%20Mark
Highly Exalted,Robin Mark,G#2,C#4,https://singingcarrots.com/artist-range?artist=Robin%20Mark
Holy Is Our God,Robin Mark,B2,E4,https://singingcarrots.com/artist-range?artist=Robin%20Mark
How Great Are You Lord,Robin Mark,C3,C4,https://singingcarrots.com/artist-range?artist=Robin%20Mark
I Am Persuaded,Robin Mark,C3,C4,https://singingcarrots.com/artist-range?artist=Robin%20Mark
I Have Been Crucified With Christ,Robin Mark,C3,C4,https://singingcarrots.com/artist-range?artist=Robin%20Mark
O Amazing,Robin Mark,B2,D4,https://singingcarrots.com/artist-range?artist=Robin%20Mark
One Day,Robin Mark,A2,D4,https://singingcarrots.com/artist-range?artist=Robin%20Mark
Rend the Heavens,Robin Mark,A2,D4,https://singingcarrots.com/artist-range?artist=Robin%20Mark
Revival,Robin Mark,B2,D4,https://singingcarrots.com/artist-range?artist=Robin%20Mark
Some Trust In Chariots,Robin Mark,A2,D4,https://singingcarrots.com/artist-range?artist=Robin%20Mark
There Is None Like You,Robin Mark,C3,C4,https://singingcarrots.com/artist-range?artist=Robin%20Mark
Watchman,Robin Mark,A2,E4,https://singingcarrots.com/artist-range?artist=Robin%20Mark
When It's All Been Said and Done,Robin Mark,C2,G3,https://singingcarrots.com/artist-range?artist=Robin%20Mark
Year of Grace,Robin Mark,B2,C4,https://singingcarrots.com/artist-range?artist=Robin%20Mark
You're the Lion of Judah,Robin Mark,A#2,D#4,https://singingcarrots.com/artist-range?artist=Robin%20Mark
Chug-a-Lug,Roger Miller,D3,E4,https://singingcarrots.com/artist-range?artist=Roger%20Miller
Do-Wacka-Do,Roger Miller,C3,F4,https://singingcarrots.com/artist-range?artist=Roger%20Miller
England Swings,Roger Miller,A2,F#4,https://singingcarrots.com/artist-range?artist=Roger%20Miller
Old Toy Trains,Roger Miller,C3,C4,https://singingcarrots.com/artist-range?artist=Roger%20Miller
The Last Word In Lonesome Is Me,Roger Miller,C3,A4,https://singingcarrots.com/artist-range?artist=Roger%20Miller
Walkin' in the Sunshine,Roger Miller,C3,F4,https://singingcarrots.com/artist-range?artist=Roger%20Miller
When Two Worlds Collide,Roger Miller,C3,F4,https://singingcarrots.com/artist-range?artist=Roger%20Miller
You Can't Roller Skate In a Buffalo Herd,Roger Miller,B2,C4,https://singingcarrots.com/artist-range?artist=Roger%20Miller
(Ain't That) Good News,Sam Cooke,D3,B4,https://singingcarrots.com/artist-range?artist=Sam%20Cooke
(I Love You) For Sentimental Reasons,Sam Cooke,D3,G4,https://singingcarrots.com/artist-range?artist=Sam%20Cooke
(Somebody) Ease My Troublin' Mind,Sam Cooke,D3,A4,https://singingcarrots.com/artist-range?artist=Sam%20Cooke
(What a) Wonderful World,Sam Cooke,G#2,B4,https://singingcarrots.com/artist-range?artist=Sam%20Cooke
Another Saturday Night,Sam Cooke,E3,A4,https://singingcarrots.com/artist-range?artist=Sam%20Cooke
"Baby, We've Got Love",Sam Cooke,F3,G4,https://singingcarrots.com/artist-range?artist=Sam%20Cooke
Basin Street Blues,Sam Cooke,D3,G4,https://singingcarrots.com/artist-range?artist=Sam%20Cooke
Bill Bailey,Sam Cooke,D3,A4,https://singingcarrots.com/artist-range?artist=Sam%20Cooke
Cousin of Mine,Sam Cooke,F3,G4,https://singingcarrots.com/artist-range?artist=Sam%20Cooke
Damper,Sam Cooke,F3,G4,https://singingcarrots.com/artist-range?artist=Sam%20Cooke
Everybody Loves To Cha Cha Cha,Sam Cooke,B2,G4,https://singingcarrots.com/artist-range?artist=Sam%20Cooke
Falling In Love,Sam Cooke,C3,G4,https://singingcarrots.com/artist-range?artist=Sam%20Cooke
Frankie and Johnny,Sam Cooke,F3,A#4,https://singingcarrots.com/artist-range?artist=Sam%20Cooke
Free At Last,Sam Cooke,D#3,A#4,https://singingcarrots.com/artist-range?artist=Sam%20Cooke
Get Yourself Another Fool,Sam Cooke,C3,D#4,https://singingcarrots.com/artist-range?artist=Sam%20Cooke
Home,Sam Cooke,B2,F#4,https://singingcarrots.com/artist-range?artist=Sam%20Cooke
I Gopher You,Sam Cooke,D3,G#4,https://singingcarrots.com/artist-range?artist=Sam%20Cooke
I Lost Everything,Sam Cooke,C#3,G#4,https://singingcarrots.com/artist-range?artist=Sam%20Cooke
I'll Always Be In Love With You,Sam Cooke,F3,G4,https://singingcarrots.com/artist-range?artist=Sam%20Cooke
I'll Come Running Back To You,Sam Cooke,C3,G#4,https://singingcarrots.com/artist-range?artist=Sam%20Cooke
I'm a Pilgrim,Sam Cooke,F3,A4,https://singingcarrots.com/artist-range?artist=Sam%20Cooke
I've Got Love for You,Sam Cooke,D3,A4,https://singingcarrots.com/artist-range?artist=Sam%20Cooke
It's Got the Whole World Shakin',Sam Cooke,E3,A4,https://singingcarrots.com/artist-range?artist=Sam%20Cooke
Jesus Gave Me Water,Sam Cooke,F3,A#4,https://singingcarrots.com/artist-range?artist=Sam%20Cooke
Keep Movin' on,Sam Cooke,E3,E4,https://singingcarrots.com/artist-range?artist=Sam%20Cooke
Little Red Rooster,Sam Cooke,C3,A4,https://singingcarrots.com/artist-range?artist=Sam%20Cooke
Looking for a Love,Sam Cooke,D3,A#4,https://singingcarrots.com/artist-range?artist=Sam%20Cooke
Lovable,Sam Cooke,G2,A4,https://singingcarrots.com/artist-range?artist=Sam%20Cooke
Meet Me At Mary's Place,Sam Cooke,D3,A#4,https://singingcarrots.com/artist-range?artist=Sam%20Cooke
Nothing Can Change This Love,Sam Cooke,E3,A4,https://singingcarrots.com/artist-range?artist=Sam%20Cooke
"Oh Mary, Don't You Weep",Sam Cooke,E3,F#4,https://singingcarrots.com/artist-range?artist=Sam%20Cooke
Only Sixteen,Sam Cooke,F3,G#4,https://singingcarrots.com/artist-range?artist=Sam%20Cooke
Please Don't Drive Me Away,Sam Cooke,A#2,G4,https://singingcarrots.com/artist-range?artist=Sam%20Cooke
Praying Ground,Sam Cooke,C3,G4,https://singingcarrots.com/artist-range?artist=Sam%20Cooke
Sad Mood,Sam Cooke,D3,G4,https://singingcarrots.com/artist-range?artist=Sam%20Cooke
Somewhere There's a Girl,Sam Cooke,G2,A4,https://singingcarrots.com/artist-range?artist=Sam%20Cooke
Sugar Dumpling,Sam Cooke,F3,A#4,https://singingcarrots.com/artist-range?artist=Sam%20Cooke
Summertime,Sam Cooke,C#3,F#4,https://singingcarrots.com/artist-range?artist=Sam%20Cooke
That's Heaven To Me,Sam Cooke,B2,G4,https://singingcarrots.com/artist-range?artist=Sam%20Cooke
The Best Things In Life Are Free,Sam Cooke,D#3,A4,https://singingcarrots.com/artist-range?artist=Sam%20Cooke
The Riddle Song,Sam Cooke,D3,E4,https://singingcarrots.com/artist-range?artist=Sam%20Cooke
There'll Be No Second Time,Sam Cooke,D3,A4,https://singingcarrots.com/artist-range?artist=Sam%20Cooke
This Little Light of Mine,Sam Cooke,E3,A4,https://singingcarrots.com/artist-range?artist=Sam%20Cooke
Time Brings About a Change,Sam Cooke,D#3,B4,https://singingcarrots.com/artist-range?artist=Sam%20Cooke
Trouble Blues,Sam Cooke,E3,B4,https://singingcarrots.com/artist-range?artist=Sam%20Cooke
Try a Little Love,Sam Cooke,D3,B4,https://singingcarrots.com/artist-range?artist=Sam%20Cooke
When I Fall in Love,Sam Cooke,C3,G4,https://singingcarrots.com/artist-range?artist=Sam%20Cooke
When a Boy Falls In Love,Sam Cooke,D3,A4,https://singingcarrots.com/artist-range?artist=Sam%20Cooke
Win Your Love for Me,Sam Cooke,D3,G4,https://singingcarrots.com/artist-range?artist=Sam%20Cooke
You Were Made for Me,Sam Cooke,E2,F#4,https://singingcarrots.com/artist-range?artist=Sam%20Cooke
You're Nobody 'Til Somebody Loves You,Sam Cooke,D3,A4,https://singingcarrots.com/artist-range?artist=Sam%20Cooke
Send Me An Angel,Scorpions,E3,B4,https://singingcarrots.com/artist-range?artist=Scorpions
Amazing,Seal,E3,F#4,https://singingcarrots.com/artist-range?artist=Seal
Crazy,Seal,B2,A4,https://singingcarrots.com/artist-range?artist=Seal
Don't Cry,Seal,B2,A4,https://singingcarrots.com/artist-range?artist=Seal
Dreaming In Metaphors,Seal,F3,A4,https://singingcarrots.com/artist-range?artist=Seal
Free,Seal,G2,G#4,https://singingcarrots.com/artist-range?artist=Seal
Get It Together,Seal,A#2,G#4,https://singingcarrots.com/artist-range?artist=Seal
Human Beings,Seal,B2,B4,https://singingcarrots.com/artist-range?artist=Seal
I Am Your Man,Seal,C#3,B4,https://singingcarrots.com/artist-range?artist=Seal
If I Could,Seal,A2,F#4,https://singingcarrots.com/artist-range?artist=Seal
Killer,Seal,F3,A#4,https://singingcarrots.com/artist-range?artist=Seal
Lips Like Sugar,Seal,B2,F#4,https://singingcarrots.com/artist-range?artist=Seal
My Vision,Seal,E3,G4,https://singingcarrots.com/artist-range?artist=Seal
Prayer for the Dying,Seal,A2,G4,https://singingcarrots.com/artist-range?artist=Seal
Rolling,Seal,D#3,F#4,https://singingcarrots.com/artist-range?artist=Seal
Secret,Seal,D3,F#4,https://singingcarrots.com/artist-range?artist=Seal
Thank You (Falettinme Be Mice Elf Agin),Seal,E2,B4,https://singingcarrots.com/artist-range?artist=Seal
The Right Life,Seal,G2,A4,https://singingcarrots.com/artist-range?artist=Seal
This Could Be Heaven,Seal,F3,G4,https://singingcarrots.com/artist-range?artist=Seal
Walk On By,Seal,C#3,F#4,https://singingcarrots.com/artist-range?artist=Seal
24 Hours,Shawn Mendes,A#2,A4,https://singingcarrots.com/artist-range?artist=Shawn%20Mendes
A Little Too Much,Shawn Mendes,C3,A4,https://singingcarrots.com/artist-range?artist=Shawn%20Mendes
Aftertaste,Shawn Mendes,D3,A4,https://singingcarrots.com/artist-range?artist=Shawn%20Mendes
Air,Shawn Mendes,G2,G4,https://singingcarrots.com/artist-range?artist=Shawn%20Mendes
Bad Reputation,Shawn Mendes,B2,B4,https://singingcarrots.com/artist-range?artist=Shawn%20Mendes
Call My Friends,Shawn Mendes,A2,B4,https://singingcarrots.com/artist-range?artist=Shawn%20Mendes
Can't Imagine,Shawn Mendes,D3,D4,https://singingcarrots.com/artist-range?artist=Shawn%20Mendes
Crazy,Shawn Mendes,D#3,G#4,https://singingcarrots.com/artist-range?artist=Shawn%20Mendes
Don't Be a Fool,Shawn Mendes,E3,B4,https://singingcarrots.com/artist-range?artist=Shawn%20Mendes
Fallin' All in You,Shawn Mendes,C3,G4,https://singingcarrots.com/artist-range?artist=Shawn%20Mendes
Hold On,Shawn Mendes,D3,G4,https://singingcarrots.com/artist-range?artist=Shawn%20Mendes
Honest,Shawn Mendes,E3,B4,https://singingcarrots.com/artist-range?artist=Shawn%20Mendes
I Don't Even Know Your Name,Shawn Mendes,A#2,A#4,https://singingcarrots.com/artist-range?artist=Shawn%20Mendes
If I Can't Have You,Shawn Mendes,G2,A4,https://singingcarrots.com/artist-range?artist=Shawn%20Mendes
Imagination,Shawn Mendes,G2,G4,https://singingcarrots.com/artist-range?artist=Shawn%20Mendes
In My Blood,Shawn Mendes,A2,A#4,https://singingcarrots.com/artist-range?artist=Shawn%20Mendes
Life of the Party,Shawn Mendes,F3,G4,https://singingcarrots.com/artist-range?artist=Shawn%20Mendes
Lights On,Shawn Mendes,E3,E4,https://singingcarrots.com/artist-range?artist=Shawn%20Mendes
Like This,Shawn Mendes,F3,A#4,https://singingcarrots.com/artist-range?artist=Shawn%20Mendes
Memories,Shawn Mendes,E3,B4,https://singingcarrots.com/artist-range?artist=Shawn%20Mendes
Mutual,Shawn Mendes,B2,F#4,https://singingcarrots.com/artist-range?artist=Shawn%20Mendes
Never Be Alone,Shawn Mendes,A#2,A4,https://singingcarrots.com/artist-range?artist=Shawn%20Mendes
Oh Cecilia (Breaking My Heart),Shawn Mendes,D#3,G#4,https://singingcarrots.com/artist-range?artist=Shawn%20Mendes
Patience,Shawn Mendes,A#2,G4,https://singingcarrots.com/artist-range?artist=Shawn%20Mendes
Perfectly Wrong,Shawn Mendes,D3,A4,https://singingcarrots.com/artist-range?artist=Shawn%20Mendes
Ruin,Shawn Mendes,D3,G4,https://singingcarrots.com/artist-range?artist=Shawn%20Mendes
Running Low,Shawn Mendes,C3,G4,https://singingcarrots.com/artist-range?artist=Shawn%20Mendes
Show You,Shawn Mendes,A2,G4,https://singingcarrots.com/artist-range?artist=Shawn%20Mendes
Strings,Shawn Mendes,F3,G4,https://singingcarrots.com/artist-range?artist=Shawn%20Mendes
The Weight,Shawn Mendes,F2,A#4,https://singingcarrots.com/artist-range?artist=Shawn%20Mendes
This Is What It Takes,Shawn Mendes,C3,A4,https://singingcarrots.com/artist-range?artist=Shawn%20Mendes
Three Empty Words,Shawn Mendes,E3,G4,https://singingcarrots.com/artist-range?artist=Shawn%20Mendes
Understand,Shawn Mendes,D3,A#4,https://singingcarrots.com/artist-range?artist=Shawn%20Mendes
When You're Ready,Shawn Mendes,C3,F4,https://singingcarrots.com/artist-range?artist=Shawn%20Mendes
Why,Shawn Mendes,A#2,A#4,https://singingcarrots.com/artist-range?artist=Shawn%20Mendes
Wonder,Shawn Mendes,B2,A4,https://singingcarrots.com/artist-range?artist=Shawn%20Mendes
7 O'Clock News / Silent Night,Simon & Garfunkel,G#2,C#4,https://singingcarrots.com/artist-range?artist=Simon%20%26%20Garfunkel
A Church Is Burning,Simon & Garfunkel,D3,G4,https://singingcarrots.com/artist-range?artist=Simon%20%26%20Garfunkel
A Hazy Shade of Winter,Simon & Garfunkel,C3,F4,https://singingcarrots.com/artist-range?artist=Simon%20%26%20Garfunkel
A Most Peculiar Man,Simon & Garfunkel,A2,D4,https://singingcarrots.com/artist-range?artist=Simon%20%26%20Garfunkel
A Simple Desultory Phillippic,Simon & Garfunkel,C3,D4,https://singingcarrots.com/artist-range?artist=Simon%20%26%20Garfunkel
America,Simon & Garfunkel,A#2,F4,https://singingcarrots.com/artist-range?artist=Simon%20%26%20Garfunkel
April Come She Will,Simon & Garfunkel,D3,D4,https://singingcarrots.com/artist-range?artist=Simon%20%26%20Garfunkel
At the Zoo,Simon & Garfunkel,C3,F4,https://singingcarrots.com/artist-range?artist=Simon%20%26%20Garfunkel
Baby Driver,Simon & Garfunkel,B2,F#4,https://singingcarrots.com/artist-range?artist=Simon%20%26%20Garfunkel
Bookends,Simon & Garfunkel,A#2,G#3,https://singingcarrots.com/artist-range?artist=Simon%20%26%20Garfunkel
Cecilia,Simon & Garfunkel,C3,D4,https://singingcarrots.com/artist-range?artist=Simon%20%26%20Garfunkel
Cloudy,Simon & Garfunkel,C#3,D4,https://singingcarrots.com/artist-range?artist=Simon%20%26%20Garfunkel
Congratulations,Simon & Garfunkel,D3,F#4,https://singingcarrots.com/artist-range?artist=Simon%20%26%20Garfunkel
El Condor Pasa (If I Could),Simon & Garfunkel,B2,G4,https://singingcarrots.com/artist-range?artist=Simon%20%26%20Garfunkel
Fakin' It,Simon & Garfunkel,D#3,E4,https://singingcarrots.com/artist-range?artist=Simon%20%26%20Garfunkel
Flowers Never Bend With the Rainfall,Simon & Garfunkel,D3,D4,https://singingcarrots.com/artist-range?artist=Simon%20%26%20Garfunkel
"For Emily, Whenever I May Find Her",Simon & Garfunkel,D#3,D#4,https://singingcarrots.com/artist-range?artist=Simon%20%26%20Garfunkel
I Am a Rock,Simon & Garfunkel,C3,E4,https://singingcarrots.com/artist-range?artist=Simon%20%26%20Garfunkel
Keep the Customer Satisfied,Simon & Garfunkel,D#3,G4,https://singingcarrots.com/artist-range?artist=Simon%20%26%20Garfunkel
Last Night I Had the Strangest Dream,Simon & Garfunkel,C3,C4,https://singingcarrots.com/artist-range?artist=Simon%20%26%20Garfunkel
Leaves That Are Green,Simon & Garfunkel,B2,A3,https://singingcarrots.com/artist-range?artist=Simon%20%26%20Garfunkel
Mrs. Robinson,Simon & Garfunkel,D3,G4,https://singingcarrots.com/artist-range?artist=Simon%20%26%20Garfunkel
Old Friends,Simon & Garfunkel,G2,G4,https://singingcarrots.com/artist-range?artist=Simon%20%26%20Garfunkel
Overs,Simon & Garfunkel,A2,E4,https://singingcarrots.com/artist-range?artist=Simon%20%26%20Garfunkel
Punky's Dilemma,Simon & Garfunkel,C3,A4,https://singingcarrots.com/artist-range?artist=Simon%20%26%20Garfunkel
Richard Cory,Simon & Garfunkel,D3,A4,https://singingcarrots.com/artist-range?artist=Simon%20%26%20Garfunkel
Save the Life of My Child,Simon & Garfunkel,C3,A4,https://singingcarrots.com/artist-range?artist=Simon%20%26%20Garfunkel
Scarborough Fair / Canticle,Simon & Garfunkel,C3,D4,https://singingcarrots.com/artist-range?artist=Simon%20%26%20Garfunkel
"So Long, Frank Lloyd Wright",Simon & Garfunkel,F3,F4,https://singingcarrots.com/artist-range?artist=Simon%20%26%20Garfunkel
Song for the Asking,Simon & Garfunkel,A#2,A#3,https://singingcarrots.com/artist-range?artist=Simon%20%26%20Garfunkel
The 59th Street Bridge Song (Feelin' Groovy),Simon & Garfunkel,A#2,D4,https://singingcarrots.com/artist-range?artist=Simon%20%26%20Garfunkel
The Big Bright Green Pleasure Machine,Simon & Garfunkel,D3,F#4,https://singingcarrots.com/artist-range?artist=Simon%20%26%20Garfunkel
The Only Living Boy in New York,Simon & Garfunkel,C3,F4,https://singingcarrots.com/artist-range?artist=Simon%20%26%20Garfunkel
We've Got a Groovy Thing Goin',Simon & Garfunkel,C3,G4,https://singingcarrots.com/artist-range?artist=Simon%20%26%20Garfunkel
"Wednesday Morning, 3 A.M.",Simon & Garfunkel,C3,D4,https://singingcarrots.com/artist-range?artist=Simon%20%26%20Garfunkel
(You Can) Depend on Me,Smokey Robinson & The Miracles,G2,D4,https://singingcarrots.com/artist-range?artist=Smokey%20Robinson%20%26%20the%20Miracles
I Don't Blame You At All,Smokey Robinson & The Miracles,C3,C4,https://singingcarrots.com/artist-range?artist=Smokey%20Robinson%20%26%20the%20Miracles
Shop Around,Smokey Robinson & The Miracles,D3,A#4,https://singingcarrots.com/artist-range?artist=Smokey%20Robinson%20%26%20the%20Miracles
The Tears of a Clown,Smokey Robinson & The Miracles,A#2,C4,https://singingcarrots.com/artist-range?artist=Smokey%20Robinson%20%26%20the%20Miracles
The Tracks of My Tears,Smokey Robinson & The Miracles,D3,B4,https://singingcarrots.com/artist-range?artist=Smokey%20Robinson%20%26%20the%20Miracles
Crack the Shutters,Snow Patrol,G2,E4,https://singingcarrots.com/artist-range?artist=Snow%20Patrol
Don't Give In,Snow Patrol,E3,B4,https://singingcarrots.com/artist-range?artist=Snow%20Patrol
Gleaming Auction,Snow Patrol,A2,B4,https://singingcarrots.com/artist-range?artist=Snow%20Patrol
Hands Open,Snow Patrol,F3,F4,https://singingcarrots.com/artist-range?artist=Snow%20Patrol
Headlights on Dark Roads,Snow Patrol,E3,G4,https://singingcarrots.com/artist-range?artist=Snow%20Patrol
In My Arms,Snow Patrol,B2,D4,https://singingcarrots.com/artist-range?artist=Snow%20Patrol
In the End,Snow Patrol,G2,A4,https://singingcarrots.com/artist-range?artist=Snow%20Patrol
It's Beginning To Get To Me,Snow Patrol,A2,G#4,https://singingcarrots.com/artist-range?artist=Snow%20Patrol
New York,Snow Patrol,C3,D4,https://singingcarrots.com/artist-range?artist=Snow%20Patrol
Open Your Eyes,Snow Patrol,D3,E4,https://singingcarrots.com/artist-range?artist=Snow%20Patrol
Run,Snow Patrol,G2,E4,https://singingcarrots.com/artist-range?artist=Snow%20Patrol
Same,Snow Patrol,C3,F4,https://singingcarrots.com/artist-range?artist=Snow%20Patrol
Set the Fire To the Third Bar,Snow Patrol,D3,B4,https://singingcarrots.com/artist-range?artist=Snow%20Patrol
Signal Fire,Snow Patrol,A2,A4,https://singingcarrots.com/artist-range?artist=Snow%20Patrol
Spitting Games,Snow Patrol,A2,D4,https://singingcarrots.com/artist-range?artist=Snow%20Patrol
Take Back the City,Snow Patrol,D3,D#4,https://singingcarrots.com/artist-range?artist=Snow%20Patrol
The Finish Line,Snow Patrol,C3,E4,https://singingcarrots.com/artist-range?artist=Snow%20Patrol
"The Lightning Strike, Parts I, II & III",Snow Patrol,B2,B4,https://singingcarrots.com/artist-range?artist=Snow%20Patrol
The Lightning Strike: I. What If This Storm Ends,Snow Patrol,F3,G4,https://singingcarrots.com/artist-range?artist=Snow%20Patrol
The Lightning Strike: II. The Sunlight Through the Flags,Snow Patrol,B2,B3,https://singingcarrots.com/artist-range?artist=Snow%20Patrol
The Lightning Strike: III. Daybreak,Snow Patrol,B2,E4,https://singingcarrots.com/artist-range?artist=Snow%20Patrol
The Planets Bend Between Us,Snow Patrol,A2,E4,https://singingcarrots.com/artist-range?artist=Snow%20Patrol
This Isn't Everything You Are,Snow Patrol,C#3,D#4,https://singingcarrots.com/artist-range?artist=Snow%20Patrol
Tiny Little Fractures,Snow Patrol,E3,A4,https://singingcarrots.com/artist-range?artist=Snow%20Patrol
Warmer Climate,Snow Patrol,A2,B3,https://singingcarrots.com/artist-range?artist=Snow%20Patrol
Ways & Means,Snow Patrol,A2,A3,https://singingcarrots.com/artist-range?artist=Snow%20Patrol
We Can Run Away Now They're All Dead and Gone,Snow Patrol,D3,C4,https://singingcarrots.com/artist-range?artist=Snow%20Patrol
What If This Is All the Love You Ever Get?,Snow Patrol,C3,A4,https://singingcarrots.com/artist-range?artist=Snow%20Patrol
Whatever's Left,Snow Patrol,A2,B4,https://singingcarrots.com/artist-range?artist=Snow%20Patrol
Wow,Snow Patrol,B2,C#4,https://singingcarrots.com/artist-range?artist=Snow%20Patrol
You Could Be Happy,Snow Patrol,A#2,D4,https://singingcarrots.com/artist-range?artist=Snow%20Patrol
You're All I Have,Snow Patrol,C#3,B4,https://singingcarrots.com/artist-range?artist=Snow%20Patrol
You're All That I Have,Snow Patrol,C#3,B4,https://singingcarrots.com/artist-range?artist=Snow%20Patrol
A Cock-Eyed Optimist,South Pacific,B2,D4,https://singingcarrots.com/artist-range?artist=South%20Pacific
A Cockeyed Optimist,South Pacific,A2,C4,https://singingcarrots.com/artist-range?artist=South%20Pacific
A Cockeyed Optimist [Excerpt],South Pacific,B2,D4,https://singingcarrots.com/artist-range?artist=South%20Pacific
A Wonderful Guy,South Pacific,C#3,D4,https://singingcarrots.com/artist-range?artist=South%20Pacific
A Wonderful Guy [Excerpt],South Pacific,B2,C4,https://singingcarrots.com/artist-range?artist=South%20Pacific
Bali Hai,South Pacific,C3,D4,https://singingcarrots.com/artist-range?artist=South%20Pacific
Bloody Mary,South Pacific,D#3,D#4,https://singingcarrots.com/artist-range?artist=South%20Pacific
Dites-Moi,South Pacific,D3,C4,https://singingcarrots.com/artist-range?artist=South%20Pacific
Honey Bun,South Pacific,A#2,A#3,https://singingcarrots.com/artist-range?artist=South%20Pacific
Honey Bun [Excerpt],South Pacific,A#2,A#3,https://singingcarrots.com/artist-range?artist=South%20Pacific
I'm Gonna Wash That Man Right Outa My Hair,South Pacific,C3,F4,https://singingcarrots.com/artist-range?artist=South%20Pacific
Loneliness of Evening,South Pacific,B2,D4,https://singingcarrots.com/artist-range?artist=South%20Pacific
My Girl Back Home,South Pacific,C3,D4,https://singingcarrots.com/artist-range?artist=South%20Pacific
Some Enchanted Evening [Excerpt],South Pacific,C3,E4,https://singingcarrots.com/artist-range?artist=South%20Pacific
Twin Soliloquies,South Pacific,A2,B3,https://singingcarrots.com/artist-range?artist=South%20Pacific
You've Got To Be Carefully Taught,South Pacific,D3,D4,https://singingcarrots.com/artist-range?artist=South%20Pacific
Younger Than Springtime [Excerpt],South Pacific,E3,G4,https://singingcarrots.com/artist-range?artist=South%20Pacific
All I Do,Stevie Wonder,G#2,B3,https://singingcarrots.com/artist-range?artist=Stevie%20Wonder
All in Love is Fair,Stevie Wonder,C3,A4,https://singingcarrots.com/artist-range?artist=Stevie%20Wonder
Another Star,Stevie Wonder,C3,G#4,https://singingcarrots.com/artist-range?artist=Stevie%20Wonder
As,Stevie Wonder,D#3,G#4,https://singingcarrots.com/artist-range?artist=Stevie%20Wonder
Boogie on Reggae Woman,Stevie Wonder,C3,C4,https://singingcarrots.com/artist-range?artist=Stevie%20Wonder
Did I Hear You Say You Love Me,Stevie Wonder,B2,D4,https://singingcarrots.com/artist-range?artist=Stevie%20Wonder
Do I Do,Stevie Wonder,B2,B4,https://singingcarrots.com/artist-range?artist=Stevie%20Wonder
Don't Know Why I Love You,Stevie Wonder,G2,A#3,https://singingcarrots.com/artist-range?artist=Stevie%20Wonder
Don't You Worry 'Bout a Thing,Stevie Wonder,C3,B4,https://singingcarrots.com/artist-range?artist=Stevie%20Wonder
Fingertips (Part 2),Stevie Wonder,C3,F4,https://singingcarrots.com/artist-range?artist=Stevie%20Wonder
Go Home,Stevie Wonder,F3,A4,https://singingcarrots.com/artist-range?artist=Stevie%20Wonder
Golden Lady,Stevie Wonder,C#3,D#4,https://singingcarrots.com/artist-range?artist=Stevie%20Wonder
Happy Birthday,Stevie Wonder,G2,C#4,https://singingcarrots.com/artist-range?artist=Stevie%20Wonder
Have a Talk With God,Stevie Wonder,D#3,D#4,https://singingcarrots.com/artist-range?artist=Stevie%20Wonder
Heaven Help Us All,Stevie Wonder,D#3,A4,https://singingcarrots.com/artist-range?artist=Stevie%20Wonder
Heaven Is Ten Zillion Light Years Away,Stevie Wonder,C3,G#4,https://singingcarrots.com/artist-range?artist=Stevie%20Wonder
I Believe (When I Fall In Love It Will Be Forever),Stevie Wonder,G2,E4,https://singingcarrots.com/artist-range?artist=Stevie%20Wonder
I Call It Pretty Music But the Old People Call It the Blues,Stevie Wonder,D3,E4,https://singingcarrots.com/artist-range?artist=Stevie%20Wonder
I Was Made to Love Her,Stevie Wonder,C#3,F4,https://singingcarrots.com/artist-range?artist=Stevie%20Wonder
I Wish,Stevie Wonder,D#2,A#4,https://singingcarrots.com/artist-range?artist=Stevie%20Wonder
If It's Magic,Stevie Wonder,B2,E4,https://singingcarrots.com/artist-range?artist=Stevie%20Wonder
If You Really Love Me,Stevie Wonder,F3,A4,https://singingcarrots.com/artist-range?artist=Stevie%20Wonder
Joy Inside My Tears,Stevie Wonder,A2,D#4,https://singingcarrots.com/artist-range?artist=Stevie%20Wonder
Knocks Me Off My Feet,Stevie Wonder,C3,G4,https://singingcarrots.com/artist-range?artist=Stevie%20Wonder
Living for the City,Stevie Wonder,D3,D#4,https://singingcarrots.com/artist-range?artist=Stevie%20Wonder
Love's In Need of Love Today,Stevie Wonder,A#2,G4,https://singingcarrots.com/artist-range?artist=Stevie%20Wonder
Master Blaster (Jammin'),Stevie Wonder,G#2,A4,https://singingcarrots.com/artist-range?artist=Stevie%20Wonder
Never Had a Dream Come True,Stevie Wonder,A#2,E4,https://singingcarrots.com/artist-range?artist=Stevie%20Wonder
Ordinary Pain,Stevie Wonder,C3,F4,https://singingcarrots.com/artist-range?artist=Stevie%20Wonder
Pastime Paradise,Stevie Wonder,C3,G4,https://singingcarrots.com/artist-range?artist=Stevie%20Wonder
Rocket Love,Stevie Wonder,C#3,G4,https://singingcarrots.com/artist-range?artist=Stevie%20Wonder
Send One Your Love,Stevie Wonder,G2,B3,https://singingcarrots.com/artist-range?artist=Stevie%20Wonder
Sir Duke - Horn Section score,Stevie Wonder,C#3,B4,https://singingcarrots.com/artist-range?artist=Stevie%20Wonder
Sir Duke [Bass Clef],Stevie Wonder,F#2,B3,https://singingcarrots.com/artist-range?artist=Stevie%20Wonder
Skeletons,Stevie Wonder,D#3,A#4,https://singingcarrots.com/artist-range?artist=Stevie%20Wonder
Someday at Christmas,Stevie Wonder,A#2,F4,https://singingcarrots.com/artist-range?artist=Stevie%20Wonder
Superwoman,Stevie Wonder,A2,A4,https://singingcarrots.com/artist-range?artist=Stevie%20Wonder
That Girl,Stevie Wonder,A#2,F4,https://singingcarrots.com/artist-range?artist=Stevie%20Wonder
The Secret Life of Plants,Stevie Wonder,D3,G#4,https://singingcarrots.com/artist-range?artist=Stevie%20Wonder
Uptight (Everything's Alright),Stevie Wonder,C3,D4,https://singingcarrots.com/artist-range?artist=Stevie%20Wonder
What Christmas Means To Me,Stevie Wonder,A2,E4,https://singingcarrots.com/artist-range?artist=Stevie%20Wonder
"Yester-Me, Yester-You, Yesterday",Stevie Wonder,B2,F4,https://singingcarrots.com/artist-range?artist=Stevie%20Wonder
You Haven't Done Nothin',Stevie Wonder,G2,D4,https://singingcarrots.com/artist-range?artist=Stevie%20Wonder
You and I,Stevie Wonder,C3,C4,https://singingcarrots.com/artist-range?artist=Stevie%20Wonder
A' Soalin',Sting,D3,D4,https://singingcarrots.com/artist-range?artist=Sting
An Englishman In New York,Sting,D3,A4,https://singingcarrots.com/artist-range?artist=Sting
And Yet,Sting,C#3,E4,https://singingcarrots.com/artist-range?artist=Sting
August Winds,Sting,A2,D4,https://singingcarrots.com/artist-range?artist=Sting
Ballad of the Great Eastern,Sting,B2,D4,https://singingcarrots.com/artist-range?artist=Sting
Balulalow,Sting,D#3,F4,https://singingcarrots.com/artist-range?artist=Sting
Be Still My Beating Heart,Sting,E3,G4,https://singingcarrots.com/artist-range?artist=Sting
Book of My Life,Sting,E3,G#4,https://singingcarrots.com/artist-range?artist=Sting
Brand New Day,Sting,E3,B4,https://singingcarrots.com/artist-range?artist=Sting
Christmas At Sea,Sting,A#2,F4,https://singingcarrots.com/artist-range?artist=Sting
Cold Song,Sting,B2,D#4,https://singingcarrots.com/artist-range?artist=Sting
Consider Me Gone,Sting,D3,A4,https://singingcarrots.com/artist-range?artist=Sting
Dead Man's Boots,Sting,C3,F4,https://singingcarrots.com/artist-range?artist=Sting
Dead Man's Rope,Sting,A2,A4,https://singingcarrots.com/artist-range?artist=Sting
Desert Rose,Sting,G2,A#4,https://singingcarrots.com/artist-range?artist=Sting
Fill Her Up,Sting,D3,A4,https://singingcarrots.com/artist-range?artist=Sting
Forget About the Future,Sting,A#2,E4,https://singingcarrots.com/artist-range?artist=Sting
Ghost Story,Sting,B2,E4,https://singingcarrots.com/artist-range?artist=Sting
Heavy Cloud No Rain,Sting,E3,A4,https://singingcarrots.com/artist-range?artist=Sting
Hurdy-Gurdy Man,Sting,E3,F4,https://singingcarrots.com/artist-range?artist=Sting
I Burn for You,Sting,D3,A#4,https://singingcarrots.com/artist-range?artist=Sting
I Hung My Head,Sting,F3,G4,https://singingcarrots.com/artist-range?artist=Sting
I Love Her But She Loves Someone Else,Sting,F#2,D#4,https://singingcarrots.com/artist-range?artist=Sting
I Was Brought To My Senses,Sting,D3,G4,https://singingcarrots.com/artist-range?artist=Sting
I'm So Happy I Can't Stop Crying,Sting,D#3,G4,https://singingcarrots.com/artist-range?artist=Sting
Inside,Sting,F3,A4,https://singingcarrots.com/artist-range?artist=Sting
Island of Souls,Sting,F3,G4,https://singingcarrots.com/artist-range?artist=Sting
It's Probably Me,Sting,B2,D4,https://singingcarrots.com/artist-range?artist=Sting
La Belle Dame Sans Regrets,Sting,D3,D4,https://singingcarrots.com/artist-range?artist=Sting
Language of Birds,Sting,D3,D4,https://singingcarrots.com/artist-range?artist=Sting
Let Your Soul Be Your Pilot,Sting,F3,A#4,https://singingcarrots.com/artist-range?artist=Sting
Lithium Sunset,Sting,E3,A4,https://singingcarrots.com/artist-range?artist=Sting
Love Is the Seventh Wave,Sting,D3,E4,https://singingcarrots.com/artist-range?artist=Sting
Lullaby To An Anxious Child,Sting,C#3,E4,https://singingcarrots.com/artist-range?artist=Sting
Moon Over Bourbon Street,Sting,B2,C4,https://singingcarrots.com/artist-range?artist=Sting
Moonlight,Sting,C#3,E4,https://singingcarrots.com/artist-range?artist=Sting
Never Coming Home,Sting,C3,A#4,https://singingcarrots.com/artist-range?artist=Sting
Nothing 'Bout Me,Sting,D#3,A#4,https://singingcarrots.com/artist-range?artist=Sting
Now Winter Comes Slowly,Sting,A2,E4,https://singingcarrots.com/artist-range?artist=Sting
Perfect Love...Gone Wrong,Sting,C3,G#4,https://singingcarrots.com/artist-range?artist=Sting
Practical Arrangement,Sting,F#2,D#4,https://singingcarrots.com/artist-range?artist=Sting
Rock Steady,Sting,D3,B4,https://singingcarrots.com/artist-range?artist=Sting
Send Your Love,Sting,E3,G4,https://singingcarrots.com/artist-range?artist=Sting
So Lonely,Sting,A2,F4,https://singingcarrots.com/artist-range?artist=Sting
So To Speak,Sting,B2,C4,https://singingcarrots.com/artist-range?artist=Sting
Stolen Car,Sting,C3,B4,https://singingcarrots.com/artist-range?artist=Sting
The Burning Babe,Sting,D3,E4,https://singingcarrots.com/artist-range?artist=Sting
The Hounds of Winter,Sting,C#3,A4,https://singingcarrots.com/artist-range?artist=Sting
The Last Ship,Sting,B2,D4,https://singingcarrots.com/artist-range?artist=Sting
The Night the Pugilist Learned How To Dance,Sting,D3,E4,https://singingcarrots.com/artist-range?artist=Sting
The Pirate's Bride,Sting,E3,E4,https://singingcarrots.com/artist-range?artist=Sting
The Snow It Melts the Soonest,Sting,A#2,D#4,https://singingcarrots.com/artist-range?artist=Sting
The Soul Cages,Sting,F3,A4,https://singingcarrots.com/artist-range?artist=Sting
There Is No Rose of Such Virtue,Sting,B2,E4,https://singingcarrots.com/artist-range?artist=Sting
They Dance Alone,Sting,E3,A4,https://singingcarrots.com/artist-range?artist=Sting
This War,Sting,E3,A4,https://singingcarrots.com/artist-range?artist=Sting
Twenty Five To Midnight,Sting,E3,B4,https://singingcarrots.com/artist-range?artist=Sting
Until...,Sting,D3,G4,https://singingcarrots.com/artist-range?artist=Sting
Valparaiso,Sting,E3,G4,https://singingcarrots.com/artist-range?artist=Sting
What Have We Got?,Sting,D3,F#4,https://singingcarrots.com/artist-range?artist=Sting
When the Angels Fall,Sting,C3,D#4,https://singingcarrots.com/artist-range?artist=Sting
You Only Cross My Mind In Winter,Sting,G#2,C#4,https://singingcarrots.com/artist-range?artist=Sting
His Hands,Stuart Hamblen,B2,E4,https://singingcarrots.com/artist-range?artist=Stuart%20Hamblen
Known Only To Him,Stuart Hamblen,B2,D4,https://singingcarrots.com/artist-range?artist=Stuart%20Hamblen
"Teach Me, Lord, To Wait",Stuart Hamblen,A#2,D#4,https://singingcarrots.com/artist-range?artist=Stuart%20Hamblen
Crystal Ball,Styx,E3,B4,https://singingcarrots.com/artist-range?artist=Styx
Show Me the Way,Styx,F3,A4,https://singingcarrots.com/artist-range?artist=Styx
Suite Madame Blue,Styx,D3,F#4,https://singingcarrots.com/artist-range?artist=Styx
The Best of Times,Styx,A2,E4,https://singingcarrots.com/artist-range?artist=Styx
The Grand Illusion,Styx,G#2,A#3,https://singingcarrots.com/artist-range?artist=Styx
By the Sea,Sweeney Todd,A2,E4,https://singingcarrots.com/artist-range?artist=Sweeney%20Todd
Johanna,Sweeney Todd,C3,D#4,https://singingcarrots.com/artist-range?artist=Sweeney%20Todd
Ladies In Their Sensitivities,Sweeney Todd,D3,A4,https://singingcarrots.com/artist-range?artist=Sweeney%20Todd
No Place Like London,Sweeney Todd,F#2,F4,https://singingcarrots.com/artist-range?artist=Sweeney%20Todd
Pretty Women,Sweeney Todd,C3,E4,https://singingcarrots.com/artist-range?artist=Sweeney%20Todd
Wait,Sweeney Todd,C3,F4,https://singingcarrots.com/artist-range?artist=Sweeney%20Todd
Don't Bring Me Down,The Animals,C3,G4,https://singingcarrots.com/artist-range?artist=The%20Animals
I Put a Spell on You,The Animals,D3,G4,https://singingcarrots.com/artist-range?artist=The%20Animals
Sky Pilot,The Animals,F3,G4,https://singingcarrots.com/artist-range?artist=The%20Animals
The House of the Rising Sun,The Animals,A2,A4,https://singingcarrots.com/artist-range?artist=The%20Animals
Christmas Must Be Tonight,The Band,D3,G4,https://singingcarrots.com/artist-range?artist=The%20Band
I Shall Be Released,The Band,A2,F#4,https://singingcarrots.com/artist-range?artist=The%20Band
Stage Fright,The Band,D3,B4,https://singingcarrots.com/artist-range?artist=The%20Band
Unfaithful Servant,The Band,C#3,E4,https://singingcarrots.com/artist-range?artist=The%20Band
A Day in the Life,The Beatles,B2,G4,https://singingcarrots.com/artist-range?artist=The%20Beatles
A Hard Day's Night,The Beatles,C3,D4,https://singingcarrots.com/artist-range?artist=The%20Beatles
A Taste of Honey,The Beatles,C3,F4,https://singingcarrots.com/artist-range?artist=The%20Beatles
Across the Universe,The Beatles,C3,D4,https://singingcarrots.com/artist-range?artist=The%20Beatles
Act Naturally,The Beatles,G2,E4,https://singingcarrots.com/artist-range?artist=The%20Beatles
All I've Got To Do,The Beatles,E3,G#4,https://singingcarrots.com/artist-range?artist=The%20Beatles
All My Loving,The Beatles,C3,C4,https://singingcarrots.com/artist-range?artist=The%20Beatles
All You Need Is Love,The Beatles,D3,E4,https://singingcarrots.com/artist-range?artist=The%20Beatles
And I Love Her,The Beatles,B2,F4,https://singingcarrots.com/artist-range?artist=The%20Beatles
Anna,The Beatles,C#3,A4,https://singingcarrots.com/artist-range?artist=The%20Beatles
Anna (Go To Him),The Beatles,C#3,A4,https://singingcarrots.com/artist-range?artist=The%20Beatles
Any Time at All,The Beatles,D3,A4,https://singingcarrots.com/artist-range?artist=The%20Beatles
Ask Me Why,The Beatles,E3,G#4,https://singingcarrots.com/artist-range?artist=The%20Beatles
Baby's In Black,The Beatles,C#3,A4,https://singingcarrots.com/artist-range?artist=The%20Beatles
"Baby, It's You",The Beatles,D3,G4,https://singingcarrots.com/artist-range?artist=The%20Beatles
Back in the U.S.S.R.,The Beatles,A2,A4,https://singingcarrots.com/artist-range?artist=The%20Beatles
Being for the Benefit of Mr. Kite!,The Beatles,D3,D4,https://singingcarrots.com/artist-range?artist=The%20Beatles
Birthday,The Beatles,C3,A#4,https://singingcarrots.com/artist-range?artist=The%20Beatles
Blackbird / Yesterday,The Beatles,D3,F4,https://singingcarrots.com/artist-range?artist=The%20Beatles
Blue Jay Way,The Beatles,C3,D4,https://singingcarrots.com/artist-range?artist=The%20Beatles
Can't Buy Me Love,The Beatles,C3,C4,https://singingcarrots.com/artist-range?artist=The%20Beatles
Carry That Weight,The Beatles,C3,C4,https://singingcarrots.com/artist-range?artist=The%20Beatles
Chains,The Beatles,F3,D4,https://singingcarrots.com/artist-range?artist=The%20Beatles
Cry Baby Cry,The Beatles,D3,D4,https://singingcarrots.com/artist-range?artist=The%20Beatles
Day Tripper,The Beatles,E3,F4,https://singingcarrots.com/artist-range?artist=The%20Beatles
Dig a Pony,The Beatles,G2,G4,https://singingcarrots.com/artist-range?artist=The%20Beatles
Doctor Robert,The Beatles,E3,F#4,https://singingcarrots.com/artist-range?artist=The%20Beatles
Don't Bother Me,The Beatles,C3,E4,https://singingcarrots.com/artist-range?artist=The%20Beatles
Don't Pass Me By,The Beatles,G2,F4,https://singingcarrots.com/artist-range?artist=The%20Beatles
Drive My Car / The Word / What You're Doing,The Beatles,G2,B4,https://singingcarrots.com/artist-range?artist=The%20Beatles
Eight Days a Week,The Beatles,E3,C4,https://singingcarrots.com/artist-range?artist=The%20Beatles
Eleanor Rigby,The Beatles,E3,A4,https://singingcarrots.com/artist-range?artist=The%20Beatles
Every Little Thing,The Beatles,G#2,A4,https://singingcarrots.com/artist-range?artist=The%20Beatles
Everybody's Trying To Be My Baby,The Beatles,E3,G4,https://singingcarrots.com/artist-range?artist=The%20Beatles
Fixing a Hole,The Beatles,F3,A#4,https://singingcarrots.com/artist-range?artist=The%20Beatles
Flying,The Beatles,F3,G4,https://singingcarrots.com/artist-range?artist=The%20Beatles
For No One,The Beatles,E3,F4,https://singingcarrots.com/artist-range?artist=The%20Beatles
For You Blue,The Beatles,E3,A4,https://singingcarrots.com/artist-range?artist=The%20Beatles
Free As a Bird,The Beatles,D3,F#4,https://singingcarrots.com/artist-range?artist=The%20Beatles
Get Back,The Beatles,C3,D#4,https://singingcarrots.com/artist-range?artist=The%20Beatles
Girl,The Beatles,D#3,F4,https://singingcarrots.com/artist-range?artist=The%20Beatles
Glad All Over,The Beatles,E3,B4,https://singingcarrots.com/artist-range?artist=The%20Beatles
Gnik Nus,The Beatles,A2,A3,https://singingcarrots.com/artist-range?artist=The%20Beatles
Golden Slumbers,The Beatles,D3,A4,https://singingcarrots.com/artist-range?artist=The%20Beatles
Good Day Sunshine,The Beatles,C3,G4,https://singingcarrots.com/artist-range?artist=The%20Beatles
Good Morning Good Morning,The Beatles,E3,A4,https://singingcarrots.com/artist-range?artist=The%20Beatles
Good Night,The Beatles,A#2,G3,https://singingcarrots.com/artist-range?artist=The%20Beatles
Happiness Is a Warm Gun,The Beatles,G2,E4,https://singingcarrots.com/artist-range?artist=The%20Beatles
Help!,The Beatles,C3,E4,https://singingcarrots.com/artist-range?artist=The%20Beatles
Helter Skelter,The Beatles,F3,D#4,https://singingcarrots.com/artist-range?artist=The%20Beatles
Her Majesty,The Beatles,A2,B3,https://singingcarrots.com/artist-range?artist=The%20Beatles
"Here, There and Everywhere",The Beatles,D3,A4,https://singingcarrots.com/artist-range?artist=The%20Beatles
"Here, There, and Everywhere [Excerpt]",The Beatles,C3,G4,https://singingcarrots.com/artist-range?artist=The%20Beatles
Hey Bulldog,The Beatles,C3,G4,https://singingcarrots.com/artist-range?artist=The%20Beatles
Hey Hey Hey Hey,The Beatles,D3,G4,https://singingcarrots.com/artist-range?artist=The%20Beatles
Honey Don't,The Beatles,E3,G#4,https://singingcarrots.com/artist-range?artist=The%20Beatles
Honey Pie,The Beatles,A2,G4,https://singingcarrots.com/artist-range?artist=The%20Beatles
I Am the Walrus,The Beatles,D3,A#4,https://singingcarrots.com/artist-range?artist=The%20Beatles
I Feel Fine,The Beatles,C#3,C4,https://singingcarrots.com/artist-range?artist=The%20Beatles
I Got a Woman,The Beatles,C#3,G4,https://singingcarrots.com/artist-range?artist=The%20Beatles
I Need You,The Beatles,D3,G4,https://singingcarrots.com/artist-range?artist=The%20Beatles
I Should Have Known Better,The Beatles,C3,E4,https://singingcarrots.com/artist-range?artist=The%20Beatles
I Wanna Be Your Man,The Beatles,E3,B4,https://singingcarrots.com/artist-range?artist=The%20Beatles
I Want to Hold Your Hand,The Beatles,E3,A4,https://singingcarrots.com/artist-range?artist=The%20Beatles
I Want to Tell You,The Beatles,D3,C#4,https://singingcarrots.com/artist-range?artist=The%20Beatles
I Will,The Beatles,D3,A4,https://singingcarrots.com/artist-range?artist=The%20Beatles
I'll Be Back,The Beatles,B2,F#4,https://singingcarrots.com/artist-range?artist=The%20Beatles
I'll Follow the Sun,The Beatles,D3,G4,https://singingcarrots.com/artist-range?artist=The%20Beatles
I'll Get You,The Beatles,D3,F#4,https://singingcarrots.com/artist-range?artist=The%20Beatles
I'm Happy Just to Dance with You,The Beatles,C3,E4,https://singingcarrots.com/artist-range?artist=The%20Beatles
I'm Looking Through You,The Beatles,C3,G#4,https://singingcarrots.com/artist-range?artist=The%20Beatles
I'm a Loser,The Beatles,G2,F#4,https://singingcarrots.com/artist-range?artist=The%20Beatles
I've Just Seen a Face,The Beatles,E3,F4,https://singingcarrots.com/artist-range?artist=The%20Beatles
If I Fell,The Beatles,E3,G#4,https://singingcarrots.com/artist-range?artist=The%20Beatles
If I Needed Someone,The Beatles,E3,E4,https://singingcarrots.com/artist-range?artist=The%20Beatles
It Won't Be Long,The Beatles,E3,B4,https://singingcarrots.com/artist-range?artist=The%20Beatles
It's Only Love,The Beatles,D3,A4,https://singingcarrots.com/artist-range?artist=The%20Beatles
Julia,The Beatles,C3,G4,https://singingcarrots.com/artist-range?artist=The%20Beatles
Kansas City,The Beatles,B2,A#3,https://singingcarrots.com/artist-range?artist=The%20Beatles
Lady Madonna,The Beatles,E3,E4,https://singingcarrots.com/artist-range?artist=The%20Beatles
Lend Me Your Comb,The Beatles,E3,G#4,https://singingcarrots.com/artist-range?artist=The%20Beatles
Like Dreamers Do,The Beatles,D3,G4,https://singingcarrots.com/artist-range?artist=The%20Beatles
Little Child,The Beatles,E3,F#4,https://singingcarrots.com/artist-range?artist=The%20Beatles
Long Long Long,The Beatles,C3,G4,https://singingcarrots.com/artist-range?artist=The%20Beatles
Long Tall Sally,The Beatles,D3,G4,https://singingcarrots.com/artist-range?artist=The%20Beatles
Love Me Do,The Beatles,C3,G4,https://singingcarrots.com/artist-range?artist=The%20Beatles
Love You To,The Beatles,A#2,C4,https://singingcarrots.com/artist-range?artist=The%20Beatles
Love of the Loved,The Beatles,C3,C4,https://singingcarrots.com/artist-range?artist=The%20Beatles
Lovely Rita,The Beatles,B2,A4,https://singingcarrots.com/artist-range?artist=The%20Beatles
Magical Mystery Tour,The Beatles,B2,F#4,https://singingcarrots.com/artist-range?artist=The%20Beatles
Martha My Dear,The Beatles,B2,F#4,https://singingcarrots.com/artist-range?artist=The%20Beatles
Maxwell's Silver Hammer,The Beatles,D3,A4,https://singingcarrots.com/artist-range?artist=The%20Beatles
Mean Mr. Mustard,The Beatles,E3,G#4,https://singingcarrots.com/artist-range?artist=The%20Beatles
Michelle,The Beatles,C#3,F4,https://singingcarrots.com/artist-range?artist=The%20Beatles
Misery,The Beatles,E3,F4,https://singingcarrots.com/artist-range?artist=The%20Beatles
Money,The Beatles,E2,F#4,https://singingcarrots.com/artist-range?artist=The%20Beatles
Mother Nature's Son,The Beatles,D3,G4,https://singingcarrots.com/artist-range?artist=The%20Beatles
Mr. Moonlight,The Beatles,A#2,G#4,https://singingcarrots.com/artist-range?artist=The%20Beatles
Norwegian Wood (This Bird Has Flown),The Beatles,D3,E4,https://singingcarrots.com/artist-range?artist=The%20Beatles
Not a Second Time,The Beatles,D3,G4,https://singingcarrots.com/artist-range?artist=The%20Beatles
Nowhere Man,The Beatles,C3,C4,https://singingcarrots.com/artist-range?artist=The%20Beatles
"Ob-La-Di, Ob-La-Da",The Beatles,D#3,F4,https://singingcarrots.com/artist-range?artist=The%20Beatles
Octopus's Garden,The Beatles,E2,G4,https://singingcarrots.com/artist-range?artist=The%20Beatles
Oh! Darling,The Beatles,A2,D4,https://singingcarrots.com/artist-range?artist=The%20Beatles
Old Brown Shoe,The Beatles,D#3,F4,https://singingcarrots.com/artist-range?artist=The%20Beatles
P.S. I Love You,The Beatles,D3,A4,https://singingcarrots.com/artist-range?artist=The%20Beatles
Paperback Writer,The Beatles,F3,G4,https://singingcarrots.com/artist-range?artist=The%20Beatles
Penny Lane,The Beatles,C3,D4,https://singingcarrots.com/artist-range?artist=The%20Beatles
Piggies,The Beatles,D#3,G4,https://singingcarrots.com/artist-range?artist=The%20Beatles
Please Please Me,The Beatles,C#3,B4,https://singingcarrots.com/artist-range?artist=The%20Beatles
Real Love,The Beatles,E3,A4,https://singingcarrots.com/artist-range?artist=The%20Beatles
Revolution,The Beatles,E3,G4,https://singingcarrots.com/artist-range?artist=The%20Beatles
Run for Your Life,The Beatles,D#3,G4,https://singingcarrots.com/artist-range?artist=The%20Beatles
Savoy Truffle,The Beatles,E3,B4,https://singingcarrots.com/artist-range?artist=The%20Beatles
Sexy Sadie,The Beatles,D3,A4,https://singingcarrots.com/artist-range?artist=The%20Beatles
"She Said, She Said",The Beatles,A#2,F4,https://singingcarrots.com/artist-range?artist=The%20Beatles
She's Leaving Home,The Beatles,C#3,B4,https://singingcarrots.com/artist-range?artist=The%20Beatles
Slow Down,The Beatles,C3,G4,https://singingcarrots.com/artist-range?artist=The%20Beatles
Strawberry Fields Forever,The Beatles,C3,C4,https://singingcarrots.com/artist-range?artist=The%20Beatles
Sure to Fall (In Love With You),The Beatles,E3,F#4,https://singingcarrots.com/artist-range?artist=The%20Beatles
Tell Me What You See,The Beatles,C3,G4,https://singingcarrots.com/artist-range?artist=The%20Beatles
Tell Me Why,The Beatles,A2,F4,https://singingcarrots.com/artist-range?artist=The%20Beatles
Thank You Girl,The Beatles,C#3,B4,https://singingcarrots.com/artist-range?artist=The%20Beatles
The Ballad of John and Yoko,The Beatles,F3,F4,https://singingcarrots.com/artist-range?artist=The%20Beatles
The Continuing Story of Bungalow Bill,The Beatles,B2,D4,https://singingcarrots.com/artist-range?artist=The%20Beatles
The Inner Light,The Beatles,D3,D4,https://singingcarrots.com/artist-range?artist=The%20Beatles
The Long and Winding Road,The Beatles,D3,G4,https://singingcarrots.com/artist-range?artist=The%20Beatles
The Long and Winding Road [Excerpt],The Beatles,E3,F#4,https://singingcarrots.com/artist-range?artist=The%20Beatles
The Word,The Beatles,C3,D4,https://singingcarrots.com/artist-range?artist=The%20Beatles
Things We Said Today,The Beatles,E3,E4,https://singingcarrots.com/artist-range?artist=The%20Beatles
Think for Yourself,The Beatles,G2,D4,https://singingcarrots.com/artist-range?artist=The%20Beatles
This Boy,The Beatles,D3,A4,https://singingcarrots.com/artist-range?artist=The%20Beatles
Till There Was You,The Beatles,E3,G4,https://singingcarrots.com/artist-range?artist=The%20Beatles
Two of Us,The Beatles,D3,G4,https://singingcarrots.com/artist-range?artist=The%20Beatles
Wait,The Beatles,C#3,A4,https://singingcarrots.com/artist-range?artist=The%20Beatles
We Can Work It Out,The Beatles,E3,G4,https://singingcarrots.com/artist-range?artist=The%20Beatles
What You're Doing,The Beatles,A2,B3,https://singingcarrots.com/artist-range?artist=The%20Beatles
When I'm Sixty Four,The Beatles,D#3,G4,https://singingcarrots.com/artist-range?artist=The%20Beatles
While My Guitar Gently Weeps,The Beatles,E3,A4,https://singingcarrots.com/artist-range?artist=The%20Beatles
With a Little Help from My Friends,The Beatles,C3,C4,https://singingcarrots.com/artist-range?artist=The%20Beatles
Within You Without You,The Beatles,D3,F4,https://singingcarrots.com/artist-range?artist=The%20Beatles
Within You Without You / Tomorrow Never Knows,The Beatles,D3,G4,https://singingcarrots.com/artist-range?artist=The%20Beatles
Words of Love,The Beatles,E3,D4,https://singingcarrots.com/artist-range?artist=The%20Beatles
Yellow Submarine,The Beatles,D3,E4,https://singingcarrots.com/artist-range?artist=The%20Beatles
Yer Blues,The Beatles,B2,A4,https://singingcarrots.com/artist-range?artist=The%20Beatles
Yes It Is,The Beatles,E3,G#4,https://singingcarrots.com/artist-range?artist=The%20Beatles
Yesterday [Excerpt],The Beatles,D3,F4,https://singingcarrots.com/artist-range?artist=The%20Beatles
You Can't Do That,The Beatles,F3,G4,https://singingcarrots.com/artist-range?artist=The%20Beatles
You Know My Name (Look Up the Number),The Beatles,B2,F#4,https://singingcarrots.com/artist-range?artist=The%20Beatles
You Never Give Me Your Money,The Beatles,D3,A4,https://singingcarrots.com/artist-range?artist=The%20Beatles
You Won't See Me,The Beatles,E3,A4,https://singingcarrots.com/artist-range?artist=The%20Beatles
You're Going to Lose That Girl,The Beatles,D3,G4,https://singingcarrots.com/artist-range?artist=The%20Beatles
You've Got to Hide Your Love Away,The Beatles,D3,G4,https://singingcarrots.com/artist-range?artist=The%20Beatles
You've Really Got a Hold on Me,The Beatles,C#3,A4,https://singingcarrots.com/artist-range?artist=The%20Beatles
Young Blood,The Beatles,C3,F4,https://singingcarrots.com/artist-range?artist=The%20Beatles
Your Mother Should Know,The Beatles,E3,F4,https://singingcarrots.com/artist-range?artist=The%20Beatles
Drug Store Truck Drivin' Man,The Byrds,D3,D4,https://singingcarrots.com/artist-range?artist=The%20Byrds
Eight Miles High,The Byrds,E3,F#4,https://singingcarrots.com/artist-range?artist=The%20Byrds
Hickory Wind,The Byrds,D3,D4,https://singingcarrots.com/artist-range?artist=The%20Byrds
I'll Feel a Whole Lot Better,The Byrds,E3,E4,https://singingcarrots.com/artist-range?artist=The%20Byrds
Turn! Turn! Turn! (To Everything There Is a Season),The Byrds,C3,E4,https://singingcarrots.com/artist-range?artist=The%20Byrds
Come Alive,The Greatest Showman,D2,B4,https://singingcarrots.com/artist-range?artist=The%20Greatest%20Showman
Never Enough,The Greatest Showman,A#2,F4,https://singingcarrots.com/artist-range?artist=The%20Greatest%20Showman
Rewrite the Stars,The Greatest Showman,D#2,A#4,https://singingcarrots.com/artist-range?artist=The%20Greatest%20Showman
The Greatest Show,The Greatest Showman,B2,B4,https://singingcarrots.com/artist-range?artist=The%20Greatest%20Showman
This Is Me,The Greatest Showman,D3,A4,https://singingcarrots.com/artist-range?artist=The%20Greatest%20Showman
Albert Flasher,The Guess Who,D3,A#4,https://singingcarrots.com/artist-range?artist=The%20Guess%20Who
Clap for the Wolfman,The Guess Who,E3,G#4,https://singingcarrots.com/artist-range?artist=The%20Guess%20Who
Glamour Boy,The Guess Who,A2,G4,https://singingcarrots.com/artist-range?artist=The%20Guess%20Who
Hand Me Down World,The Guess Who,C#3,D4,https://singingcarrots.com/artist-range?artist=The%20Guess%20Who
Laughing,The Guess Who,E2,B4,https://singingcarrots.com/artist-range?artist=The%20Guess%20Who
No Sugar Tonight/New Mother Nature,The Guess Who,D#3,A4,https://singingcarrots.com/artist-range?artist=The%20Guess%20Who
No Time,The Guess Who,C3,B3,https://singingcarrots.com/artist-range?artist=The%20Guess%20Who
Rain Dance,The Guess Who,F#2,B3,https://singingcarrots.com/artist-range?artist=The%20Guess%20Who
Star Baby,The Guess Who,D#3,A4,https://singingcarrots.com/artist-range?artist=The%20Guess%20Who
Scotch and Soda,The Kingston Trio,C3,D#4,https://singingcarrots.com/artist-range?artist=The%20Kingston%20Trio
The Last Month of the Year,The Kingston Trio,A2,D4,https://singingcarrots.com/artist-range?artist=The%20Kingston%20Trio
The M.T.A.,The Kingston Trio,A#2,D4,https://singingcarrots.com/artist-range?artist=The%20Kingston%20Trio
Where Have All the Flowers Gone?,The Kingston Trio,B2,D4,https://singingcarrots.com/artist-range?artist=The%20Kingston%20Trio
Be Prepared,The Lion King,A2,A3,https://singingcarrots.com/artist-range?artist=The%20Lion%20King
Circle of Life / Nants' Ingonyama,The Lion King,C3,A#4,https://singingcarrots.com/artist-range?artist=The%20Lion%20King
Hakuna Matata,The Lion King,C3,E4,https://singingcarrots.com/artist-range?artist=The%20Lion%20King
I Just Can't Wait To Be King,The Lion King,C3,C4,https://singingcarrots.com/artist-range?artist=The%20Lion%20King
Big Parade,The Lumineers,D#3,B4,https://singingcarrots.com/artist-range?artist=The%20Lumineers
Charlie Boy,The Lumineers,D3,G4,https://singingcarrots.com/artist-range?artist=The%20Lumineers
Classy Girls,The Lumineers,A2,A4,https://singingcarrots.com/artist-range?artist=The%20Lumineers
Cleopatra,The Lumineers,D#3,G#4,https://singingcarrots.com/artist-range?artist=The%20Lumineers
Dead Sea,The Lumineers,E3,A4,https://singingcarrots.com/artist-range?artist=The%20Lumineers
Democracy,The Lumineers,E3,F#4,https://singingcarrots.com/artist-range?artist=The%20Lumineers
Donna,The Lumineers,E2,G#4,https://singingcarrots.com/artist-range?artist=The%20Lumineers
Flapper Girl,The Lumineers,G2,C4,https://singingcarrots.com/artist-range?artist=The%20Lumineers
Flowers In Your Hair,The Lumineers,B2,E4,https://singingcarrots.com/artist-range?artist=The%20Lumineers
Gale Song,The Lumineers,G2,G4,https://singingcarrots.com/artist-range?artist=The%20Lumineers
Gun Song,The Lumineers,G2,A4,https://singingcarrots.com/artist-range?artist=The%20Lumineers
It Wasn't Easy to Be Happy for You,The Lumineers,C#3,B4,https://singingcarrots.com/artist-range?artist=The%20Lumineers
Left for Denver,The Lumineers,F3,D4,https://singingcarrots.com/artist-range?artist=The%20Lumineers
Life in the City,The Lumineers,D3,B4,https://singingcarrots.com/artist-range?artist=The%20Lumineers
Long Way from Home,The Lumineers,C#3,A4,https://singingcarrots.com/artist-range?artist=The%20Lumineers
Morning Song,The Lumineers,G2,A4,https://singingcarrots.com/artist-range?artist=The%20Lumineers
Ophelia,The Lumineers,D3,A4,https://singingcarrots.com/artist-range?artist=The%20Lumineers
Salt and the Sea,The Lumineers,A2,A4,https://singingcarrots.com/artist-range?artist=The%20Lumineers
Sick in the Head,The Lumineers,G2,D4,https://singingcarrots.com/artist-range?artist=The%20Lumineers
Sleep on the Floor,The Lumineers,C3,A4,https://singingcarrots.com/artist-range?artist=The%20Lumineers
Slow It Down,The Lumineers,F2,A4,https://singingcarrots.com/artist-range?artist=The%20Lumineers
Soundtrack Song,The Lumineers,D3,D4,https://singingcarrots.com/artist-range?artist=The%20Lumineers
Stubborn Love,The Lumineers,G2,A4,https://singingcarrots.com/artist-range?artist=The%20Lumineers
Submarines,The Lumineers,E2,E4,https://singingcarrots.com/artist-range?artist=The%20Lumineers
White Lie,The Lumineers,A2,E4,https://singingcarrots.com/artist-range?artist=The%20Lumineers
Shining Star,The Manhattans,F#2,C#4,https://singingcarrots.com/artist-range?artist=Manhattans
The Sadder but Wiser Girl,The Music Man,C3,E4,https://singingcarrots.com/artist-range?artist=The%20Music%20Man
I Love Music,The O'Jays,C3,A#4,https://singingcarrots.com/artist-range?artist=The%20O%27Jays
American Made,The Oak Ridge Boys,A2,F#4,https://singingcarrots.com/artist-range?artist=The%20Oak%20Ridge%20Boys
Blessed Be the Day (Of Our Savior's Birth),The Oak Ridge Boys,D3,E4,https://singingcarrots.com/artist-range?artist=The%20Oak%20Ridge%20Boys
Christmas Is Paintin' the Town,The Oak Ridge Boys,E3,F4,https://singingcarrots.com/artist-range?artist=The%20Oak%20Ridge%20Boys
Fancy Free,The Oak Ridge Boys,A2,E4,https://singingcarrots.com/artist-range?artist=The%20Oak%20Ridge%20Boys
Happy Christmas Eve,The Oak Ridge Boys,D3,D#4,https://singingcarrots.com/artist-range?artist=The%20Oak%20Ridge%20Boys
I Know Who Holds Tomorrow,The Oak Ridge Boys,A#2,D4,https://singingcarrots.com/artist-range?artist=The%20Oak%20Ridge%20Boys
I Wouldn't Take Nothing for My Journey Now,The Oak Ridge Boys,C#3,B3,https://singingcarrots.com/artist-range?artist=The%20Oak%20Ridge%20Boys
I'll Be True To You,The Oak Ridge Boys,A#2,A#3,https://singingcarrots.com/artist-range?artist=The%20Oak%20Ridge%20Boys
I'm Winging My Way Back Home,The Oak Ridge Boys,G2,C4,https://singingcarrots.com/artist-range?artist=The%20Oak%20Ridge%20Boys
Let It Ride,The Oak Ridge Boys,A2,F#4,https://singingcarrots.com/artist-range?artist=The%20Oak%20Ridge%20Boys
Little One,The Oak Ridge Boys,E3,D4,https://singingcarrots.com/artist-range?artist=The%20Oak%20Ridge%20Boys
Lucky Moon,The Oak Ridge Boys,A2,E4,https://singingcarrots.com/artist-range?artist=The%20Oak%20Ridge%20Boys
Sail Away,The Oak Ridge Boys,A2,G3,https://singingcarrots.com/artist-range?artist=The%20Oak%20Ridge%20Boys
Santa's Song,The Oak Ridge Boys,C3,C4,https://singingcarrots.com/artist-range?artist=The%20Oak%20Ridge%20Boys
The Old Country Church,The Oak Ridge Boys,C3,D#4,https://singingcarrots.com/artist-range?artist=The%20Oak%20Ridge%20Boys
Write Your Name Across My Heart,The Oak Ridge Boys,A2,A4,https://singingcarrots.com/artist-range?artist=The%20Oak%20Ridge%20Boys
Y'All Come Back Saloon,The Oak Ridge Boys,A2,E4,https://singingcarrots.com/artist-range?artist=The%20Oak%20Ridge%20Boys
Anybody There,The Script,D3,C4,https://singingcarrots.com/artist-range?artist=The%20Script
Flares,The Script,F3,A#4,https://singingcarrots.com/artist-range?artist=The%20Script
Hail Rain or Sunshine,The Script,A2,F#4,https://singingcarrots.com/artist-range?artist=The%20Script
I'm Yours,The Script,A#2,D4,https://singingcarrots.com/artist-range?artist=The%20Script
If You Ever Come Back,The Script,E3,B4,https://singingcarrots.com/artist-range?artist=The%20Script
If You See Kay,The Script,F3,A#4,https://singingcarrots.com/artist-range?artist=The%20Script
Man on a Wire,The Script,E3,A4,https://singingcarrots.com/artist-range?artist=The%20Script
"Never Seen Anything ""Quite Like You""",The Script,D3,G4,https://singingcarrots.com/artist-range?artist=The%20Script
Paint the Town Green,The Script,D3,A4,https://singingcarrots.com/artist-range?artist=The%20Script
Rock the World,The Script,D3,A4,https://singingcarrots.com/artist-range?artist=The%20Script
Six Degrees of Separation,The Script,C#3,B4,https://singingcarrots.com/artist-range?artist=The%20Script
Superheroes,The Script,F2,G4,https://singingcarrots.com/artist-range?artist=The%20Script
The Energy Never Dies,The Script,D3,G4,https://singingcarrots.com/artist-range?artist=The%20Script
The Last Time,The Script,C3,A#4,https://singingcarrots.com/artist-range?artist=The%20Script
We Cry,The Script,F3,A#4,https://singingcarrots.com/artist-range?artist=The%20Script
Without Those Songs,The Script,D3,B4,https://singingcarrots.com/artist-range?artist=The%20Script
They Just Can't Stop It (The Games People Play),The Spinners,C#3,E4,https://singingcarrots.com/artist-range?artist=The%20Spinners
You Are Beautiful,The Stylistics,A#2,C4,https://singingcarrots.com/artist-range?artist=The%20Stylistics
You Make Me Feel Brand New,The Stylistics,B2,F#4,https://singingcarrots.com/artist-range?artist=The%20Stylistics
You're a Big Girl Now,The Stylistics,C3,A4,https://singingcarrots.com/artist-range?artist=The%20Stylistics
(I Know) I'm Losing You,The Temptations,C3,G4,https://singingcarrots.com/artist-range?artist=The%20Temptations
(You're My) Dream Come True,The Temptations,F3,A#4,https://singingcarrots.com/artist-range?artist=The%20Temptations
Ball of Confusion,The Temptations,G2,F#4,https://singingcarrots.com/artist-range?artist=The%20Temptations
Beauty Is Only Skin Deep,The Temptations,G2,D4,https://singingcarrots.com/artist-range?artist=The%20Temptations
Check Yourself,The Temptations,D3,G4,https://singingcarrots.com/artist-range?artist=The%20Temptations
Cloud Nine,The Temptations,D2,D4,https://singingcarrots.com/artist-range?artist=The%20Temptations
Everything for Christmas,The Temptations,D3,B4,https://singingcarrots.com/artist-range?artist=The%20Temptations
Give Love on Christmas Day,The Temptations,C3,E4,https://singingcarrots.com/artist-range?artist=The%20Temptations
I Can't Get Next To You,The Temptations,G2,D#4,https://singingcarrots.com/artist-range?artist=The%20Temptations
Paradise,The Temptations,D#2,F#4,https://singingcarrots.com/artist-range?artist=The%20Temptations
Power,The Temptations,C#2,B4,https://singingcarrots.com/artist-range?artist=The%20Temptations
Psychedelic Shack,The Temptations,F2,C4,https://singingcarrots.com/artist-range?artist=The%20Temptations
Shakey Ground,The Temptations,E3,B4,https://singingcarrots.com/artist-range?artist=The%20Temptations
Silent Night,The Temptations,C3,G4,https://singingcarrots.com/artist-range?artist=The%20Temptations
Take a Look Around,The Temptations,C3,A4,https://singingcarrots.com/artist-range?artist=The%20Temptations
Too Busy Thinking About My Baby,The Temptations,C3,D4,https://singingcarrots.com/artist-range?artist=The%20Temptations
You're My Everything,The Temptations,G2,E4,https://singingcarrots.com/artist-range?artist=The%20Temptations
Lucky Man,The Verve,B2,F#4,https://singingcarrots.com/artist-range?artist=The%20Verve
Sonnet,The Verve,E3,G4,https://singingcarrots.com/artist-range?artist=The%20Verve
The Drugs Don't Work,The Verve,C2,D3,https://singingcarrots.com/artist-range?artist=The%20Verve
1921,The Who,E3,A4,https://singingcarrots.com/artist-range?artist=The%20Who
Acid Queen,The Who,G2,G4,https://singingcarrots.com/artist-range?artist=The%20Who
Bargain,The Who,B1,B3,https://singingcarrots.com/artist-range?artist=The%20Who
Captain Walker,The Who,D3,D4,https://singingcarrots.com/artist-range?artist=The%20Who
Christmas,The Who,G2,A3,https://singingcarrots.com/artist-range?artist=The%20Who
Cousin Kevin,The Who,C3,F#4,https://singingcarrots.com/artist-range?artist=The%20Who
Do You Think It's Alright?,The Who,D#3,D#4,https://singingcarrots.com/artist-range?artist=The%20Who
Dogs,The Who,C3,B4,https://singingcarrots.com/artist-range?artist=The%20Who
Fiddle About,The Who,D#3,A#4,https://singingcarrots.com/artist-range?artist=The%20Who
God Speaks of Marty Robbins,The Who,D3,D4,https://singingcarrots.com/artist-range?artist=The%20Who
I Can See for Miles,The Who,A2,F#4,https://singingcarrots.com/artist-range?artist=The%20Who
I'm Free,The Who,D2,C4,https://singingcarrots.com/artist-range?artist=The%20Who
Magic Bus,The Who,C2,D#4,https://singingcarrots.com/artist-range?artist=The%20Who
Miracle Cure,The Who,C3,A#3,https://singingcarrots.com/artist-range?artist=The%20Who
My Wife,The Who,E3,B4,https://singingcarrots.com/artist-range?artist=The%20Who
Sally Simpson,The Who,E3,A4,https://singingcarrots.com/artist-range?artist=The%20Who
"See Me, Feel Me",The Who,B2,E4,https://singingcarrots.com/artist-range?artist=The%20Who
Smash the Mirror,The Who,A2,F#4,https://singingcarrots.com/artist-range?artist=The%20Who
The Acid Queen,The Who,E3,F#4,https://singingcarrots.com/artist-range?artist=The%20Who
The Kids Are Alright,The Who,E3,D4,https://singingcarrots.com/artist-range?artist=The%20Who
The Magic Bus,The Who,A2,F4,https://singingcarrots.com/artist-range?artist=The%20Who
The Punk Meets the Godfather,The Who,D3,B4,https://singingcarrots.com/artist-range?artist=The%20Who
There's a Doctor,The Who,F3,F4,https://singingcarrots.com/artist-range?artist=The%20Who
There's a Doctor (I've Found),The Who,F3,F4,https://singingcarrots.com/artist-range?artist=The%20Who
Tommy,The Who,C3,D4,https://singingcarrots.com/artist-range?artist=The%20Who
Tommy's Holiday Camp,The Who,D3,F#4,https://singingcarrots.com/artist-range?artist=The%20Who
Twenty One,The Who,G2,G#4,https://singingcarrots.com/artist-range?artist=The%20Who
Welcome,The Who,B2,A4,https://singingcarrots.com/artist-range?artist=The%20Who
Who Are You?,The Who,G2,E4,https://singingcarrots.com/artist-range?artist=The%20Who
All Glory,Tim Hughes,C#3,F#4,https://singingcarrots.com/artist-range?artist=Tim%20Hughes
Almighty God,Tim Hughes,A#2,F4,https://singingcarrots.com/artist-range?artist=Tim%20Hughes
At Your Name,Tim Hughes,E3,A4,https://singingcarrots.com/artist-range?artist=Tim%20Hughes
At Your Name (Forever),Tim Hughes,A2,B4,https://singingcarrots.com/artist-range?artist=Tim%20Hughes
Be Glorified,Tim Hughes,E3,D4,https://singingcarrots.com/artist-range?artist=Tim%20Hughes
Beautiful One,Tim Hughes,C3,D4,https://singingcarrots.com/artist-range?artist=Tim%20Hughes
Because of Your Love,Tim Hughes,B2,F#4,https://singingcarrots.com/artist-range?artist=Tim%20Hughes
Center of It All,Tim Hughes,C#3,B4,https://singingcarrots.com/artist-range?artist=Tim%20Hughes
Clinging To the Cross,Tim Hughes,G2,A4,https://singingcarrots.com/artist-range?artist=Tim%20Hughes
Consuming Fire,Tim Hughes,D3,E4,https://singingcarrots.com/artist-range?artist=Tim%20Hughes
Counting on Your Name,Tim Hughes,C3,A4,https://singingcarrots.com/artist-range?artist=Tim%20Hughes
Everything,Tim Hughes,D#3,G#4,https://singingcarrots.com/artist-range?artist=Tim%20Hughes
Give Us Your Courage,Tim Hughes,F3,G4,https://singingcarrots.com/artist-range?artist=Tim%20Hughes
God Is Coming,Tim Hughes,B2,G#4,https://singingcarrots.com/artist-range?artist=Tim%20Hughes
God of Justice,Tim Hughes,B2,A4,https://singingcarrots.com/artist-range?artist=Tim%20Hughes
Happy Day,Tim Hughes,G2,A4,https://singingcarrots.com/artist-range?artist=Tim%20Hughes
Here with Me,Tim Hughes,C3,A4,https://singingcarrots.com/artist-range?artist=Tim%20Hughes
Holding Nothing Back,Tim Hughes,B2,F#4,https://singingcarrots.com/artist-range?artist=Tim%20Hughes
Living for Your Glory,Tim Hughes,B2,G#4,https://singingcarrots.com/artist-range?artist=Tim%20Hughes
Maker of All Things,Tim Hughes,G2,D4,https://singingcarrots.com/artist-range?artist=Tim%20Hughes
May the Words of My Mouth,Tim Hughes,C3,E4,https://singingcarrots.com/artist-range?artist=Tim%20Hughes
Out of the Darkness,Tim Hughes,A2,F#4,https://singingcarrots.com/artist-range?artist=Tim%20Hughes
Whole World In His Hands,Tim Hughes,B2,G4,https://singingcarrots.com/artist-range?artist=Tim%20Hughes
Angry All the Time,Tim McGraw,A2,E4,https://singingcarrots.com/artist-range?artist=Tim%20McGraw
Back When,Tim McGraw,D3,D4,https://singingcarrots.com/artist-range?artist=Tim%20McGraw
Beautiful People,Tim McGraw,C#3,F#4,https://singingcarrots.com/artist-range?artist=Tim%20McGraw
Better Than I Used To Be,Tim McGraw,C3,F4,https://singingcarrots.com/artist-range?artist=Tim%20McGraw
Between the River and Me,Tim McGraw,A2,F#4,https://singingcarrots.com/artist-range?artist=Tim%20McGraw
Can't Tell Me Nothin',Tim McGraw,B2,F#4,https://singingcarrots.com/artist-range?artist=Tim%20McGraw
Comin' Home,Tim McGraw,C3,F4,https://singingcarrots.com/artist-range?artist=Tim%20McGraw
Do You Want Fries With That,Tim McGraw,A2,F#4,https://singingcarrots.com/artist-range?artist=Tim%20McGraw
Drugs or Jesus,Tim McGraw,G2,G4,https://singingcarrots.com/artist-range?artist=Tim%20McGraw
Everybody Hates Me,Tim McGraw,C3,E4,https://singingcarrots.com/artist-range?artist=Tim%20McGraw
Felt Good on My Lips,Tim McGraw,A#2,G4,https://singingcarrots.com/artist-range?artist=Tim%20McGraw
For a Little While,Tim McGraw,D3,G4,https://singingcarrots.com/artist-range?artist=Tim%20McGraw
Grown Men Don't Cry,Tim McGraw,D3,A#4,https://singingcarrots.com/artist-range?artist=Tim%20McGraw
How Bad Do You Want It,Tim McGraw,E3,F#4,https://singingcarrots.com/artist-range?artist=Tim%20McGraw
I Called Mama,Tim McGraw,A2,E4,https://singingcarrots.com/artist-range?artist=Tim%20McGraw
I Need You,Tim McGraw,G#2,C#4,https://singingcarrots.com/artist-range?artist=Tim%20McGraw
I'm Workin',Tim McGraw,A#2,F4,https://singingcarrots.com/artist-range?artist=Tim%20McGraw
I've Got Friends That Do,Tim McGraw,C3,F4,https://singingcarrots.com/artist-range?artist=Tim%20McGraw
If You're Reading This,Tim McGraw,B2,D#4,https://singingcarrots.com/artist-range?artist=Tim%20McGraw
It's Your Love,Tim McGraw,C3,E4,https://singingcarrots.com/artist-range?artist=Tim%20McGraw
It's a Business Doing Pleasure With You,Tim McGraw,C3,E4,https://singingcarrots.com/artist-range?artist=Tim%20McGraw
Just Be Your Tear,Tim McGraw,C#3,G4,https://singingcarrots.com/artist-range?artist=Tim%20McGraw
Kill Myself,Tim McGraw,B2,F#4,https://singingcarrots.com/artist-range?artist=Tim%20McGraw
Kristofferson,Tim McGraw,A2,F#4,https://singingcarrots.com/artist-range?artist=Tim%20McGraw
Last Dollar,Tim McGraw,D#3,B4,https://singingcarrots.com/artist-range?artist=Tim%20McGraw
Let It Go,Tim McGraw,A#2,F4,https://singingcarrots.com/artist-range?artist=Tim%20McGraw
My Best Friend,Tim McGraw,E3,F#4,https://singingcarrots.com/artist-range?artist=Tim%20McGraw
My Little Girl,Tim McGraw,G2,G4,https://singingcarrots.com/artist-range?artist=Tim%20McGraw
My Next Thirty Years,Tim McGraw,C3,A4,https://singingcarrots.com/artist-range?artist=Tim%20McGraw
My Old Friend,Tim McGraw,B2,B4,https://singingcarrots.com/artist-range?artist=Tim%20McGraw
Nothin' To Die For,Tim McGraw,A#2,F4,https://singingcarrots.com/artist-range?artist=Tim%20McGraw
Old Town New,Tim McGraw,G2,D4,https://singingcarrots.com/artist-range?artist=Tim%20McGraw
One of Those Nights,Tim McGraw,G2,G4,https://singingcarrots.com/artist-range?artist=Tim%20McGraw
Open Season on My Heart,Tim McGraw,C3,F4,https://singingcarrots.com/artist-range?artist=Tim%20McGraw
Please Remember Me,Tim McGraw,A2,G4,https://singingcarrots.com/artist-range?artist=Tim%20McGraw
Put Your Lovin' on Me,Tim McGraw,F3,A4,https://singingcarrots.com/artist-range?artist=Tim%20McGraw
Red Rag Top,Tim McGraw,D3,E4,https://singingcarrots.com/artist-range?artist=Tim%20McGraw
She's My Kind of Rain,Tim McGraw,F2,F3,https://singingcarrots.com/artist-range?artist=Tim%20McGraw
Shotgun Rider,Tim McGraw,E3,E4,https://singingcarrots.com/artist-range?artist=Tim%20McGraw
Some Things Never Change,Tim McGraw,E3,G#4,https://singingcarrots.com/artist-range?artist=Tim%20McGraw
Southern Girl,Tim McGraw,D3,E4,https://singingcarrots.com/artist-range?artist=Tim%20McGraw
Southern Voice,Tim McGraw,D3,F#4,https://singingcarrots.com/artist-range?artist=Tim%20McGraw
Suspicions,Tim McGraw,C3,G#4,https://singingcarrots.com/artist-range?artist=Tim%20McGraw
Telluride,Tim McGraw,A#2,G4,https://singingcarrots.com/artist-range?artist=Tim%20McGraw
Train #10,Tim McGraw,C#3,G#4,https://singingcarrots.com/artist-range?artist=Tim%20McGraw
Watch the Wind Blow By,Tim McGraw,C3,F4,https://singingcarrots.com/artist-range?artist=Tim%20McGraw
We Carry on,Tim McGraw,C3,A4,https://singingcarrots.com/artist-range?artist=Tim%20McGraw
Wherever the Trail May Lead,Tim McGraw,C3,A#4,https://singingcarrots.com/artist-range?artist=Tim%20McGraw
Whiskey and You,Tim McGraw,B2,F#4,https://singingcarrots.com/artist-range?artist=Tim%20McGraw
The Rest of Our Life,Tim McGraw & Faith Hill,A2,B4,https://singingcarrots.com/artist-range?artist=Tim%20McGraw%20%26%20Faith%20Hill
A Little Less Talk and a Lot More Action,Toby Keith,A2,E4,https://singingcarrots.com/artist-range?artist=Toby%20Keith
A Little Too Late,Toby Keith,C3,E4,https://singingcarrots.com/artist-range?artist=Toby%20Keith
American Ride,Toby Keith,E3,G4,https://singingcarrots.com/artist-range?artist=Toby%20Keith
American Soldier,Toby Keith,F#2,F#4,https://singingcarrots.com/artist-range?artist=Toby%20Keith
As Good As I Once Was,Toby Keith,A2,D#4,https://singingcarrots.com/artist-range?artist=Toby%20Keith
Beer for My Horses,Toby Keith,E2,D4,https://singingcarrots.com/artist-range?artist=Toby%20Keith
Blame It on the Mistletoe,Toby Keith,G2,B3,https://singingcarrots.com/artist-range?artist=Toby%20Keith
Can't Buy You Money,Toby Keith,A2,D4,https://singingcarrots.com/artist-range?artist=Toby%20Keith
Crash Here Tonight,Toby Keith,E2,B3,https://singingcarrots.com/artist-range?artist=Toby%20Keith
Cryin' for Me,Toby Keith,F#2,F4,https://singingcarrots.com/artist-range?artist=Toby%20Keith
Don't Let the Old Man In,Toby Keith,F#2,A3,https://singingcarrots.com/artist-range?artist=Toby%20Keith
Get Drunk and Be Somebody,Toby Keith,D3,F4,https://singingcarrots.com/artist-range?artist=Toby%20Keith
Get My Drink On,Toby Keith,A2,C4,https://singingcarrots.com/artist-range?artist=Toby%20Keith
God Love Her,Toby Keith,A#2,G4,https://singingcarrots.com/artist-range?artist=Toby%20Keith
Huckleberry,Toby Keith,F2,A3,https://singingcarrots.com/artist-range?artist=Toby%20Keith
I Can't Take You Anywhere,Toby Keith,F2,D4,https://singingcarrots.com/artist-range?artist=Toby%20Keith
I Love This Bar,Toby Keith,E2,A4,https://singingcarrots.com/artist-range?artist=Toby%20Keith
I Wanna Talk About Me,Toby Keith,G2,A4,https://singingcarrots.com/artist-range?artist=Toby%20Keith
I'm Just Talkin' About Tonight,Toby Keith,A2,C4,https://singingcarrots.com/artist-range?artist=Toby%20Keith
Love Me If You Can,Toby Keith,A#2,D4,https://singingcarrots.com/artist-range?artist=Toby%20Keith
Mockingbird,Toby Keith,G2,C4,https://singingcarrots.com/artist-range?artist=Toby%20Keith
Red Solo Cup,Toby Keith,F#2,D4,https://singingcarrots.com/artist-range?artist=Toby%20Keith
Rockin' Around the Christmas Tree,Toby Keith,B2,D4,https://singingcarrots.com/artist-range?artist=Toby%20Keith
She Ain't Hooked on Me No More,Toby Keith,E2,A3,https://singingcarrots.com/artist-range?artist=Toby%20Keith
She Never Cried In Front of Me,Toby Keith,D3,E4,https://singingcarrots.com/artist-range?artist=Toby%20Keith
She's a Hottie,Toby Keith,C3,F4,https://singingcarrots.com/artist-range?artist=Toby%20Keith
Stays In Mexico,Toby Keith,A2,E4,https://singingcarrots.com/artist-range?artist=Toby%20Keith
We Were In Love,Toby Keith,E2,F#4,https://singingcarrots.com/artist-range?artist=Toby%20Keith
What Made the Baby Cry,Toby Keith,C3,D4,https://singingcarrots.com/artist-range?artist=Toby%20Keith
Whiskey Girl,Toby Keith,G#2,A#4,https://singingcarrots.com/artist-range?artist=Toby%20Keith
Wish I Didn't Know Now,Toby Keith,B2,D4,https://singingcarrots.com/artist-range?artist=Toby%20Keith
A Little Less Talk and a Lot More Action,Toby Keith & Willie Nelson,A2,E4,https://singingcarrots.com/artist-range?artist=Toby%20Keith
A Little Too Late,Toby Keith & Willie Nelson,C3,E4,https://singingcarrots.com/artist-range?artist=Toby%20Keith
American Ride,Toby Keith & Willie Nelson,E3,G4,https://singingcarrots.com/artist-range?artist=Toby%20Keith
American Soldier,Toby Keith & Willie Nelson,F#2,F#4,https://singingcarrots.com/artist-range?artist=Toby%20Keith
As Good As I Once Was,Toby Keith & Willie Nelson,A2,D#4,https://singingcarrots.com/artist-range?artist=Toby%20Keith
Blame It on the Mistletoe,Toby Keith & Willie Nelson,G2,B3,https://singingcarrots.com/artist-range?artist=Toby%20Keith
Can't Buy You Money,Toby Keith & Willie Nelson,A2,D4,https://singingcarrots.com/artist-range?artist=Toby%20Keith
"Courtesy of the Red, White and Blue",Toby Keith & Willie Nelson,F#2,E4,https://singingcarrots.com/artist-range?artist=Toby%20Keith
Crash Here Tonight,Toby Keith & Willie Nelson,E2,B3,https://singingcarrots.com/artist-range?artist=Toby%20Keith
Cryin' for Me,Toby Keith & Willie Nelson,F#2,F4,https://singingcarrots.com/artist-range?artist=Toby%20Keith
Don't Let the Old Man In,Toby Keith & Willie Nelson,F#2,A3,https://singingcarrots.com/artist-range?artist=Toby%20Keith
Get Drunk and Be Somebody,Toby Keith & Willie Nelson,D3,F4,https://singingcarrots.com/artist-range?artist=Toby%20Keith
Get My Drink On,Toby Keith & Willie Nelson,A2,C4,https://singingcarrots.com/artist-range?artist=Toby%20Keith
God Love Her,Toby Keith & Willie Nelson,A#2,G4,https://singingcarrots.com/artist-range?artist=Toby%20Keith
How Do You Like Me Now?!,Toby Keith & Willie Nelson,A2,G4,https://singingcarrots.com/artist-range?artist=Toby%20Keith
Huckleberry,Toby Keith & Willie Nelson,F2,A3,https://singingcarrots.com/artist-range?artist=Toby%20Keith
I Can't Take You Anywhere,Toby Keith & Willie Nelson,F2,D4,https://singingcarrots.com/artist-range?artist=Toby%20Keith
I Love This Bar,Toby Keith & Willie Nelson,E2,A4,https://singingcarrots.com/artist-range?artist=Toby%20Keith
I Wanna Talk About Me,Toby Keith & Willie Nelson,G2,A4,https://singingcarrots.com/artist-range?artist=Toby%20Keith
I'm Just Talkin' About Tonight,Toby Keith & Willie Nelson,A2,C4,https://singingcarrots.com/artist-range?artist=Toby%20Keith
Love Me If You Can,Toby Keith & Willie Nelson,A#2,D4,https://singingcarrots.com/artist-range?artist=Toby%20Keith
Mockingbird,Toby Keith & Willie Nelson,G2,C4,https://singingcarrots.com/artist-range?artist=Toby%20Keith
Red Solo Cup,Toby Keith & Willie Nelson,F#2,D4,https://singingcarrots.com/artist-range?artist=Toby%20Keith
Rockin' Around the Christmas Tree,Toby Keith & Willie Nelson,B2,D4,https://singingcarrots.com/artist-range?artist=Toby%20Keith
She Ain't Hooked on Me No More,Toby Keith & Willie Nelson,E2,A3,https://singingcarrots.com/artist-range?artist=Toby%20Keith
She Never Cried In Front of Me,Toby Keith & Willie Nelson,D3,E4,https://singingcarrots.com/artist-range?artist=Toby%20Keith
She's a Hottie,Toby Keith & Willie Nelson,C3,F4,https://singingcarrots.com/artist-range?artist=Toby%20Keith
Should've Been a Cowboy,Toby Keith & Willie Nelson,D3,E4,https://singingcarrots.com/artist-range?artist=Toby%20Keith
Stays In Mexico,Toby Keith & Willie Nelson,A2,E4,https://singingcarrots.com/artist-range?artist=Toby%20Keith
We Were In Love,Toby Keith & Willie Nelson,E2,F#4,https://singingcarrots.com/artist-range?artist=Toby%20Keith
What Made the Baby Cry,Toby Keith & Willie Nelson,C3,D4,https://singingcarrots.com/artist-range?artist=Toby%20Keith
Whiskey Girl,Toby Keith & Willie Nelson,G#2,A#4,https://singingcarrots.com/artist-range?artist=Toby%20Keith
Wish I Didn't Know Now,Toby Keith & Willie Nelson,B2,D4,https://singingcarrots.com/artist-range?artist=Toby%20Keith
A Higher Place,Tom Petty,D3,D4,https://singingcarrots.com/artist-range?artist=Tom%20Petty
I Won't Back Down,Tom Petty,D3,G4,https://singingcarrots.com/artist-range?artist=Tom%20Petty
It's Good to Be King,Tom Petty,E3,E4,https://singingcarrots.com/artist-range?artist=Tom%20Petty
Refugee,Tom Petty,D3,A4,https://singingcarrots.com/artist-range?artist=Tom%20Petty
Saving Grace,Tom Petty,D3,B3,https://singingcarrots.com/artist-range?artist=Tom%20Petty
Southern Accents,Tom Petty,A#2,F4,https://singingcarrots.com/artist-range?artist=Tom%20Petty
The Waiting,Tom Petty,E3,G4,https://singingcarrots.com/artist-range?artist=Tom%20Petty
Too Good To Be True,Tom Petty,G#2,D#4,https://singingcarrots.com/artist-range?artist=Tom%20Petty
Yer So Bad,Tom Petty,E3,E4,https://singingcarrots.com/artist-range?artist=Tom%20Petty
You Don't Know How It Feels,Tom Petty,B2,C#4,https://singingcarrots.com/artist-range?artist=Tom%20Petty
99,Toto,E2,F3,https://singingcarrots.com/artist-range?artist=Toto
Georgy Porgy,Toto,E3,E4,https://singingcarrots.com/artist-range?artist=Toto
Holyanna,Toto,D3,F#4,https://singingcarrots.com/artist-range?artist=Toto
I Won't Hold You Back,Toto,F3,G#4,https://singingcarrots.com/artist-range?artist=Toto
I'll Be Over You,Toto,F3,F4,https://singingcarrots.com/artist-range?artist=Toto
I'll Supply the Love,Toto,E3,E4,https://singingcarrots.com/artist-range?artist=Toto
Make Believe,Toto,B2,E4,https://singingcarrots.com/artist-range?artist=Toto
Pamela,Toto,A2,C4,https://singingcarrots.com/artist-range?artist=Toto
Stop Loving You,Toto,F2,C4,https://singingcarrots.com/artist-range?artist=Toto
I'll Be Here in the Morning,Townes Van Zandt,B2,G#3,https://singingcarrots.com/artist-range?artist=Townes%20Van%20Zandt
All That You Have Is Your Soul,Tracy Chapman,E2,E3,https://singingcarrots.com/artist-range?artist=Tracy%20Chapman
At This Point in My Life,Tracy Chapman,C#3,F#4,https://singingcarrots.com/artist-range?artist=Tracy%20Chapman
Baby Can I Hold You,Tracy Chapman,A2,A3,https://singingcarrots.com/artist-range?artist=Tracy%20Chapman
"Bang, Bang, Bang",Tracy Chapman,D3,E4,https://singingcarrots.com/artist-range?artist=Tracy%20Chapman
Born to Fight,Tracy Chapman,G2,G#3,https://singingcarrots.com/artist-range?artist=Tracy%20Chapman
Cold Feet,Tracy Chapman,D3,F#4,https://singingcarrots.com/artist-range?artist=Tracy%20Chapman
Crossroads,Tracy Chapman,G2,A3,https://singingcarrots.com/artist-range?artist=Tracy%20Chapman
For My Lover,Tracy Chapman,E2,E3,https://singingcarrots.com/artist-range?artist=Tracy%20Chapman
Give Me One Reason,Tracy Chapman,C3,D#4,https://singingcarrots.com/artist-range?artist=Tracy%20Chapman
Heaven's Here on Earth,Tracy Chapman,D3,F4,https://singingcarrots.com/artist-range?artist=Tracy%20Chapman
I'm Ready,Tracy Chapman,F3,E4,https://singingcarrots.com/artist-range?artist=Tracy%20Chapman
New Beginning,Tracy Chapman,E3,G4,https://singingcarrots.com/artist-range?artist=Tracy%20Chapman
Remember the Tinman,Tracy Chapman,D#3,F4,https://singingcarrots.com/artist-range?artist=Tracy%20Chapman
Smoke and Ashes,Tracy Chapman,B2,G#4,https://singingcarrots.com/artist-range?artist=Tracy%20Chapman
Talkin' 'Bout a Revolution,Tracy Chapman,G2,G3,https://singingcarrots.com/artist-range?artist=Tracy%20Chapman
Tell It Like It Is,Tracy Chapman,E3,G4,https://singingcarrots.com/artist-range?artist=Tracy%20Chapman
Telling Stories,Tracy Chapman,D3,G4,https://singingcarrots.com/artist-range?artist=Tracy%20Chapman
The Promise,Tracy Chapman,C#3,F4,https://singingcarrots.com/artist-range?artist=Tracy%20Chapman
The Rape of the World,Tracy Chapman,E3,G4,https://singingcarrots.com/artist-range?artist=Tracy%20Chapman
Breakfast In Bed,Train,A#2,A#3,https://singingcarrots.com/artist-range?artist=Train
Bruises,Train,E2,A4,https://singingcarrots.com/artist-range?artist=Train
Bulletproof Picasso,Train,D3,B4,https://singingcarrots.com/artist-range?artist=Train
Cab,Train,D#3,A#4,https://singingcarrots.com/artist-range?artist=Train
Feels Good At First,Train,D3,G4,https://singingcarrots.com/artist-range?artist=Train
Get To Me,Train,D3,A4,https://singingcarrots.com/artist-range?artist=Train
I Got You,Train,D3,B4,https://singingcarrots.com/artist-range?artist=Train
I'm About To Come Alive,Train,D3,F4,https://singingcarrots.com/artist-range?artist=Train
Meet Virginia,Train,B2,B4,https://singingcarrots.com/artist-range?artist=Train
Parachute,Train,D#3,A#4,https://singingcarrots.com/artist-range?artist=Train
Save the Day,Train,D#3,A4,https://singingcarrots.com/artist-range?artist=Train
Shake Up Christmas,Train,G2,C4,https://singingcarrots.com/artist-range?artist=Train
The Finish Line,Train,C#3,B4,https://singingcarrots.com/artist-range?artist=Train
This Ain't Goodbye,Train,C3,A#4,https://singingcarrots.com/artist-range?artist=Train
This'll Be My Year,Train,D3,A4,https://singingcarrots.com/artist-range?artist=Train
We Were Made for This,Train,E3,B4,https://singingcarrots.com/artist-range?artist=Train
When I Look To the Sky,Train,E3,B4,https://singingcarrots.com/artist-range?artist=Train
When the Fog Rolls In,Train,D3,G4,https://singingcarrots.com/artist-range?artist=Train
You Already Know,Train,C3,A#4,https://singingcarrots.com/artist-range?artist=Train
All Because of You,U2,B2,A4,https://singingcarrots.com/artist-range?artist=U2
All I Want Is You,U2,C#3,D#4,https://singingcarrots.com/artist-range?artist=U2
Beautiful Day,U2,A2,A4,https://singingcarrots.com/artist-range?artist=U2
Cedars of Lebanon,U2,B2,B4,https://singingcarrots.com/artist-range?artist=U2
Cedarwood Road,U2,B2,A4,https://singingcarrots.com/artist-range?artist=U2
Desire,U2,B2,B4,https://singingcarrots.com/artist-range?artist=U2
Even Better Than the Real Thing,U2,E3,A4,https://singingcarrots.com/artist-range?artist=U2
Every Breaking Wave,U2,B2,A4,https://singingcarrots.com/artist-range?artist=U2
Get on Your Boots,U2,B2,G4,https://singingcarrots.com/artist-range?artist=U2
GoldenEye,U2,D2,F#4,https://singingcarrots.com/artist-range?artist=U2
I Still Haven't Found What I'm Looking for,U2,G2,A3,https://singingcarrots.com/artist-range?artist=U2
I Will Follow,U2,D#3,G4,https://singingcarrots.com/artist-range?artist=U2
In God's Country,U2,E3,G4,https://singingcarrots.com/artist-range?artist=U2
Invisible,U2,C3,G4,https://singingcarrots.com/artist-range?artist=U2
Love Is Blindness,U2,A2,A4,https://singingcarrots.com/artist-range?artist=U2
Magnificent,U2,D#3,B4,https://singingcarrots.com/artist-range?artist=U2
Miracle Drug,U2,B2,B4,https://singingcarrots.com/artist-range?artist=U2
Miss Sarajevo,U2,B2,B4,https://singingcarrots.com/artist-range?artist=U2
Mysterious Ways,U2,D3,G4,https://singingcarrots.com/artist-range?artist=U2
October,U2,C3,G4,https://singingcarrots.com/artist-range?artist=U2
Peace on Earth,U2,D3,D4,https://singingcarrots.com/artist-range?artist=U2
Staring at the Sun,U2,E3,A4,https://singingcarrots.com/artist-range?artist=U2
Stuck In a Moment You Can't Get Out Of,U2,C#3,G#4,https://singingcarrots.com/artist-range?artist=U2
Summer of Love,U2,D3,G4,https://singingcarrots.com/artist-range?artist=U2
The First Time,U2,A#2,G3,https://singingcarrots.com/artist-range?artist=U2
The Hands That Built America,U2,E3,G4,https://singingcarrots.com/artist-range?artist=U2
The Saints Are Coming,U2,B2,G4,https://singingcarrots.com/artist-range?artist=U2
The Troubles,U2,C3,A4,https://singingcarrots.com/artist-range?artist=U2
Ultraviolet (Light My Way),U2,B2,B4,https://singingcarrots.com/artist-range?artist=U2
Until the End of the World,U2,A2,F#4,https://singingcarrots.com/artist-range?artist=U2
Vertigo,U2,E3,B4,https://singingcarrots.com/artist-range?artist=U2
Walk On,U2,A2,G4,https://singingcarrots.com/artist-range?artist=U2
When Love Comes To Town,U2,E3,G#4,https://singingcarrots.com/artist-range?artist=U2
Where the Streets Have No Name,U2,F#2,A4,https://singingcarrots.com/artist-range?artist=U2
White As Snow,U2,C3,G4,https://singingcarrots.com/artist-range?artist=U2
You're the Best Thing About Me,U2,E3,B4,https://singingcarrots.com/artist-range?artist=U2
And It Stoned Me,Van Morrison,D3,B4,https://singingcarrots.com/artist-range?artist=Van%20Morrison
Brand New Day,Van Morrison,B2,A4,https://singingcarrots.com/artist-range?artist=Van%20Morrison
Caravan,Van Morrison,C3,B4,https://singingcarrots.com/artist-range?artist=Van%20Morrison
Carrying a Torch,Van Morrison,G2,G4,https://singingcarrots.com/artist-range?artist=Van%20Morrison
Centerpiece / Blues Backstage,Van Morrison,F3,C#4,https://singingcarrots.com/artist-range?artist=Van%20Morrison
Come Running,Van Morrison,E3,A4,https://singingcarrots.com/artist-range?artist=Van%20Morrison
Crazy Love,Van Morrison,E3,F#4,https://singingcarrots.com/artist-range?artist=Van%20Morrison
Days Like This,Van Morrison,A#2,G4,https://singingcarrots.com/artist-range?artist=Van%20Morrison
Don't Worry About a Thing,Van Morrison,D#3,G#4,https://singingcarrots.com/artist-range?artist=Van%20Morrison
Enlightenment,Van Morrison,D3,F#4,https://singingcarrots.com/artist-range?artist=Van%20Morrison
Glad Tidings,Van Morrison,D3,A4,https://singingcarrots.com/artist-range?artist=Van%20Morrison
Have I Told You Lately,Van Morrison,G2,C4,https://singingcarrots.com/artist-range?artist=Van%20Morrison
Have I Told You Lately That I Love You?,Van Morrison,C#3,F#4,https://singingcarrots.com/artist-range?artist=Van%20Morrison
Here Comes the Night,Van Morrison,B2,G#4,https://singingcarrots.com/artist-range?artist=Van%20Morrison
Jackie Wilson Said (I'm in Heaven When You Smile),Van Morrison,G2,G4,https://singingcarrots.com/artist-range?artist=Van%20Morrison
No Religion,Van Morrison,A2,F#4,https://singingcarrots.com/artist-range?artist=Van%20Morrison
Philosopher's Stone,Van Morrison,C3,E4,https://singingcarrots.com/artist-range?artist=Van%20Morrison
Queen of the Slipstream,Van Morrison,C#3,F#4,https://singingcarrots.com/artist-range?artist=Van%20Morrison
"Rave On, John Donne",Van Morrison,D3,G4,https://singingcarrots.com/artist-range?artist=Van%20Morrison
Real Real Gone,Van Morrison,E3,G4,https://singingcarrots.com/artist-range?artist=Van%20Morrison
Reminds Me of You,Van Morrison,D3,E4,https://singingcarrots.com/artist-range?artist=Van%20Morrison
Someone Like You,Van Morrison,D3,G4,https://singingcarrots.com/artist-range?artist=Van%20Morrison
Sweet Thing,Van Morrison,E3,G#4,https://singingcarrots.com/artist-range?artist=Van%20Morrison
These Dreams of You,Van Morrison,D3,A4,https://singingcarrots.com/artist-range?artist=Van%20Morrison
Tupelo Honey,Van Morrison,F3,G4,https://singingcarrots.com/artist-range?artist=Van%20Morrison
When the Leaves Come Falling Down,Van Morrison,G2,D4,https://singingcarrots.com/artist-range?artist=Van%20Morrison
Whenever God Shines His Light,Van Morrison,D3,G4,https://singingcarrots.com/artist-range?artist=Van%20Morrison
Wonderful Remark,Van Morrison,E3,G4,https://singingcarrots.com/artist-range?artist=Van%20Morrison
Best That I Can,Vance Joy,D3,F4,https://singingcarrots.com/artist-range?artist=Vance%20Joy
Fire and the Flood,Vance Joy,D3,A4,https://singingcarrots.com/artist-range?artist=Vance%20Joy
From Afar,Vance Joy,C3,A4,https://singingcarrots.com/artist-range?artist=Vance%20Joy
Georgia,Vance Joy,F3,A#4,https://singingcarrots.com/artist-range?artist=Vance%20Joy
Lay It On Me,Vance Joy,C3,A#4,https://singingcarrots.com/artist-range?artist=Vance%20Joy
Saturday Sun,Vance Joy,D#3,F4,https://singingcarrots.com/artist-range?artist=Vance%20Joy
Wasted Time,Vance Joy,E3,A4,https://singingcarrots.com/artist-range?artist=Vance%20Joy
Who Am I,Vance Joy,D3,E4,https://singingcarrots.com/artist-range?artist=Vance%20Joy
A Moment Isn't Very Long,Willie Nelson,C3,D#4,https://singingcarrots.com/artist-range?artist=Willie%20Nelson
After the Fire Is Gone,Willie Nelson,C3,D4,https://singingcarrots.com/artist-range?artist=Willie%20Nelson
Angel Flying Too Close To the Ground,Willie Nelson,A2,D4,https://singingcarrots.com/artist-range?artist=Willie%20Nelson
Any Old Arms Won't Do,Willie Nelson,A#2,D4,https://singingcarrots.com/artist-range?artist=Willie%20Nelson
Blame It on the Times,Willie Nelson,A#2,D#4,https://singingcarrots.com/artist-range?artist=Willie%20Nelson
Bloody Mary Morning,Willie Nelson,B2,D4,https://singingcarrots.com/artist-range?artist=Willie%20Nelson
Both Ends of the Candle,Willie Nelson,C3,F4,https://singingcarrots.com/artist-range?artist=Willie%20Nelson
City of New Orleans,Willie Nelson,D3,D4,https://singingcarrots.com/artist-range?artist=Willie%20Nelson
Columbus Stockade Blues,Willie Nelson,B2,C#4,https://singingcarrots.com/artist-range?artist=Willie%20Nelson
Crazy,Willie Nelson,D3,G4,https://singingcarrots.com/artist-range?artist=Willie%20Nelson
Darkness on the Face of The Earth,Willie Nelson,E2,C#4,https://singingcarrots.com/artist-range?artist=Willie%20Nelson
Don't You Ever Get Tired (Of Hurting Me),Willie Nelson,C3,A4,https://singingcarrots.com/artist-range?artist=Willie%20Nelson
Everything But You,Willie Nelson,D#3,F4,https://singingcarrots.com/artist-range?artist=Willie%20Nelson
Face of a Fighter,Willie Nelson,A#2,F4,https://singingcarrots.com/artist-range?artist=Willie%20Nelson
Funny How Time Slips Away,Willie Nelson,G2,E4,https://singingcarrots.com/artist-range?artist=Willie%20Nelson
Georgia on My Mind,Willie Nelson,F2,C#4,https://singingcarrots.com/artist-range?artist=Willie%20Nelson
He Was a Friend of Mine,Willie Nelson,A2,B3,https://singingcarrots.com/artist-range?artist=Willie%20Nelson
Healing Hands of Time,Willie Nelson,D3,A4,https://singingcarrots.com/artist-range?artist=Willie%20Nelson
Home Is Where You're Happy,Willie Nelson,C3,D4,https://singingcarrots.com/artist-range?artist=Willie%20Nelson
Home Motel,Willie Nelson,G2,B3,https://singingcarrots.com/artist-range?artist=Willie%20Nelson
I Can't Find the Time,Willie Nelson,A2,D4,https://singingcarrots.com/artist-range?artist=Willie%20Nelson
I Couldn't Believe It Was True,Willie Nelson,C3,C4,https://singingcarrots.com/artist-range?artist=Willie%20Nelson
I Didn't Sleep a Wink,Willie Nelson,G#2,D#4,https://singingcarrots.com/artist-range?artist=Willie%20Nelson
I Feel Sorry for Him,Willie Nelson,A#2,C#4,https://singingcarrots.com/artist-range?artist=Willie%20Nelson
I Gotta Get Drunk,Willie Nelson,B2,D4,https://singingcarrots.com/artist-range?artist=Willie%20Nelson
I Hope So,Willie Nelson,B2,E4,https://singingcarrots.com/artist-range?artist=Willie%20Nelson
I Just Can't Let You Say Good-Bye,Willie Nelson,F2,D4,https://singingcarrots.com/artist-range?artist=Willie%20Nelson
I Just Can't Let You Say Goodbye,Willie Nelson,C3,D4,https://singingcarrots.com/artist-range?artist=Willie%20Nelson
I Just Don't Understand,Willie Nelson,C3,C4,https://singingcarrots.com/artist-range?artist=Willie%20Nelson
I Let My Mind Wander,Willie Nelson,A#2,G4,https://singingcarrots.com/artist-range?artist=Willie%20Nelson
I Never Cared for You,Willie Nelson,D#2,E4,https://singingcarrots.com/artist-range?artist=Willie%20Nelson
I'm Building Heartaches,Willie Nelson,C3,F4,https://singingcarrots.com/artist-range?artist=Willie%20Nelson
I'm Gonna Sit Right Down and Write Myself a Letter,Willie Nelson,C3,G4,https://singingcarrots.com/artist-range?artist=Willie%20Nelson
I've Just Destroyed the World,Willie Nelson,F#2,G4,https://singingcarrots.com/artist-range?artist=Willie%20Nelson
If You've Got the Money,Willie Nelson,G#2,D#4,https://singingcarrots.com/artist-range?artist=Willie%20Nelson
Is There Something on Your Mind,Willie Nelson,C3,D4,https://singingcarrots.com/artist-range?artist=Willie%20Nelson
Kneel at the Feet of Jesus,Willie Nelson,C3,G4,https://singingcarrots.com/artist-range?artist=Willie%20Nelson
Living In the Promiseland,Willie Nelson,G2,D4,https://singingcarrots.com/artist-range?artist=Willie%20Nelson
Mammas Don't Let Your Babies Grow Up to Be Cowboys,Willie Nelson,E2,C#4,https://singingcarrots.com/artist-range?artist=Willie%20Nelson
Me and Paul,Willie Nelson,C3,D4,https://singingcarrots.com/artist-range?artist=Willie%20Nelson
Old Fords and a Natural Stone,Willie Nelson,A2,D4,https://singingcarrots.com/artist-range?artist=Willie%20Nelson
One Day at a Time,Willie Nelson,A2,C4,https://singingcarrots.com/artist-range?artist=Willie%20Nelson
One Step Beyond,Willie Nelson,G2,E4,https://singingcarrots.com/artist-range?artist=Willie%20Nelson
Pancho and Lefty,Willie Nelson,A2,D4,https://singingcarrots.com/artist-range?artist=Willie%20Nelson
Pretty Paper,Willie Nelson,B2,E4,https://singingcarrots.com/artist-range?artist=Willie%20Nelson
Remember Me,Willie Nelson,C3,C4,https://singingcarrots.com/artist-range?artist=Willie%20Nelson
Sad Songs and Waltzes,Willie Nelson,C3,D4,https://singingcarrots.com/artist-range?artist=Willie%20Nelson
September Song,Willie Nelson,G#2,C4,https://singingcarrots.com/artist-range?artist=Willie%20Nelson
Slow Down Old World,Willie Nelson,D#3,D#4,https://singingcarrots.com/artist-range?artist=Willie%20Nelson
Some Other Time,Willie Nelson,F3,G4,https://singingcarrots.com/artist-range?artist=Willie%20Nelson
Something You Get Through,Willie Nelson,G2,A3,https://singingcarrots.com/artist-range?artist=Willie%20Nelson
Staring Each Other Down,Willie Nelson,G2,C#4,https://singingcarrots.com/artist-range?artist=Willie%20Nelson
Suffer in Silence,Willie Nelson,C3,D4,https://singingcarrots.com/artist-range?artist=Willie%20Nelson
Suffering In Silence,Willie Nelson,C3,D4,https://singingcarrots.com/artist-range?artist=Willie%20Nelson
The End of Understanding,Willie Nelson,B2,G4,https://singingcarrots.com/artist-range?artist=Willie%20Nelson
The Part Where I Cry,Willie Nelson,B2,C4,https://singingcarrots.com/artist-range?artist=Willie%20Nelson
The Shelter of Your Arms,Willie Nelson,A2,F4,https://singingcarrots.com/artist-range?artist=Willie%20Nelson
There Is No Easy Way,Willie Nelson,C3,F4,https://singingcarrots.com/artist-range?artist=Willie%20Nelson
Things To Remember,Willie Nelson,A2,D4,https://singingcarrots.com/artist-range?artist=Willie%20Nelson
Undo the Right,Willie Nelson,A#2,D#4,https://singingcarrots.com/artist-range?artist=Willie%20Nelson
Up Against the Wall Redneck,Willie Nelson,C3,C4,https://singingcarrots.com/artist-range?artist=Willie%20Nelson
What Can You Do to Me Now,Willie Nelson,A2,E4,https://singingcarrots.com/artist-range?artist=Willie%20Nelson
Whiskey River,Willie Nelson,B2,E4,https://singingcarrots.com/artist-range?artist=Willie%20Nelson
Why Are You Picking on Me,Willie Nelson,A2,E4,https://singingcarrots.com/artist-range?artist=Willie%20Nelson
Will You Remember Mine,Willie Nelson,A#2,D#4,https://singingcarrots.com/artist-range?artist=Willie%20Nelson
You Wouldn't Cross the Street (To Say Goodbye),Willie Nelson,C3,F4,https://singingcarrots.com/artist-range?artist=Willie%20Nelson
You'll Always Have Someone,Willie Nelson,C#3,C#4,https://singingcarrots.com/artist-range?artist=Willie%20Nelson
Deportee (Plane Wreck at Los Gatos),Woody Guthrie,G#2,G#3,https://singingcarrots.com/artist-range?artist=Woody%20Guthrie
Ezekiel Saw the Wheel,Woody Guthrie,D3,E4,https://singingcarrots.com/artist-range?artist=Woody%20Guthrie
I Ain't Got No Home,Woody Guthrie,D3,D4,https://singingcarrots.com/artist-range?artist=Woody%20Guthrie
Jesus Christ,Woody Guthrie,C#3,C#4,https://singingcarrots.com/artist-range?artist=Woody%20Guthrie
Riding In My Car,Woody Guthrie,D#3,C#4,https://singingcarrots.com/artist-range?artist=Woody%20Guthrie
"Roll On, Columbia",Woody Guthrie,C#3,B3,https://singingcarrots.com/artist-range?artist=Woody%20Guthrie
So Long It's Been Good To Know Yuh,Woody Guthrie,B2,C4,https://singingcarrots.com/artist-range?artist=Woody%20Guthrie
Union Maid,Woody Guthrie,G2,C4,https://singingcarrots.com/artist-range?artist=Woody%20Guthrie
As She's Walking Away,Zac Brown Band,G2,F#4,https://singingcarrots.com/artist-range?artist=Zac%20Brown%20Band
Cold Hearted,Zac Brown Band,C3,G4,https://singingcarrots.com/artist-range?artist=Zac%20Brown%20Band
Colder Weather,Zac Brown Band,G#2,G#4,https://singingcarrots.com/artist-range?artist=Zac%20Brown%20Band
Different Kind of Fine,Zac Brown Band,G2,G4,https://singingcarrots.com/artist-range?artist=Zac%20Brown%20Band
Free,Zac Brown Band,A2,E4,https://singingcarrots.com/artist-range?artist=Zac%20Brown%20Band
Goodbye In Her Eyes,Zac Brown Band,G2,E4,https://singingcarrots.com/artist-range?artist=Zac%20Brown%20Band
Highway 20 Ride,Zac Brown Band,G2,G4,https://singingcarrots.com/artist-range?artist=Zac%20Brown%20Band
I Play the Road,Zac Brown Band,D3,A4,https://singingcarrots.com/artist-range?artist=Zac%20Brown%20Band
Jump Right In,Zac Brown Band,G2,F4,https://singingcarrots.com/artist-range?artist=Zac%20Brown%20Band
Keep Me In Mind,Zac Brown Band,G2,B4,https://singingcarrots.com/artist-range?artist=Zac%20Brown%20Band
Knee Deep,Zac Brown Band,G#2,D#4,https://singingcarrots.com/artist-range?artist=Zac%20Brown%20Band
Lance's Song,Zac Brown Band,B2,G#4,https://singingcarrots.com/artist-range?artist=Zac%20Brown%20Band
Last But Not Least,Zac Brown Band,A2,B4,https://singingcarrots.com/artist-range?artist=Zac%20Brown%20Band
Leaving Love Behind,Zac Brown Band,C#3,F#4,https://singingcarrots.com/artist-range?artist=Zac%20Brown%20Band
Let It Go,Zac Brown Band,D3,B4,https://singingcarrots.com/artist-range?artist=Zac%20Brown%20Band
Make This Day,Zac Brown Band,A2,A4,https://singingcarrots.com/artist-range?artist=Zac%20Brown%20Band
Martin,Zac Brown Band,B2,G#4,https://singingcarrots.com/artist-range?artist=Zac%20Brown%20Band
Mary,Zac Brown Band,B2,E4,https://singingcarrots.com/artist-range?artist=Zac%20Brown%20Band
My Old Man,Zac Brown Band,A2,E4,https://singingcarrots.com/artist-range?artist=Zac%20Brown%20Band
Natural Disaster,Zac Brown Band,A2,G#4,https://singingcarrots.com/artist-range?artist=Zac%20Brown%20Band
No Hurry,Zac Brown Band,A#2,G4,https://singingcarrots.com/artist-range?artist=Zac%20Brown%20Band
Overnight,Zac Brown Band,B2,G#4,https://singingcarrots.com/artist-range?artist=Zac%20Brown%20Band
Quiet Your Mind,Zac Brown Band,G2,A4,https://singingcarrots.com/artist-range?artist=Zac%20Brown%20Band
Settle Me Down,Zac Brown Band,D3,E4,https://singingcarrots.com/artist-range?artist=Zac%20Brown%20Band
Sic 'em on a Chicken,Zac Brown Band,G#2,A#3,https://singingcarrots.com/artist-range?artist=Zac%20Brown%20Band
Someone I Used to Know,Zac Brown Band,B2,G#4,https://singingcarrots.com/artist-range?artist=Zac%20Brown%20Band
Sweet Annie,Zac Brown Band,C3,F4,https://singingcarrots.com/artist-range?artist=Zac%20Brown%20Band
The Wind,Zac Brown Band,D3,G4,https://singingcarrots.com/artist-range?artist=Zac%20Brown%20Band
Toes,Zac Brown Band,A2,F4,https://singingcarrots.com/artist-range?artist=Zac%20Brown%20Band
Uncaged,Zac Brown Band,E3,G#4,https://singingcarrots.com/artist-range?artist=Zac%20Brown%20Band
Whiskey's Gone,Zac Brown Band,D3,A4,https://singingcarrots.com/artist-range?artist=Zac%20Brown%20Band
Who Knows,Zac Brown Band,B2,G4,https://singingcarrots.com/artist-range?artist=Zac%20Brown%20Band
